cohort,cohort_complete,case_execution_status,case_integrity_failures,chapter,hero,sample,difficulty,seed,actual_boss_seed,actual_boss_rng_seed,calibration_version,boss_hp_factor,boss_attack_factor,boss_skill_factor,weapon_template,ring_template,outcome,simulation_seconds,host_wall_seconds,hp_fraction,hp_loss,shield_absorbed,effective_player_healing,resource_empty_seconds,physics_steps,protocol_sha256,source_fingerprint
baseline_v8,True,ok,0,1,CH01,G2,4,1001,1001,1001,1,1.0,1.0,1.0,EQ03,EQ98,boss_defeated,30.2833333333329,9.301604,0.923918288563616,473.0,0.0,0.0,0.633333333333334,1817,5c8dfb5c456ff2346890c02ba73427db337e27a22ba91d83bded269d5ce03b6e,bee8814ecb5b873666c6f21dbf51d20a64250e4d6a82c41ab522eb1a0bc2c678
baseline_v8,True,ok,0,1,CH01,G2,4,1002,1002,1002,1,1.0,1.0,1.0,EQ03,EQ98,boss_defeated,32.2499999999995,10.620762,0.966543348882097,208.0,0.0,0.0,0.55,1935,5c8dfb5c456ff2346890c02ba73427db337e27a22ba91d83bded269d5ce03b6e,bee8814ecb5b873666c6f21dbf51d20a64250e4d6a82c41ab522eb1a0bc2c678
baseline_v8,True,ok,0,1,CH01,G2,4,1003,1003,1003,1,1.0,1.0,1.0,EQ03,EQ98,boss_defeated,34.1333333333327,10.212193,0.973299018819366,166.0,0.0,0.0,0.516666666666667,2048,5c8dfb5c456ff2346890c02ba73427db337e27a22ba91d83bded269d5ce03b6e,bee8814ecb5b873666c6f21dbf51d20a64250e4d6a82c41ab522eb1a0bc2c678
baseline_v8,True,ok,0,1,CH01,G2,4,1004,1004,1004,1,1.0,1.0,1.0,EQ03,EQ98,boss_defeated,31.4499999999995,9.879381,0.865369149107286,837.0,124.0,0.0,0.233333333333333,1887,5c8dfb5c456ff2346890c02ba73427db337e27a22ba91d83bded269d5ce03b6e,bee8814ecb5b873666c6f21dbf51d20a64250e4d6a82c41ab522eb1a0bc2c678
baseline_v8,True,ok,0,1,CH01,G2,4,1005,1005,1005,1,1.0,1.0,1.0,EQ03,EQ98,boss_defeated,35.4833333333326,12.551296,0.867460189802155,824.0,124.0,0.0,0.0,2129,5c8dfb5c456ff2346890c02ba73427db337e27a22ba91d83bded269d5ce03b6e,bee8814ecb5b873666c6f21dbf51d20a64250e4d6a82c41ab522eb1a0bc2c678
baseline_v8,True,ok,0,1,CH01,G2,4,1006,1006,1006,1,1.0,1.0,1.0,EQ03,EQ98,boss_defeated,31.4833333333328,9.685747,1.0,0.0,199.0,0.0,1.71666666666667,1889,5c8dfb5c456ff2346890c02ba73427db337e27a22ba91d83bded269d5ce03b6e,bee8814ecb5b873666c6f21dbf51d20a64250e4d6a82c41ab522eb1a0bc2c678
baseline_v8,True,ok,0,1,CH01,G2,4,1007,1007,1007,1,1.0,1.0,1.0,EQ03,EQ98,boss_defeated,42.0833333333322,12.241867,0.882258323950458,732.0,602.0,0.0,0.950000000000001,2525,5c8dfb5c456ff2346890c02ba73427db337e27a22ba91d83bded269d5ce03b6e,bee8814ecb5b873666c6f21dbf51d20a64250e4d6a82c41ab522eb1a0bc2c678
baseline_v8,True,ok,0,1,CH01,G2,4,1008,1008,1008,1,1.0,1.0,1.0,EQ03,EQ98,boss_defeated,29.2499999999996,9.240266,0.973138169535146,167.0,124.0,0.0,0.55,1755,5c8dfb5c456ff2346890c02ba73427db337e27a22ba91d83bded269d5ce03b6e,bee8814ecb5b873666c6f21dbf51d20a64250e4d6a82c41ab522eb1a0bc2c678
baseline_v8,True,ok,0,1,CH01,G2,4,1009,1009,1009,1,1.0,1.0,1.0,EQ03,EQ98,boss_defeated,45.0499999999987,15.4194,0.86376065626508,847.0,0.0,0.0,0.0,2703,5c8dfb5c456ff2346890c02ba73427db337e27a22ba91d83bded269d5ce03b6e,bee8814ecb5b873666c6f21dbf51d20a64250e4d6a82c41ab522eb1a0bc2c678
baseline_v8,True,ok,0,1,CH01,G2,4,1010,1010,1010,1,1.0,1.0,1.0,EQ03,EQ98,boss_defeated,38.8999999999991,12.719023,0.813575679588226,1159.0,124.0,0.0,0.0,2334,5c8dfb5c456ff2346890c02ba73427db337e27a22ba91d83bded269d5ce03b6e,bee8814ecb5b873666c6f21dbf51d20a64250e4d6a82c41ab522eb1a0bc2c678
baseline_v8,True,ok,0,1,CH01,P5,4,1001,1001,1001,1,1.0,1.0,1.0,EQ03,EQ98,boss_defeated,35.9166666666659,11.214482,0.761072261072261,1230.0,103.0,0.0,0.133333333333333,2155,5c8dfb5c456ff2346890c02ba73427db337e27a22ba91d83bded269d5ce03b6e,bee8814ecb5b873666c6f21dbf51d20a64250e4d6a82c41ab522eb1a0bc2c678
baseline_v8,True,ok,0,1,CH01,P5,4,1002,1002,1002,1,1.0,1.0,1.0,EQ03,EQ98,boss_defeated,36.3333333333326,11.256877,0.979020979020979,108.0,412.0,0.0,0.55,2180,5c8dfb5c456ff2346890c02ba73427db337e27a22ba91d83bded269d5ce03b6e,bee8814ecb5b873666c6f21dbf51d20a64250e4d6a82c41ab522eb1a0bc2c678
baseline_v8,True,ok,0,1,CH01,P5,4,1003,1003,1003,1,1.0,1.0,1.0,EQ03,EQ98,boss_defeated,42.7833333333322,13.309691,0.793900543900544,1061.0,0.0,0.0,0.0,2567,5c8dfb5c456ff2346890c02ba73427db337e27a22ba91d83bded269d5ce03b6e,bee8814ecb5b873666c6f21dbf51d20a64250e4d6a82c41ab522eb1a0bc2c678
baseline_v8,True,ok,0,1,CH01,P5,4,1004,1004,1004,1,1.0,1.0,1.0,EQ03,EQ98,boss_defeated,35.0999999999993,13.724214,0.798951048951049,1035.0,307.0,0.0,0.233333333333333,2106,5c8dfb5c456ff2346890c02ba73427db337e27a22ba91d83bded269d5ce03b6e,bee8814ecb5b873666c6f21dbf51d20a64250e4d6a82c41ab522eb1a0bc2c678
baseline_v8,True,ok,0,1,CH01,P5,4,1005,1005,1005,1,1.0,1.0,1.0,EQ03,EQ98,boss_defeated,33.0666666666661,11.534251,0.868104118104118,679.0,103.0,0.0,0.0,1984,5c8dfb5c456ff2346890c02ba73427db337e27a22ba91d83bded269d5ce03b6e,bee8814ecb5b873666c6f21dbf51d20a64250e4d6a82c41ab522eb1a0bc2c678
baseline_v8,True,ok,0,1,CH01,P5,4,1006,1006,1006,1,1.0,1.0,1.0,EQ03,EQ98,boss_defeated,33.4333333333327,10.732589,0.944055944055944,288.0,412.0,0.0,0.55,2006,5c8dfb5c456ff2346890c02ba73427db337e27a22ba91d83bded269d5ce03b6e,bee8814ecb5b873666c6f21dbf51d20a64250e4d6a82c41ab522eb1a0bc2c678
baseline_v8,True,ok,0,1,CH01,P5,4,1007,1007,1007,1,1.0,1.0,1.0,EQ03,EQ98,boss_defeated,38.8499999999991,11.501845,0.830808080808081,871.0,441.0,0.0,0.0,2331,5c8dfb5c456ff2346890c02ba73427db337e27a22ba91d83bded269d5ce03b6e,bee8814ecb5b873666c6f21dbf51d20a64250e4d6a82c41ab522eb1a0bc2c678
baseline_v8,True,ok,0,1,CH01,P5,4,1008,1008,1008,1,1.0,1.0,1.0,EQ03,EQ98,boss_defeated,31.2666666666662,10.912466,0.937257187257187,323.0,0.0,0.0,0.55,1876,5c8dfb5c456ff2346890c02ba73427db337e27a22ba91d83bded269d5ce03b6e,bee8814ecb5b873666c6f21dbf51d20a64250e4d6a82c41ab522eb1a0bc2c678
baseline_v8,True,ok,0,1,CH01,P5,4,1009,1009,1009,1,1.0,1.0,1.0,EQ03,EQ98,boss_defeated,42.3999999999989,13.355929,0.727466977466977,1403.0,206.0,0.0,0.0,2544,5c8dfb5c456ff2346890c02ba73427db337e27a22ba91d83bded269d5ce03b6e,bee8814ecb5b873666c6f21dbf51d20a64250e4d6a82c41ab522eb1a0bc2c678
baseline_v8,True,ok,0,1,CH01,P5,4,1010,1010,1010,1,1.0,1.0,1.0,EQ03,EQ98,boss_defeated,41.8166666666656,14.044875,0.4996114996115,2576.0,437.0,0.0,0.0,2509,5c8dfb5c456ff2346890c02ba73427db337e27a22ba91d83bded269d5ce03b6e,bee8814ecb5b873666c6f21dbf51d20a64250e4d6a82c41ab522eb1a0bc2c678
baseline_v8,True,ok,0,1,CH01,lowG2,4,1001,1001,1001,1,1.0,1.0,1.0,EQ03,EQ98,boss_defeated,35.9166666666659,11.286042,0.907494569152788,511.0,0.0,0.0,0.133333333333333,2155,5c8dfb5c456ff2346890c02ba73427db337e27a22ba91d83bded269d5ce03b6e,bee8814ecb5b873666c6f21dbf51d20a64250e4d6a82c41ab522eb1a0bc2c678
baseline_v8,True,ok,0,1,CH01,lowG2,4,1002,1002,1002,1,1.0,1.0,1.0,EQ03,EQ98,boss_defeated,32.3166666666661,10.12516,1.0,0.0,796.0,0.0,1.71666666666667,1939,5c8dfb5c456ff2346890c02ba73427db337e27a22ba91d83bded269d5ce03b6e,bee8814ecb5b873666c6f21dbf51d20a64250e4d6a82c41ab522eb1a0bc2c678
baseline_v8,True,ok,0,1,CH01,lowG2,4,1003,1003,1003,1,1.0,1.0,1.0,EQ03,EQ98,boss_defeated,40.299999999999,11.93436,0.822411296162201,981.0,0.0,0.0,0.0,2418,5c8dfb5c456ff2346890c02ba73427db337e27a22ba91d83bded269d5ce03b6e,bee8814ecb5b873666c6f21dbf51d20a64250e4d6a82c41ab522eb1a0bc2c678
baseline_v8,True,ok,0,1,CH01,lowG2,4,1004,1004,1004,1,1.0,1.0,1.0,EQ03,EQ98,boss_defeated,33.0833333333327,12.06809,0.911296162201303,490.0,0.0,0.0,0.233333333333333,1985,5c8dfb5c456ff2346890c02ba73427db337e27a22ba91d83bded269d5ce03b6e,bee8814ecb5b873666c6f21dbf51d20a64250e4d6a82c41ab522eb1a0bc2c678
baseline_v8,True,ok,0,1,CH01,lowG2,4,1005,1005,1005,1,1.0,1.0,1.0,EQ03,EQ98,boss_defeated,44.0333333333321,14.401383,0.929036929761043,392.0,0.0,0.0,0.0,2642,5c8dfb5c456ff2346890c02ba73427db337e27a22ba91d83bded269d5ce03b6e,bee8814ecb5b873666c6f21dbf51d20a64250e4d6a82c41ab522eb1a0bc2c678
baseline_v8,True,ok,0,1,CH01,lowG2,4,1006,1006,1006,1,1.0,1.0,1.0,EQ03,EQ98,boss_defeated,37.9333333333325,11.469827,0.929398986241854,390.0,442.0,0.0,0.55,2276,5c8dfb5c456ff2346890c02ba73427db337e27a22ba91d83bded269d5ce03b6e,bee8814ecb5b873666c6f21dbf51d20a64250e4d6a82c41ab522eb1a0bc2c678
baseline_v8,True,ok,0,1,CH01,lowG2,4,1007,1007,1007,1,1.0,1.0,1.0,EQ03,EQ98,boss_defeated,37.9833333333325,11.030621,0.763939174511224,1304.0,110.0,0.0,0.0,2279,5c8dfb5c456ff2346890c02ba73427db337e27a22ba91d83bded269d5ce03b6e,bee8814ecb5b873666c6f21dbf51d20a64250e4d6a82c41ab522eb1a0bc2c678
baseline_v8,True,ok,0,1,CH01,lowG2,4,1008,1008,1008,1,1.0,1.0,1.0,EQ03,EQ98,boss_defeated,29.4999999999996,10.507585,0.942976104272267,315.0,576.0,0.0,0.55,1770,5c8dfb5c456ff2346890c02ba73427db337e27a22ba91d83bded269d5ce03b6e,bee8814ecb5b873666c6f21dbf51d20a64250e4d6a82c41ab522eb1a0bc2c678
baseline_v8,True,ok,0,1,CH01,lowG2,4,1009,1009,1009,1,1.0,1.0,1.0,EQ03,EQ98,boss_defeated,37.4833333333325,12.129666,0.875090514120203,690.0,438.0,0.0,0.0,2249,5c8dfb5c456ff2346890c02ba73427db337e27a22ba91d83bded269d5ce03b6e,bee8814ecb5b873666c6f21dbf51d20a64250e4d6a82c41ab522eb1a0bc2c678
baseline_v8,True,ok,0,1,CH01,lowG2,4,1010,1010,1010,1,1.0,1.0,1.0,EQ03,EQ98,boss_defeated,43.9166666666655,15.317291,0.824040550325851,972.0,787.0,0.0,0.0,2635,5c8dfb5c456ff2346890c02ba73427db337e27a22ba91d83bded269d5ce03b6e,bee8814ecb5b873666c6f21dbf51d20a64250e4d6a82c41ab522eb1a0bc2c678
baseline_v8,True,ok,0,1,CH02,G2,4,1001,1001,1001,1,1.0,1.0,1.0,EQ04,EQ100,boss_defeated,26.8333333333331,8.418599,0.964525238263325,201.0,0.0,0.0,0.5,1610,5c8dfb5c456ff2346890c02ba73427db337e27a22ba91d83bded269d5ce03b6e,bee8814ecb5b873666c6f21dbf51d20a64250e4d6a82c41ab522eb1a0bc2c678
baseline_v8,True,ok,0,1,CH02,G2,4,1002,1002,1002,1,1.0,1.0,1.0,EQ04,EQ100,boss_defeated,27.3333333333331,9.893363,1.0,0.0,0.0,0.0,0.0,1640,5c8dfb5c456ff2346890c02ba73427db337e27a22ba91d83bded269d5ce03b6e,bee8814ecb5b873666c6f21dbf51d20a64250e4d6a82c41ab522eb1a0bc2c678
baseline_v8,True,ok,0,1,CH02,G2,4,1003,1003,1003,1,1.0,1.0,1.0,EQ04,EQ100,boss_defeated,29.2666666666663,11.729998,1.0,0.0,0.0,0.0,0.0,1756,5c8dfb5c456ff2346890c02ba73427db337e27a22ba91d83bded269d5ce03b6e,bee8814ecb5b873666c6f21dbf51d20a64250e4d6a82c41ab522eb1a0bc2c678
baseline_v8,True,ok,0,1,CH02,G2,4,1004,1004,1004,1,1.0,1.0,1.0,EQ04,EQ100,boss_defeated,30.9833333333329,9.936897,1.0,0.0,0.0,0.0,0.5,1859,5c8dfb5c456ff2346890c02ba73427db337e27a22ba91d83bded269d5ce03b6e,bee8814ecb5b873666c6f21dbf51d20a64250e4d6a82c41ab522eb1a0bc2c678
baseline_v8,True,ok,0,1,CH02,G2,4,1005,1005,1005,1,1.0,1.0,1.0,EQ04,EQ100,boss_defeated,25.1666666666665,9.267746,0.964878220967173,199.0,0.0,0.0,0.0,1510,5c8dfb5c456ff2346890c02ba73427db337e27a22ba91d83bded269d5ce03b6e,bee8814ecb5b873666c6f21dbf51d20a64250e4d6a82c41ab522eb1a0bc2c678
baseline_v8,True,ok,0,1,CH02,G2,4,1006,1006,1006,1,1.0,1.0,1.0,EQ04,EQ100,boss_defeated,32.0166666666661,11.511695,1.0,0.0,0.0,0.0,0.0,1921,5c8dfb5c456ff2346890c02ba73427db337e27a22ba91d83bded269d5ce03b6e,bee8814ecb5b873666c6f21dbf51d20a64250e4d6a82c41ab522eb1a0bc2c678
baseline_v8,True,ok,0,1,CH02,G2,4,1007,1007,1007,1,1.0,1.0,1.0,EQ04,EQ100,boss_defeated,38.0999999999991,13.711019,0.737204376985528,1489.0,113.0,0.0,0.0,2286,5c8dfb5c456ff2346890c02ba73427db337e27a22ba91d83bded269d5ce03b6e,bee8814ecb5b873666c6f21dbf51d20a64250e4d6a82c41ab522eb1a0bc2c678
baseline_v8,True,ok,0,1,CH02,G2,4,1008,1008,1008,1,1.0,1.0,1.0,EQ04,EQ100,boss_defeated,27.8999999999997,11.371243,0.945817154959407,307.0,0.0,0.0,0.0,1674,5c8dfb5c456ff2346890c02ba73427db337e27a22ba91d83bded269d5ce03b6e,bee8814ecb5b873666c6f21dbf51d20a64250e4d6a82c41ab522eb1a0bc2c678
baseline_v8,True,ok,0,1,CH02,G2,4,1009,1009,1009,1,1.0,1.0,1.0,EQ04,EQ100,boss_defeated,31.0166666666662,10.647212,0.892163783974585,611.0,113.0,0.0,0.0,1861,5c8dfb5c456ff2346890c02ba73427db337e27a22ba91d83bded269d5ce03b6e,bee8814ecb5b873666c6f21dbf51d20a64250e4d6a82c41ab522eb1a0bc2c678
baseline_v8,True,ok,0,1,CH02,G2,4,1010,1010,1010,1,1.0,1.0,1.0,EQ04,EQ100,boss_defeated,40.8666666666656,17.116047,1.0,683.0,113.0,683.0,0.5,2452,5c8dfb5c456ff2346890c02ba73427db337e27a22ba91d83bded269d5ce03b6e,bee8814ecb5b873666c6f21dbf51d20a64250e4d6a82c41ab522eb1a0bc2c678
baseline_v8,True,ok,0,1,CH02,P5,4,1001,1001,1001,1,1.0,1.0,1.0,EQ04,EQ100,boss_defeated,40.5666666666656,12.104492,0.932519280205656,315.0,93.0,0.0,0.5,2434,5c8dfb5c456ff2346890c02ba73427db337e27a22ba91d83bded269d5ce03b6e,bee8814ecb5b873666c6f21dbf51d20a64250e4d6a82c41ab522eb1a0bc2c678
baseline_v8,True,ok,0,1,CH02,P5,4,1002,1002,1002,1,1.0,1.0,1.0,EQ04,EQ100,boss_defeated,33.716666666666,10.856607,0.788560411311054,987.0,93.0,0.0,0.0,2023,5c8dfb5c456ff2346890c02ba73427db337e27a22ba91d83bded269d5ce03b6e,bee8814ecb5b873666c6f21dbf51d20a64250e4d6a82c41ab522eb1a0bc2c678
baseline_v8,True,ok,0,1,CH02,P5,4,1003,1003,1003,1,1.0,1.0,1.0,EQ04,EQ100,boss_defeated,35.7166666666659,14.837476,0.780419880034276,1025.0,93.0,0.0,0.0,2143,5c8dfb5c456ff2346890c02ba73427db337e27a22ba91d83bded269d5ce03b6e,bee8814ecb5b873666c6f21dbf51d20a64250e4d6a82c41ab522eb1a0bc2c678
baseline_v8,True,ok,0,1,CH02,P5,4,1004,1004,1004,1,1.0,1.0,1.0,EQ04,EQ100,boss_defeated,40.249999999999,15.664638,0.851113967437875,695.0,0.0,0.0,0.5,2415,5c8dfb5c456ff2346890c02ba73427db337e27a22ba91d83bded269d5ce03b6e,bee8814ecb5b873666c6f21dbf51d20a64250e4d6a82c41ab522eb1a0bc2c678
baseline_v8,True,ok,0,1,CH02,P5,4,1005,1005,1005,1,1.0,1.0,1.0,EQ04,EQ100,boss_defeated,34.3833333333327,11.741008,0.874892887746358,584.0,0.0,0.0,0.0,2063,5c8dfb5c456ff2346890c02ba73427db337e27a22ba91d83bded269d5ce03b6e,bee8814ecb5b873666c6f21dbf51d20a64250e4d6a82c41ab522eb1a0bc2c678
baseline_v8,True,ok,0,1,CH02,P5,4,1006,1006,1006,1,1.0,1.0,1.0,EQ04,EQ100,boss_defeated,33.0166666666661,11.772063,0.961868037703513,178.0,0.0,0.0,0.0,1981,5c8dfb5c456ff2346890c02ba73427db337e27a22ba91d83bded269d5ce03b6e,bee8814ecb5b873666c6f21dbf51d20a64250e4d6a82c41ab522eb1a0bc2c678
baseline_v8,True,ok,0,1,CH02,P5,4,1007,1007,1007,1,1.0,1.0,1.0,EQ04,EQ100,boss_defeated,35.6666666666659,12.542053,0.872964867180805,593.0,0.0,0.0,0.0,2140,5c8dfb5c456ff2346890c02ba73427db337e27a22ba91d83bded269d5ce03b6e,bee8814ecb5b873666c6f21dbf51d20a64250e4d6a82c41ab522eb1a0bc2c678
baseline_v8,True,ok,0,1,CH02,P5,4,1008,1008,1008,1,1.0,1.0,1.0,EQ04,EQ100,boss_defeated,39.6166666666657,13.908788,0.826906598114824,808.0,93.0,0.0,0.0,2377,5c8dfb5c456ff2346890c02ba73427db337e27a22ba91d83bded269d5ce03b6e,bee8814ecb5b873666c6f21dbf51d20a64250e4d6a82c41ab522eb1a0bc2c678
baseline_v8,True,ok,0,1,CH02,P5,4,1009,1009,1009,1,1.0,1.0,1.0,EQ04,EQ100,boss_defeated,33.6833333333327,14.342743,0.872964867180805,593.0,722.0,0.0,0.0,2021,5c8dfb5c456ff2346890c02ba73427db337e27a22ba91d83bded269d5ce03b6e,bee8814ecb5b873666c6f21dbf51d20a64250e4d6a82c41ab522eb1a0bc2c678
baseline_v8,True,ok,0,1,CH02,P5,4,1010,1010,1010,1,1.0,1.0,1.0,EQ04,EQ100,boss_defeated,36.4166666666659,14.968882,0.849400171379606,703.0,93.0,0.0,0.5,2185,5c8dfb5c456ff2346890c02ba73427db337e27a22ba91d83bded269d5ce03b6e,bee8814ecb5b873666c6f21dbf51d20a64250e4d6a82c41ab522eb1a0bc2c678
baseline_v8,True,ok,0,1,CH02,lowG2,4,1001,1001,1001,1,1.0,1.0,1.0,EQ04,EQ100,boss_defeated,33.0999999999994,10.358481,0.945680497093606,271.0,100.0,0.0,0.5,1986,5c8dfb5c456ff2346890c02ba73427db337e27a22ba91d83bded269d5ce03b6e,bee8814ecb5b873666c6f21dbf51d20a64250e4d6a82c41ab522eb1a0bc2c678
baseline_v8,True,ok,0,1,CH02,lowG2,4,1002,1002,1002,1,1.0,1.0,1.0,EQ04,EQ100,boss_defeated,32.5166666666661,10.628106,0.733613950691521,1329.0,300.0,0.0,0.0,1951,5c8dfb5c456ff2346890c02ba73427db337e27a22ba91d83bded269d5ce03b6e,bee8814ecb5b873666c6f21dbf51d20a64250e4d6a82c41ab522eb1a0bc2c678
baseline_v8,True,ok,0,1,CH02,lowG2,4,1003,1003,1003,1,1.0,1.0,1.0,EQ04,EQ100,boss_defeated,34.016666666666,10.771031,0.933453597915414,332.0,0.0,0.0,0.0,2041,5c8dfb5c456ff2346890c02ba73427db337e27a22ba91d83bded269d5ce03b6e,bee8814ecb5b873666c6f21dbf51d20a64250e4d6a82c41ab522eb1a0bc2c678
baseline_v8,True,ok,0,1,CH02,lowG2,4,1004,1004,1004,1,1.0,1.0,1.0,EQ04,EQ100,boss_defeated,33.7333333333327,12.622547,0.631789937863299,1837.0,100.0,0.0,0.5,2024,5c8dfb5c456ff2346890c02ba73427db337e27a22ba91d83bded269d5ce03b6e,bee8814ecb5b873666c6f21dbf51d20a64250e4d6a82c41ab522eb1a0bc2c678
baseline_v8,True,ok,0,1,CH02,lowG2,4,1005,1005,1005,1,1.0,1.0,1.0,EQ04,EQ100,boss_defeated,30.4499999999996,10.997027,0.956905191421127,215.0,0.0,0.0,0.0,1827,5c8dfb5c456ff2346890c02ba73427db337e27a22ba91d83bded269d5ce03b6e,bee8814ecb5b873666c6f21dbf51d20a64250e4d6a82c41ab522eb1a0bc2c678
baseline_v8,True,ok,0,1,CH02,lowG2,4,1006,1006,1006,1,1.0,1.0,1.0,EQ04,EQ100,boss_defeated,35.4333333333326,14.510658,0.883543796351974,581.0,0.0,0.0,0.0,2126,5c8dfb5c456ff2346890c02ba73427db337e27a22ba91d83bded269d5ce03b6e,bee8814ecb5b873666c6f21dbf51d20a64250e4d6a82c41ab522eb1a0bc2c678
baseline_v8,True,ok,0,1,CH02,lowG2,4,1007,1007,1007,1,1.0,1.0,1.0,EQ04,EQ100,boss_defeated,35.6833333333326,11.659368,0.859290438965725,702.0,100.0,0.0,0.0,2141,5c8dfb5c456ff2346890c02ba73427db337e27a22ba91d83bded269d5ce03b6e,bee8814ecb5b873666c6f21dbf51d20a64250e4d6a82c41ab522eb1a0bc2c678
baseline_v8,True,ok,0,1,CH02,lowG2,4,1008,1008,1008,1,1.0,1.0,1.0,EQ04,EQ100,boss_defeated,33.1999999999994,11.983431,0.824213269192223,877.0,0.0,0.0,0.0,1992,5c8dfb5c456ff2346890c02ba73427db337e27a22ba91d83bded269d5ce03b6e,bee8814ecb5b873666c6f21dbf51d20a64250e4d6a82c41ab522eb1a0bc2c678
baseline_v8,True,ok,0,1,CH02,lowG2,4,1009,1009,1009,1,1.0,1.0,1.0,EQ04,EQ100,boss_defeated,35.8999999999992,14.316409,0.841050310683504,793.0,180.0,0.0,0.0,2154,5c8dfb5c456ff2346890c02ba73427db337e27a22ba91d83bded269d5ce03b6e,bee8814ecb5b873666c6f21dbf51d20a64250e4d6a82c41ab522eb1a0bc2c678
baseline_v8,True,ok,0,1,CH02,lowG2,4,1010,1010,1010,1,1.0,1.0,1.0,EQ04,EQ100,boss_defeated,36.3333333333326,13.302874,0.802966526357988,983.0,0.0,0.0,0.5,2180,5c8dfb5c456ff2346890c02ba73427db337e27a22ba91d83bded269d5ce03b6e,bee8814ecb5b873666c6f21dbf51d20a64250e4d6a82c41ab522eb1a0bc2c678
baseline_v8,True,ok,0,1,CH03,G2,4,1001,1001,1001,1,1.0,1.0,1.0,EQ03,EQ98,boss_defeated,39.6333333333324,13.401569,0.88672503126675,634.0,224.0,0.0,0.0,2378,5c8dfb5c456ff2346890c02ba73427db337e27a22ba91d83bded269d5ce03b6e,bee8814ecb5b873666c6f21dbf51d20a64250e4d6a82c41ab522eb1a0bc2c678
baseline_v8,True,ok,0,1,CH03,G2,4,1002,1002,1002,1,1.0,1.0,1.0,EQ03,EQ98,boss_defeated,33.0333333333327,12.53915,0.903162408433089,542.0,224.0,0.0,0.0,1982,5c8dfb5c456ff2346890c02ba73427db337e27a22ba91d83bded269d5ce03b6e,bee8814ecb5b873666c6f21dbf51d20a64250e4d6a82c41ab522eb1a0bc2c678
baseline_v8,True,ok,0,1,CH03,G2,4,1003,1003,1003,1,1.0,1.0,1.0,EQ03,EQ98,boss_defeated,41.7333333333322,15.631563,0.72467393246382,1541.0,0.0,0.0,0.816666666666668,2504,5c8dfb5c456ff2346890c02ba73427db337e27a22ba91d83bded269d5ce03b6e,bee8814ecb5b873666c6f21dbf51d20a64250e4d6a82c41ab522eb1a0bc2c678
baseline_v8,True,ok,0,1,CH03,G2,4,1004,1004,1004,1,1.0,1.0,1.0,EQ03,EQ98,boss_defeated,45.833333333332,17.01931,0.788815436841165,1182.0,224.0,0.0,0.0,2750,5c8dfb5c456ff2346890c02ba73427db337e27a22ba91d83bded269d5ce03b6e,bee8814ecb5b873666c6f21dbf51d20a64250e4d6a82c41ab522eb1a0bc2c678
baseline_v8,True,ok,0,1,CH03,G2,4,1005,1005,1005,1,1.0,1.0,1.0,EQ03,EQ98,boss_defeated,31.8833333333328,11.408529,0.917991781311417,459.0,0.0,0.0,0.0,1913,5c8dfb5c456ff2346890c02ba73427db337e27a22ba91d83bded269d5ce03b6e,bee8814ecb5b873666c6f21dbf51d20a64250e4d6a82c41ab522eb1a0bc2c678
baseline_v8,True,ok,0,1,CH03,G2,4,1006,1006,1006,1,1.0,1.0,1.0,EQ03,EQ98,boss_defeated,38.9166666666657,13.404635,0.971234589958907,161.0,0.0,0.0,0.0,2335,5c8dfb5c456ff2346890c02ba73427db337e27a22ba91d83bded269d5ce03b6e,bee8814ecb5b873666c6f21dbf51d20a64250e4d6a82c41ab522eb1a0bc2c678
baseline_v8,True,ok,0,1,CH03,G2,4,1007,1007,1007,1,1.0,1.0,1.0,EQ03,EQ98,boss_defeated,40.9333333333323,13.60249,0.987135965695909,72.0,112.0,0.0,0.0,2456,5c8dfb5c456ff2346890c02ba73427db337e27a22ba91d83bded269d5ce03b6e,bee8814ecb5b873666c6f21dbf51d20a64250e4d6a82c41ab522eb1a0bc2c678
baseline_v8,True,ok,0,1,CH03,G2,4,1008,1008,1008,1,1.0,1.0,1.0,EQ03,EQ98,boss_defeated,42.6499999999989,20.529943,0.899946399857066,560.0,112.0,0.0,0.0,2559,5c8dfb5c456ff2346890c02ba73427db337e27a22ba91d83bded269d5ce03b6e,bee8814ecb5b873666c6f21dbf51d20a64250e4d6a82c41ab522eb1a0bc2c678
baseline_v8,True,ok,0,1,CH03,G2,4,1009,1009,1009,1,1.0,1.0,1.0,EQ03,EQ98,boss_defeated,43.5333333333321,16.460726,0.873860996962659,706.0,112.0,0.0,0.816666666666668,2612,5c8dfb5c456ff2346890c02ba73427db337e27a22ba91d83bded269d5ce03b6e,bee8814ecb5b873666c6f21dbf51d20a64250e4d6a82c41ab522eb1a0bc2c678
baseline_v8,True,ok,0,1,CH03,G2,4,1010,1010,1010,1,1.0,1.0,1.0,EQ03,EQ98,boss_defeated,44.0666666666654,15.145884,0.834018224048597,929.0,112.0,0.0,0.0,2644,5c8dfb5c456ff2346890c02ba73427db337e27a22ba91d83bded269d5ce03b6e,bee8814ecb5b873666c6f21dbf51d20a64250e4d6a82c41ab522eb1a0bc2c678
baseline_v8,True,ok,0,1,CH03,P5,4,1001,1001,1001,1,1.0,1.0,1.0,EQ03,EQ98,boss_defeated,48.7333333333318,16.885631,0.910373263888889,413.0,92.0,0.0,0.0,2924,5c8dfb5c456ff2346890c02ba73427db337e27a22ba91d83bded269d5ce03b6e,bee8814ecb5b873666c6f21dbf51d20a64250e4d6a82c41ab522eb1a0bc2c678
baseline_v8,True,ok,0,1,CH03,P5,4,1002,1002,1002,1,1.0,1.0,1.0,EQ03,EQ98,boss_defeated,40.149999999999,13.318595,0.894097222222222,488.0,0.0,0.0,0.800000000000001,2409,5c8dfb5c456ff2346890c02ba73427db337e27a22ba91d83bded269d5ce03b6e,bee8814ecb5b873666c6f21dbf51d20a64250e4d6a82c41ab522eb1a0bc2c678
baseline_v8,True,ok,0,1,CH03,P5,4,1003,1003,1003,1,1.0,1.0,1.0,EQ03,EQ98,boss_defeated,48.2166666666652,17.787004,0.849609375,693.0,0.0,0.0,0.816666666666668,2893,5c8dfb5c456ff2346890c02ba73427db337e27a22ba91d83bded269d5ce03b6e,bee8814ecb5b873666c6f21dbf51d20a64250e4d6a82c41ab522eb1a0bc2c678
baseline_v8,True,ok,0,1,CH03,P5,4,1004,1004,1004,1,1.0,1.0,1.0,EQ03,EQ98,boss_defeated,51.7999999999983,20.431069,0.962890625,171.0,0.0,0.0,0.0,3108,5c8dfb5c456ff2346890c02ba73427db337e27a22ba91d83bded269d5ce03b6e,bee8814ecb5b873666c6f21dbf51d20a64250e4d6a82c41ab522eb1a0bc2c678
baseline_v8,True,ok,0,1,CH03,P5,4,1005,1005,1005,1,1.0,1.0,1.0,EQ03,EQ98,boss_defeated,38.5833333333324,17.337138,0.875651041666667,573.0,92.0,0.0,0.0,2315,5c8dfb5c456ff2346890c02ba73427db337e27a22ba91d83bded269d5ce03b6e,bee8814ecb5b873666c6f21dbf51d20a64250e4d6a82c41ab522eb1a0bc2c678
baseline_v8,True,ok,0,1,CH03,P5,4,1006,1006,1006,1,1.0,1.0,1.0,EQ03,EQ98,boss_defeated,45.633333333332,18.314728,0.847439236111111,703.0,0.0,0.0,0.0,2738,5c8dfb5c456ff2346890c02ba73427db337e27a22ba91d83bded269d5ce03b6e,bee8814ecb5b873666c6f21dbf51d20a64250e4d6a82c41ab522eb1a0bc2c678
baseline_v8,True,ok,0,1,CH03,P5,4,1007,1007,1007,1,1.0,1.0,1.0,EQ03,EQ98,boss_defeated,49.5333333333318,16.167568,0.920572916666667,366.0,0.0,0.0,0.0,2972,5c8dfb5c456ff2346890c02ba73427db337e27a22ba91d83bded269d5ce03b6e,bee8814ecb5b873666c6f21dbf51d20a64250e4d6a82c41ab522eb1a0bc2c678
baseline_v8,True,ok,0,1,CH03,P5,4,1008,1008,1008,1,1.0,1.0,1.0,EQ03,EQ98,boss_defeated,49.3666666666651,19.58139,0.932508680555556,311.0,92.0,0.0,0.0,2962,5c8dfb5c456ff2346890c02ba73427db337e27a22ba91d83bded269d5ce03b6e,bee8814ecb5b873666c6f21dbf51d20a64250e4d6a82c41ab522eb1a0bc2c678
baseline_v8,True,ok,0,1,CH03,P5,4,1009,1009,1009,1,1.0,1.0,1.0,EQ03,EQ98,boss_defeated,55.8166666666648,20.167457,1.0,330.0,0.0,330.0,0.0,3349,5c8dfb5c456ff2346890c02ba73427db337e27a22ba91d83bded269d5ce03b6e,bee8814ecb5b873666c6f21dbf51d20a64250e4d6a82c41ab522eb1a0bc2c678
baseline_v8,True,ok,0,1,CH03,P5,4,1010,1010,1010,1,1.0,1.0,1.0,EQ03,EQ98,boss_defeated,50.2499999999984,17.761423,0.911892361111111,406.0,92.0,0.0,0.0,3015,5c8dfb5c456ff2346890c02ba73427db337e27a22ba91d83bded269d5ce03b6e,bee8814ecb5b873666c6f21dbf51d20a64250e4d6a82c41ab522eb1a0bc2c678
baseline_v8,True,ok,0,1,CH03,lowG2,4,1001,1001,1001,1,1.0,1.0,1.0,EQ03,EQ98,boss_defeated,44.0166666666655,16.999824,0.7842340511987,1062.0,196.0,0.0,0.0,2641,5c8dfb5c456ff2346890c02ba73427db337e27a22ba91d83bded269d5ce03b6e,bee8814ecb5b873666c6f21dbf51d20a64250e4d6a82c41ab522eb1a0bc2c678
baseline_v8,True,ok,0,1,CH03,lowG2,4,1002,1002,1002,1,1.0,1.0,1.0,EQ03,EQ98,boss_defeated,42.8666666666655,17.065306,0.853311661926046,722.0,0.0,0.0,0.0,2572,5c8dfb5c456ff2346890c02ba73427db337e27a22ba91d83bded269d5ce03b6e,bee8814ecb5b873666c6f21dbf51d20a64250e4d6a82c41ab522eb1a0bc2c678
baseline_v8,True,ok,0,1,CH03,lowG2,4,1003,1003,1003,1,1.0,1.0,1.0,EQ03,EQ98,boss_defeated,39.2166666666657,13.500807,0.96485168630638,173.0,0.0,0.0,0.0,2353,5c8dfb5c456ff2346890c02ba73427db337e27a22ba91d83bded269d5ce03b6e,bee8814ecb5b873666c6f21dbf51d20a64250e4d6a82c41ab522eb1a0bc2c678
baseline_v8,True,ok,0,1,CH03,lowG2,4,1004,1004,1004,1,1.0,1.0,1.0,EQ03,EQ98,boss_defeated,46.9833333333319,19.276822,0.86265745631857,676.0,196.0,0.0,0.0,2819,5c8dfb5c456ff2346890c02ba73427db337e27a22ba91d83bded269d5ce03b6e,bee8814ecb5b873666c6f21dbf51d20a64250e4d6a82c41ab522eb1a0bc2c678
baseline_v8,True,ok,0,1,CH03,lowG2,4,1005,1005,1005,1,1.0,1.0,1.0,EQ03,EQ98,boss_defeated,37.2499999999992,17.479115,1.0,0.0,0.0,0.0,0.800000000000001,2235,5c8dfb5c456ff2346890c02ba73427db337e27a22ba91d83bded269d5ce03b6e,bee8814ecb5b873666c6f21dbf51d20a64250e4d6a82c41ab522eb1a0bc2c678
baseline_v8,True,ok,0,1,CH03,lowG2,4,1006,1006,1006,1,1.0,1.0,1.0,EQ03,EQ98,boss_defeated,51.3499999999984,23.73878,0.800893945550589,980.0,612.0,0.0,0.0,3081,5c8dfb5c456ff2346890c02ba73427db337e27a22ba91d83bded269d5ce03b6e,bee8814ecb5b873666c6f21dbf51d20a64250e4d6a82c41ab522eb1a0bc2c678
baseline_v8,True,ok,0,1,CH03,lowG2,4,1007,1007,1007,1,1.0,1.0,1.0,EQ03,EQ98,boss_defeated,45.683333333332,20.304202,0.957740755790329,208.0,0.0,0.0,0.816666666666668,2741,5c8dfb5c456ff2346890c02ba73427db337e27a22ba91d83bded269d5ce03b6e,bee8814ecb5b873666c6f21dbf51d20a64250e4d6a82c41ab522eb1a0bc2c678
baseline_v8,True,ok,0,1,CH03,lowG2,4,1008,1008,1008,1,1.0,1.0,1.0,EQ03,EQ98,boss_defeated,33.9333333333327,14.267908,1.0,0.0,0.0,0.0,0.583333333333333,2036,5c8dfb5c456ff2346890c02ba73427db337e27a22ba91d83bded269d5ce03b6e,bee8814ecb5b873666c6f21dbf51d20a64250e4d6a82c41ab522eb1a0bc2c678
baseline_v8,True,ok,0,1,CH03,lowG2,4,1009,1009,1009,1,1.0,1.0,1.0,EQ03,EQ98,boss_defeated,51.7499999999983,18.205332,0.917106867127184,744.0,98.0,336.0,0.0,3105,5c8dfb5c456ff2346890c02ba73427db337e27a22ba91d83bded269d5ce03b6e,bee8814ecb5b873666c6f21dbf51d20a64250e4d6a82c41ab522eb1a0bc2c678
baseline_v8,True,ok,0,1,CH03,lowG2,4,1010,1010,1010,1,1.0,1.0,1.0,EQ03,EQ98,boss_defeated,55.2833333333315,23.457102,0.558715969118245,2172.0,98.0,0.0,0.816666666666668,3317,5c8dfb5c456ff2346890c02ba73427db337e27a22ba91d83bded269d5ce03b6e,bee8814ecb5b873666c6f21dbf51d20a64250e4d6a82c41ab522eb1a0bc2c678
baseline_v8,True,ok,0,2,CH01,G2,4,1001,1001,1001,1,1.0,1.0,1.0,EQ06,EQ104,boss_defeated,36.3333333333326,11.634525,0.789109306350686,1884.0,103.0,300.0,0.0,2180,5c8dfb5c456ff2346890c02ba73427db337e27a22ba91d83bded269d5ce03b6e,bee8814ecb5b873666c6f21dbf51d20a64250e4d6a82c41ab522eb1a0bc2c678
baseline_v8,True,ok,0,2,CH01,G2,4,1002,1002,1002,1,1.0,1.0,1.0,EQ06,EQ104,boss_defeated,35.8999999999992,12.322443,0.832911729463454,1405.0,1002.0,150.0,0.0,2154,5c8dfb5c456ff2346890c02ba73427db337e27a22ba91d83bded269d5ce03b6e,bee8814ecb5b873666c6f21dbf51d20a64250e4d6a82c41ab522eb1a0bc2c678
baseline_v8,True,ok,0,2,CH01,G2,4,1003,1003,1003,1,1.0,1.0,1.0,EQ06,EQ104,boss_defeated,51.3833333333317,17.85896,0.847024364265744,1599.0,512.0,450.0,0.0,3083,5c8dfb5c456ff2346890c02ba73427db337e27a22ba91d83bded269d5ce03b6e,bee8814ecb5b873666c6f21dbf51d20a64250e4d6a82c41ab522eb1a0bc2c678
baseline_v8,True,ok,0,2,CH01,G2,4,1004,1004,1004,1,1.0,1.0,1.0,EQ06,EQ104,boss_defeated,51.866666666665,18.853212,0.943682598855013,2034.0,1121.0,1611.0,0.0,3112,5c8dfb5c456ff2346890c02ba73427db337e27a22ba91d83bded269d5ce03b6e,bee8814ecb5b873666c6f21dbf51d20a64250e4d6a82c41ab522eb1a0bc2c678
baseline_v8,True,ok,0,2,CH01,G2,4,1005,1005,1005,1,1.0,1.0,1.0,EQ06,EQ104,boss_defeated,30.8333333333329,9.277495,0.999068033550792,232.0,469.0,225.0,0.0,1850,5c8dfb5c456ff2346890c02ba73427db337e27a22ba91d83bded269d5ce03b6e,bee8814ecb5b873666c6f21dbf51d20a64250e4d6a82c41ab522eb1a0bc2c678
baseline_v8,True,ok,0,2,CH01,G2,4,1006,1006,1006,1,1.0,1.0,1.0,EQ06,EQ104,boss_defeated,40.3666666666657,12.410029,0.968180002662761,491.0,995.0,252.0,0.0,2422,5c8dfb5c456ff2346890c02ba73427db337e27a22ba91d83bded269d5ce03b6e,bee8814ecb5b873666c6f21dbf51d20a64250e4d6a82c41ab522eb1a0bc2c678
baseline_v8,True,ok,0,2,CH01,G2,4,1007,1007,1007,1,1.0,1.0,1.0,EQ06,EQ104,boss_defeated,38.0166666666658,10.540829,0.917986952469711,916.0,506.0,300.0,0.0,2281,5c8dfb5c456ff2346890c02ba73427db337e27a22ba91d83bded269d5ce03b6e,bee8814ecb5b873666c6f21dbf51d20a64250e4d6a82c41ab522eb1a0bc2c678
baseline_v8,True,ok,0,2,CH01,G2,4,1008,1008,1008,1,1.0,1.0,1.0,EQ06,EQ104,boss_defeated,36.5999999999992,14.490008,0.955931300758887,781.0,380.0,450.0,0.0,2196,5c8dfb5c456ff2346890c02ba73427db337e27a22ba91d83bded269d5ce03b6e,bee8814ecb5b873666c6f21dbf51d20a64250e4d6a82c41ab522eb1a0bc2c678
baseline_v8,True,ok,0,2,CH01,G2,4,1009,1009,1009,1,1.0,1.0,1.0,EQ06,EQ104,boss_defeated,42.0499999999989,16.464735,0.948741845293569,760.0,964.0,375.0,0.0,2523,5c8dfb5c456ff2346890c02ba73427db337e27a22ba91d83bded269d5ce03b6e,bee8814ecb5b873666c6f21dbf51d20a64250e4d6a82c41ab522eb1a0bc2c678
baseline_v8,True,ok,0,2,CH01,G2,4,1010,1010,1010,1,1.0,1.0,1.0,EQ06,EQ104,boss_defeated,33.8833333333327,9.97189,1.0,26.0,346.0,26.0,0.0,2033,5c8dfb5c456ff2346890c02ba73427db337e27a22ba91d83bded269d5ce03b6e,bee8814ecb5b873666c6f21dbf51d20a64250e4d6a82c41ab522eb1a0bc2c678
baseline_v8,True,ok,0,2,CH01,P5,4,1001,1001,1001,1,1.0,1.0,1.0,EQ06,EQ104,boss_defeated,40.399999999999,13.873088,0.881511254019293,1109.0,737.0,372.0,0.0,2424,5c8dfb5c456ff2346890c02ba73427db337e27a22ba91d83bded269d5ce03b6e,bee8814ecb5b873666c6f21dbf51d20a64250e4d6a82c41ab522eb1a0bc2c678
baseline_v8,True,ok,0,2,CH01,P5,4,1002,1002,1002,1,1.0,1.0,1.0,EQ06,EQ104,boss_defeated,33.0499999999994,9.857473,0.890996784565916,864.0,214.0,186.0,0.0,1983,5c8dfb5c456ff2346890c02ba73427db337e27a22ba91d83bded269d5ce03b6e,bee8814ecb5b873666c6f21dbf51d20a64250e4d6a82c41ab522eb1a0bc2c678
baseline_v8,True,ok,0,2,CH01,P5,4,1003,1003,1003,1,1.0,1.0,1.0,EQ06,EQ104,boss_defeated,42.1666666666656,16.592311,0.839228295819936,1310.0,334.0,310.0,0.0,2530,5c8dfb5c456ff2346890c02ba73427db337e27a22ba91d83bded269d5ce03b6e,bee8814ecb5b873666c6f21dbf51d20a64250e4d6a82c41ab522eb1a0bc2c678
baseline_v8,True,ok,0,2,CH01,P5,4,1004,1004,1004,1,1.0,1.0,1.0,EQ06,EQ104,boss_defeated,48.1166666666652,20.864329,0.887781350482315,1132.0,182.0,434.0,0.0,2887,5c8dfb5c456ff2346890c02ba73427db337e27a22ba91d83bded269d5ce03b6e,bee8814ecb5b873666c6f21dbf51d20a64250e4d6a82c41ab522eb1a0bc2c678
baseline_v8,True,ok,0,2,CH01,P5,4,1005,1005,1005,1,1.0,1.0,1.0,EQ06,EQ104,boss_defeated,37.7333333333325,11.486836,1.0,34.0,943.0,34.0,0.0,2264,5c8dfb5c456ff2346890c02ba73427db337e27a22ba91d83bded269d5ce03b6e,bee8814ecb5b873666c6f21dbf51d20a64250e4d6a82c41ab522eb1a0bc2c678
baseline_v8,True,ok,0,2,CH01,P5,4,1006,1006,1006,1,1.0,1.0,1.0,EQ06,EQ104,boss_defeated,37.3833333333325,13.021588,0.955948553054662,398.0,0.0,124.0,0.0,2243,5c8dfb5c456ff2346890c02ba73427db337e27a22ba91d83bded269d5ce03b6e,bee8814ecb5b873666c6f21dbf51d20a64250e4d6a82c41ab522eb1a0bc2c678
baseline_v8,True,ok,0,2,CH01,P5,4,1007,1007,1007,1,1.0,1.0,1.0,EQ06,EQ104,boss_defeated,41.3166666666656,11.390396,1.0,240.0,1008.0,240.0,0.0,2479,5c8dfb5c456ff2346890c02ba73427db337e27a22ba91d83bded269d5ce03b6e,bee8814ecb5b873666c6f21dbf51d20a64250e4d6a82c41ab522eb1a0bc2c678
baseline_v8,True,ok,0,2,CH01,P5,4,1008,1008,1008,1,1.0,1.0,1.0,EQ06,EQ104,boss_defeated,46.5999999999986,14.016771,0.868167202572347,1192.0,1103.0,372.0,0.0,2796,5c8dfb5c456ff2346890c02ba73427db337e27a22ba91d83bded269d5ce03b6e,bee8814ecb5b873666c6f21dbf51d20a64250e4d6a82c41ab522eb1a0bc2c678
baseline_v8,True,ok,0,2,CH01,P5,4,1009,1009,1009,1,1.0,1.0,1.0,EQ06,EQ104,boss_defeated,43.7999999999988,16.912139,0.993890675241158,1583.0,990.0,1545.0,0.0,2628,5c8dfb5c456ff2346890c02ba73427db337e27a22ba91d83bded269d5ce03b6e,bee8814ecb5b873666c6f21dbf51d20a64250e4d6a82c41ab522eb1a0bc2c678
baseline_v8,True,ok,0,2,CH01,P5,4,1010,1010,1010,1,1.0,1.0,1.0,EQ06,EQ104,boss_defeated,36.9333333333325,11.143231,0.909485530546624,749.0,36.0,186.0,0.0,2216,5c8dfb5c456ff2346890c02ba73427db337e27a22ba91d83bded269d5ce03b6e,bee8814ecb5b873666c6f21dbf51d20a64250e4d6a82c41ab522eb1a0bc2c678
baseline_v8,True,ok,0,2,CH01,lowG2,4,1001,1001,1001,1,1.0,1.0,1.0,EQ06,EQ104,boss_defeated,37.8833333333325,11.084943,0.876441515650741,1160.0,268.0,335.0,0.0,2273,5c8dfb5c456ff2346890c02ba73427db337e27a22ba91d83bded269d5ce03b6e,bee8814ecb5b873666c6f21dbf51d20a64250e4d6a82c41ab522eb1a0bc2c678
baseline_v8,True,ok,0,2,CH01,lowG2,4,1002,1002,1002,1,1.0,1.0,1.0,EQ06,EQ104,boss_defeated,33.3999999999994,12.415497,0.777594728171334,1686.0,403.0,201.0,0.0,2004,5c8dfb5c456ff2346890c02ba73427db337e27a22ba91d83bded269d5ce03b6e,bee8814ecb5b873666c6f21dbf51d20a64250e4d6a82c41ab522eb1a0bc2c678
baseline_v8,True,ok,0,2,CH01,lowG2,4,1003,1003,1003,1,1.0,1.0,1.0,EQ06,EQ104,boss_defeated,39.7166666666657,12.908714,0.861015426089561,1196.0,1060.0,268.0,0.0,2383,5c8dfb5c456ff2346890c02ba73427db337e27a22ba91d83bded269d5ce03b6e,bee8814ecb5b873666c6f21dbf51d20a64250e4d6a82c41ab522eb1a0bc2c678
baseline_v8,True,ok,0,2,CH01,lowG2,4,1004,1004,1004,1,1.0,1.0,1.0,EQ06,EQ104,boss_defeated,49.3166666666651,18.460817,0.779242174629325,1943.0,925.0,469.0,0.0,2959,5c8dfb5c456ff2346890c02ba73427db337e27a22ba91d83bded269d5ce03b6e,bee8814ecb5b873666c6f21dbf51d20a64250e4d6a82c41ab522eb1a0bc2c678
baseline_v8,True,ok,0,2,CH01,lowG2,4,1005,1005,1005,1,1.0,1.0,1.0,EQ06,EQ104,boss_defeated,35.4499999999993,12.978744,1.0,35.0,457.0,35.0,0.0,2127,5c8dfb5c456ff2346890c02ba73427db337e27a22ba91d83bded269d5ce03b6e,bee8814ecb5b873666c6f21dbf51d20a64250e4d6a82c41ab522eb1a0bc2c678
baseline_v8,True,ok,0,2,CH01,lowG2,4,1006,1006,1006,1,1.0,1.0,1.0,EQ06,EQ104,boss_defeated,42.0833333333322,13.779337,0.988917178373521,543.0,1248.0,469.0,0.0,2525,5c8dfb5c456ff2346890c02ba73427db337e27a22ba91d83bded269d5ce03b6e,bee8814ecb5b873666c6f21dbf51d20a64250e4d6a82c41ab522eb1a0bc2c678
baseline_v8,True,ok,0,2,CH01,lowG2,4,1007,1007,1007,1,1.0,1.0,1.0,EQ06,EQ104,boss_defeated,42.0833333333322,13.378348,0.869102890519694,1039.0,944.0,165.0,0.0,2525,5c8dfb5c456ff2346890c02ba73427db337e27a22ba91d83bded269d5ce03b6e,bee8814ecb5b873666c6f21dbf51d20a64250e4d6a82c41ab522eb1a0bc2c678
baseline_v8,True,ok,0,2,CH01,lowG2,4,1008,1008,1008,1,1.0,1.0,1.0,EQ06,EQ104,boss_defeated,41.6999999999989,13.231837,0.983675303279916,511.0,765.0,402.0,0.0,2502,5c8dfb5c456ff2346890c02ba73427db337e27a22ba91d83bded269d5ce03b6e,bee8814ecb5b873666c6f21dbf51d20a64250e4d6a82c41ab522eb1a0bc2c678
baseline_v8,True,ok,0,2,CH01,lowG2,4,1009,1009,1009,1,1.0,1.0,1.0,EQ06,EQ104,boss_defeated,50.3333333333318,20.728654,0.873296390594578,1315.0,1182.0,469.0,0.0,3020,5c8dfb5c456ff2346890c02ba73427db337e27a22ba91d83bded269d5ce03b6e,bee8814ecb5b873666c6f21dbf51d20a64250e4d6a82c41ab522eb1a0bc2c678
baseline_v8,True,ok,0,2,CH01,lowG2,4,1010,1010,1010,1,1.0,1.0,1.0,EQ06,EQ104,boss_defeated,37.6333333333325,11.645005,0.989366481952973,272.0,531.0,201.0,0.0,2258,5c8dfb5c456ff2346890c02ba73427db337e27a22ba91d83bded269d5ce03b6e,bee8814ecb5b873666c6f21dbf51d20a64250e4d6a82c41ab522eb1a0bc2c678
baseline_v8,True,ok,0,2,CH02,G2,4,1001,1001,1001,1,1.0,1.0,1.0,EQ05,EQ102,boss_defeated,29.8166666666663,13.011621,1.0,0.0,0.0,0.0,0.0,1789,5c8dfb5c456ff2346890c02ba73427db337e27a22ba91d83bded269d5ce03b6e,bee8814ecb5b873666c6f21dbf51d20a64250e4d6a82c41ab522eb1a0bc2c678
baseline_v8,True,ok,0,2,CH02,G2,4,1002,1002,1002,1,1.0,1.0,1.0,EQ05,EQ102,boss_defeated,26.8833333333331,11.476174,1.0,308.0,272.0,308.0,0.0,1613,5c8dfb5c456ff2346890c02ba73427db337e27a22ba91d83bded269d5ce03b6e,bee8814ecb5b873666c6f21dbf51d20a64250e4d6a82c41ab522eb1a0bc2c678
baseline_v8,True,ok,0,2,CH02,G2,4,1003,1003,1003,1,1.0,1.0,1.0,EQ05,EQ102,boss_defeated,21.8833333333334,9.42239,0.97472607742878,173.0,274.0,0.0,0.0,1313,5c8dfb5c456ff2346890c02ba73427db337e27a22ba91d83bded269d5ce03b6e,bee8814ecb5b873666c6f21dbf51d20a64250e4d6a82c41ab522eb1a0bc2c678
baseline_v8,True,ok,0,2,CH02,G2,4,1004,1004,1004,1,1.0,1.0,1.0,EQ05,EQ102,boss_defeated,25.1333333333332,9.1782,0.984222059897736,244.0,274.0,136.0,0.0,1508,5c8dfb5c456ff2346890c02ba73427db337e27a22ba91d83bded269d5ce03b6e,bee8814ecb5b873666c6f21dbf51d20a64250e4d6a82c41ab522eb1a0bc2c678
baseline_v8,True,ok,0,2,CH02,G2,4,1005,1005,1005,1,1.0,1.0,1.0,EQ05,EQ102,boss_defeated,25.3333333333332,9.077321,0.996932067202338,21.0,264.0,0.0,0.0,1520,5c8dfb5c456ff2346890c02ba73427db337e27a22ba91d83bded269d5ce03b6e,bee8814ecb5b873666c6f21dbf51d20a64250e4d6a82c41ab522eb1a0bc2c678
baseline_v8,True,ok,0,2,CH02,G2,4,1006,1006,1006,1,1.0,1.0,1.0,EQ05,EQ102,boss_defeated,29.6666666666663,11.559189,1.0,45.0,176.0,45.0,0.0,1780,5c8dfb5c456ff2346890c02ba73427db337e27a22ba91d83bded269d5ce03b6e,bee8814ecb5b873666c6f21dbf51d20a64250e4d6a82c41ab522eb1a0bc2c678
baseline_v8,True,ok,0,2,CH02,G2,4,1007,1007,1007,1,1.0,1.0,1.0,EQ05,EQ102,boss_defeated,26.9166666666664,12.534534,0.987289992695398,223.0,38.0,136.0,0.0,1615,5c8dfb5c456ff2346890c02ba73427db337e27a22ba91d83bded269d5ce03b6e,bee8814ecb5b873666c6f21dbf51d20a64250e4d6a82c41ab522eb1a0bc2c678
baseline_v8,True,ok,0,2,CH02,G2,4,1008,1008,1008,1,1.0,1.0,1.0,EQ05,EQ102,boss_defeated,32.3999999999994,13.893662,0.913513513513514,728.0,37.0,136.0,0.0,1944,5c8dfb5c456ff2346890c02ba73427db337e27a22ba91d83bded269d5ce03b6e,bee8814ecb5b873666c6f21dbf51d20a64250e4d6a82c41ab522eb1a0bc2c678
baseline_v8,True,ok,0,2,CH02,G2,4,1009,1009,1009,1,1.0,1.0,1.0,EQ05,EQ102,boss_defeated,30.8333333333329,14.08558,1.0,0.0,0.0,0.0,0.0,1850,5c8dfb5c456ff2346890c02ba73427db337e27a22ba91d83bded269d5ce03b6e,bee8814ecb5b873666c6f21dbf51d20a64250e4d6a82c41ab522eb1a0bc2c678
baseline_v8,True,ok,0,2,CH02,G2,4,1010,1010,1010,1,1.0,1.0,1.0,EQ05,EQ102,boss_defeated,22.9166666666666,7.956499,1.0,0.0,204.0,0.0,0.0,1375,5c8dfb5c456ff2346890c02ba73427db337e27a22ba91d83bded269d5ce03b6e,bee8814ecb5b873666c6f21dbf51d20a64250e4d6a82c41ab522eb1a0bc2c678
baseline_v8,True,ok,0,2,CH02,P5,4,1001,1001,1001,1,1.0,1.0,1.0,EQ05,EQ102,boss_defeated,31.9166666666661,11.757024,0.968085106382979,251.0,413.0,71.0,0.0,1915,5c8dfb5c456ff2346890c02ba73427db337e27a22ba91d83bded269d5ce03b6e,bee8814ecb5b873666c6f21dbf51d20a64250e4d6a82c41ab522eb1a0bc2c678
baseline_v8,True,ok,0,2,CH02,P5,4,1002,1002,1002,1,1.0,1.0,1.0,EQ05,EQ102,boss_defeated,32.4333333333328,13.788804,0.883333333333333,714.0,669.0,56.0,0.0,1946,5c8dfb5c456ff2346890c02ba73427db337e27a22ba91d83bded269d5ce03b6e,bee8814ecb5b873666c6f21dbf51d20a64250e4d6a82c41ab522eb1a0bc2c678
baseline_v8,True,ok,0,2,CH02,P5,4,1003,1003,1003,1,1.0,1.0,1.0,EQ05,EQ102,boss_defeated,31.2333333333328,13.366783,1.0,0.0,0.0,0.0,0.0,1874,5c8dfb5c456ff2346890c02ba73427db337e27a22ba91d83bded269d5ce03b6e,bee8814ecb5b873666c6f21dbf51d20a64250e4d6a82c41ab522eb1a0bc2c678
baseline_v8,True,ok,0,2,CH02,P5,4,1004,1004,1004,1,1.0,1.0,1.0,EQ05,EQ102,boss_defeated,35.6833333333326,16.42326,1.0,10.0,217.0,10.0,0.0,2141,5c8dfb5c456ff2346890c02ba73427db337e27a22ba91d83bded269d5ce03b6e,bee8814ecb5b873666c6f21dbf51d20a64250e4d6a82c41ab522eb1a0bc2c678
baseline_v8,True,ok,0,2,CH02,P5,4,1005,1005,1005,1,1.0,1.0,1.0,EQ05,EQ102,boss_defeated,27.983333333333,12.508428,1.0,10.0,217.0,10.0,0.0,1679,5c8dfb5c456ff2346890c02ba73427db337e27a22ba91d83bded269d5ce03b6e,bee8814ecb5b873666c6f21dbf51d20a64250e4d6a82c41ab522eb1a0bc2c678
baseline_v8,True,ok,0,2,CH02,P5,4,1006,1006,1006,1,1.0,1.0,1.0,EQ05,EQ102,boss_defeated,29.133333333333,10.036834,1.0,0.0,0.0,0.0,0.0,1748,5c8dfb5c456ff2346890c02ba73427db337e27a22ba91d83bded269d5ce03b6e,bee8814ecb5b873666c6f21dbf51d20a64250e4d6a82c41ab522eb1a0bc2c678
baseline_v8,True,ok,0,2,CH02,P5,4,1007,1007,1007,1,1.0,1.0,1.0,EQ05,EQ102,boss_defeated,31.1499999999995,12.543452,1.0,32.0,624.0,32.0,0.0,1869,5c8dfb5c456ff2346890c02ba73427db337e27a22ba91d83bded269d5ce03b6e,bee8814ecb5b873666c6f21dbf51d20a64250e4d6a82c41ab522eb1a0bc2c678
baseline_v8,True,ok,0,2,CH02,P5,4,1008,1008,1008,1,1.0,1.0,1.0,EQ05,EQ102,boss_defeated,28.083333333333,12.712728,1.0,15.0,202.0,15.0,0.0,1685,5c8dfb5c456ff2346890c02ba73427db337e27a22ba91d83bded269d5ce03b6e,bee8814ecb5b873666c6f21dbf51d20a64250e4d6a82c41ab522eb1a0bc2c678
baseline_v8,True,ok,0,2,CH02,P5,4,1009,1009,1009,1,1.0,1.0,1.0,EQ05,EQ102,boss_defeated,28.1499999999997,11.683936,1.0,1.0,226.0,1.0,0.0,1689,5c8dfb5c456ff2346890c02ba73427db337e27a22ba91d83bded269d5ce03b6e,bee8814ecb5b873666c6f21dbf51d20a64250e4d6a82c41ab522eb1a0bc2c678
baseline_v8,True,ok,0,2,CH02,P5,4,1010,1010,1010,1,1.0,1.0,1.0,EQ05,EQ102,boss_defeated,29.4333333333329,12.836366,0.999822695035461,370.0,226.0,369.0,0.0,1766,5c8dfb5c456ff2346890c02ba73427db337e27a22ba91d83bded269d5ce03b6e,bee8814ecb5b873666c6f21dbf51d20a64250e4d6a82c41ab522eb1a0bc2c678
baseline_v8,True,ok,0,2,CH02,lowG2,4,1001,1001,1001,1,1.0,1.0,1.0,EQ05,EQ102,boss_defeated,33.4833333333327,14.98131,0.872636815920398,830.0,482.0,62.0,0.0,2009,5c8dfb5c456ff2346890c02ba73427db337e27a22ba91d83bded269d5ce03b6e,bee8814ecb5b873666c6f21dbf51d20a64250e4d6a82c41ab522eb1a0bc2c678
baseline_v8,True,ok,0,2,CH02,lowG2,4,1002,1002,1002,1,1.0,1.0,1.0,EQ05,EQ102,boss_defeated,28.683333333333,13.276685,1.0,0.0,0.0,0.0,0.0,1721,5c8dfb5c456ff2346890c02ba73427db337e27a22ba91d83bded269d5ce03b6e,bee8814ecb5b873666c6f21dbf51d20a64250e4d6a82c41ab522eb1a0bc2c678
baseline_v8,True,ok,0,2,CH02,lowG2,4,1003,1003,1003,1,1.0,1.0,1.0,EQ05,EQ102,boss_defeated,30.7666666666662,14.242446,0.981757877280265,187.0,607.0,77.0,0.0,1846,5c8dfb5c456ff2346890c02ba73427db337e27a22ba91d83bded269d5ce03b6e,bee8814ecb5b873666c6f21dbf51d20a64250e4d6a82c41ab522eb1a0bc2c678
baseline_v8,True,ok,0,2,CH02,lowG2,4,1004,1004,1004,1,1.0,1.0,1.0,EQ05,EQ102,boss_defeated,33.916666666666,13.49138,0.952238805970149,468.0,80.0,180.0,0.0,2035,5c8dfb5c456ff2346890c02ba73427db337e27a22ba91d83bded269d5ce03b6e,bee8814ecb5b873666c6f21dbf51d20a64250e4d6a82c41ab522eb1a0bc2c678
baseline_v8,True,ok,0,2,CH02,lowG2,4,1005,1005,1005,1,1.0,1.0,1.0,EQ05,EQ102,boss_defeated,28.3666666666663,12.771712,1.0,0.0,232.0,0.0,0.0,1702,5c8dfb5c456ff2346890c02ba73427db337e27a22ba91d83bded269d5ce03b6e,bee8814ecb5b873666c6f21dbf51d20a64250e4d6a82c41ab522eb1a0bc2c678
baseline_v8,True,ok,0,2,CH02,lowG2,4,1006,1006,1006,1,1.0,1.0,1.0,EQ05,EQ102,boss_defeated,33.6999999999994,15.716702,0.971475953565506,232.0,0.0,60.0,0.0,2022,5c8dfb5c456ff2346890c02ba73427db337e27a22ba91d83bded269d5ce03b6e,bee8814ecb5b873666c6f21dbf51d20a64250e4d6a82c41ab522eb1a0bc2c678
baseline_v8,True,ok,0,2,CH02,lowG2,4,1007,1007,1007,1,1.0,1.0,1.0,EQ05,EQ102,boss_defeated,28.783333333333,11.886604,0.973134328358209,237.0,201.0,75.0,0.0,1727,5c8dfb5c456ff2346890c02ba73427db337e27a22ba91d83bded269d5ce03b6e,bee8814ecb5b873666c6f21dbf51d20a64250e4d6a82c41ab522eb1a0bc2c678
baseline_v8,True,ok,0,2,CH02,lowG2,4,1008,1008,1008,1,1.0,1.0,1.0,EQ05,EQ102,boss_defeated,29.083333333333,10.165458,1.0,0.0,0.0,0.0,0.0,1745,5c8dfb5c456ff2346890c02ba73427db337e27a22ba91d83bded269d5ce03b6e,bee8814ecb5b873666c6f21dbf51d20a64250e4d6a82c41ab522eb1a0bc2c678
baseline_v8,True,ok,0,2,CH02,lowG2,4,1009,1009,1009,1,1.0,1.0,1.0,EQ05,EQ102,boss_defeated,30.7166666666662,16.364814,1.0,0.0,1251.0,0.0,0.0,1843,5c8dfb5c456ff2346890c02ba73427db337e27a22ba91d83bded269d5ce03b6e,bee8814ecb5b873666c6f21dbf51d20a64250e4d6a82c41ab522eb1a0bc2c678
baseline_v8,True,ok,0,2,CH02,lowG2,4,1010,1010,1010,1,1.0,1.0,1.0,EQ05,EQ102,boss_defeated,31.2499999999995,16.401109,1.0,576.0,473.0,576.0,0.0,1875,5c8dfb5c456ff2346890c02ba73427db337e27a22ba91d83bded269d5ce03b6e,bee8814ecb5b873666c6f21dbf51d20a64250e4d6a82c41ab522eb1a0bc2c678
baseline_v8,True,ok,0,2,CH03,G2,4,1001,1001,1001,1,1.0,1.0,1.0,EQ05,EQ102,boss_defeated,38.3166666666658,16.746834,0.884370841342599,986.0,983.0,204.0,0.800000000000001,2299,5c8dfb5c456ff2346890c02ba73427db337e27a22ba91d83bded269d5ce03b6e,bee8814ecb5b873666c6f21dbf51d20a64250e4d6a82c41ab522eb1a0bc2c678
baseline_v8,True,ok,0,2,CH03,G2,4,1002,1002,1002,1,1.0,1.0,1.0,EQ05,EQ102,boss_defeated,33.6833333333327,12.182774,1.0,0.0,216.0,0.0,0.683333333333334,2021,5c8dfb5c456ff2346890c02ba73427db337e27a22ba91d83bded269d5ce03b6e,bee8814ecb5b873666c6f21dbf51d20a64250e4d6a82c41ab522eb1a0bc2c678
baseline_v8,True,ok,0,2,CH03,G2,4,1003,1003,1003,1,1.0,1.0,1.0,EQ05,EQ102,boss_defeated,32.5666666666661,13.902595,0.906550347478929,768.0,271.0,136.0,0.0,1954,5c8dfb5c456ff2346890c02ba73427db337e27a22ba91d83bded269d5ce03b6e,bee8814ecb5b873666c6f21dbf51d20a64250e4d6a82c41ab522eb1a0bc2c678
baseline_v8,True,ok,0,2,CH03,G2,4,1004,1004,1004,1,1.0,1.0,1.0,EQ05,EQ102,boss_defeated,39.5666666666657,14.249299,0.92872985361526,822.0,310.0,340.0,0.0,2374,5c8dfb5c456ff2346890c02ba73427db337e27a22ba91d83bded269d5ce03b6e,bee8814ecb5b873666c6f21dbf51d20a64250e4d6a82c41ab522eb1a0bc2c678
baseline_v8,True,ok,0,2,CH03,G2,4,1005,1005,1005,1,1.0,1.0,1.0,EQ05,EQ102,boss_defeated,35.8499999999992,15.207845,0.950170042880379,405.0,234.0,68.0,0.0,2151,5c8dfb5c456ff2346890c02ba73427db337e27a22ba91d83bded269d5ce03b6e,bee8814ecb5b873666c6f21dbf51d20a64250e4d6a82c41ab522eb1a0bc2c678
baseline_v8,True,ok,0,2,CH03,G2,4,1006,1006,1006,1,1.0,1.0,1.0,EQ05,EQ102,boss_defeated,34.1833333333327,12.973353,0.870471684163833,1012.0,584.0,136.0,0.0,2051,5c8dfb5c456ff2346890c02ba73427db337e27a22ba91d83bded269d5ce03b6e,bee8814ecb5b873666c6f21dbf51d20a64250e4d6a82c41ab522eb1a0bc2c678
baseline_v8,True,ok,0,2,CH03,G2,4,1007,1007,1007,1,1.0,1.0,1.0,EQ05,EQ102,boss_defeated,36.1333333333326,15.403547,0.949430726009168,614.0,271.0,272.0,0.0,2168,5c8dfb5c456ff2346890c02ba73427db337e27a22ba91d83bded269d5ce03b6e,bee8814ecb5b873666c6f21dbf51d20a64250e4d6a82c41ab522eb1a0bc2c678
baseline_v8,True,ok,0,2,CH03,G2,4,1008,1008,1008,1,1.0,1.0,1.0,EQ05,EQ102,boss_defeated,36.5666666666659,16.935709,1.0,143.0,722.0,143.0,0.183333333333333,2194,5c8dfb5c456ff2346890c02ba73427db337e27a22ba91d83bded269d5ce03b6e,bee8814ecb5b873666c6f21dbf51d20a64250e4d6a82c41ab522eb1a0bc2c678
baseline_v8,True,ok,0,2,CH03,G2,4,1009,1009,1009,1,1.0,1.0,1.0,EQ05,EQ102,boss_defeated,40.949999999999,20.262679,0.983291438710631,181.0,271.0,68.0,0.0,2457,5c8dfb5c456ff2346890c02ba73427db337e27a22ba91d83bded269d5ce03b6e,bee8814ecb5b873666c6f21dbf51d20a64250e4d6a82c41ab522eb1a0bc2c678
baseline_v8,True,ok,0,2,CH03,G2,4,1010,1010,1010,1,1.0,1.0,1.0,EQ05,EQ102,boss_defeated,35.4666666666659,17.160291,1.0,503.0,271.0,503.0,0.0,2128,5c8dfb5c456ff2346890c02ba73427db337e27a22ba91d83bded269d5ce03b6e,bee8814ecb5b873666c6f21dbf51d20a64250e4d6a82c41ab522eb1a0bc2c678
baseline_v8,True,ok,0,2,CH03,P5,4,1001,1001,1001,1,1.0,1.0,1.0,EQ05,EQ102,boss_defeated,42.0666666666656,19.607214,0.882183908045977,712.0,0.0,56.0,0.0,2524,5c8dfb5c456ff2346890c02ba73427db337e27a22ba91d83bded269d5ce03b6e,bee8814ecb5b873666c6f21dbf51d20a64250e4d6a82c41ab522eb1a0bc2c678
baseline_v8,True,ok,0,2,CH03,P5,4,1002,1002,1002,1,1.0,1.0,1.0,EQ05,EQ102,boss_defeated,43.3499999999988,19.574,0.860632183908046,832.0,341.0,56.0,0.0,2601,5c8dfb5c456ff2346890c02ba73427db337e27a22ba91d83bded269d5ce03b6e,bee8814ecb5b873666c6f21dbf51d20a64250e4d6a82c41ab522eb1a0bc2c678
baseline_v8,True,ok,0,2,CH03,P5,4,1003,1003,1003,1,1.0,1.0,1.0,EQ05,EQ102,boss_defeated,39.2333333333324,15.098378,1.0,166.0,45.0,166.0,0.0,2354,5c8dfb5c456ff2346890c02ba73427db337e27a22ba91d83bded269d5ce03b6e,bee8814ecb5b873666c6f21dbf51d20a64250e4d6a82c41ab522eb1a0bc2c678
baseline_v8,True,ok,0,2,CH03,P5,4,1004,1004,1004,1,1.0,1.0,1.0,EQ05,EQ102,boss_defeated,55.1166666666648,24.484612,0.869612068965517,950.0,461.0,224.0,0.0,3307,5c8dfb5c456ff2346890c02ba73427db337e27a22ba91d83bded269d5ce03b6e,bee8814ecb5b873666c6f21dbf51d20a64250e4d6a82c41ab522eb1a0bc2c678
baseline_v8,True,ok,0,2,CH03,P5,4,1005,1005,1005,1,1.0,1.0,1.0,EQ05,EQ102,boss_defeated,45.5499999999987,18.66909,0.73132183908046,1720.0,223.0,224.0,0.800000000000001,2733,5c8dfb5c456ff2346890c02ba73427db337e27a22ba91d83bded269d5ce03b6e,bee8814ecb5b873666c6f21dbf51d20a64250e4d6a82c41ab522eb1a0bc2c678
baseline_v8,True,ok,0,2,CH03,P5,4,1006,1006,1006,1,1.0,1.0,1.0,EQ05,EQ102,boss_defeated,40.299999999999,17.82667,0.997485632183908,21.0,669.0,7.0,0.0,2418,5c8dfb5c456ff2346890c02ba73427db337e27a22ba91d83bded269d5ce03b6e,bee8814ecb5b873666c6f21dbf51d20a64250e4d6a82c41ab522eb1a0bc2c678
baseline_v8,True,ok,0,2,CH03,P5,4,1007,1007,1007,1,1.0,1.0,1.0,EQ05,EQ102,boss_defeated,45.4499999999987,20.079832,0.828484195402299,1179.0,692.0,224.0,0.800000000000001,2727,5c8dfb5c456ff2346890c02ba73427db337e27a22ba91d83bded269d5ce03b6e,bee8814ecb5b873666c6f21dbf51d20a64250e4d6a82c41ab522eb1a0bc2c678
baseline_v8,True,ok,0,2,CH03,P5,4,1008,1008,1008,1,1.0,1.0,1.0,EQ05,EQ102,boss_defeated,40.499999999999,16.197988,0.960488505747126,220.0,10.0,0.0,0.0,2430,5c8dfb5c456ff2346890c02ba73427db337e27a22ba91d83bded269d5ce03b6e,bee8814ecb5b873666c6f21dbf51d20a64250e4d6a82c41ab522eb1a0bc2c678
baseline_v8,True,ok,0,2,CH03,P5,4,1009,1009,1009,1,1.0,1.0,1.0,EQ05,EQ102,boss_defeated,42.9499999999988,16.513183,0.977011494252874,285.0,582.0,157.0,0.0,2577,5c8dfb5c456ff2346890c02ba73427db337e27a22ba91d83bded269d5ce03b6e,bee8814ecb5b873666c6f21dbf51d20a64250e4d6a82c41ab522eb1a0bc2c678
baseline_v8,True,ok,0,2,CH03,P5,4,1010,1010,1010,1,1.0,1.0,1.0,EQ05,EQ102,boss_defeated,54.2833333333315,27.180379,0.563218390804598,2656.0,520.0,224.0,0.0,3257,5c8dfb5c456ff2346890c02ba73427db337e27a22ba91d83bded269d5ce03b6e,bee8814ecb5b873666c6f21dbf51d20a64250e4d6a82c41ab522eb1a0bc2c678
baseline_v8,True,ok,0,2,CH03,lowG2,4,1001,1001,1001,1,1.0,1.0,1.0,EQ05,EQ102,boss_defeated,36.5166666666659,16.32228,1.0,11.0,224.0,11.0,0.0,2191,5c8dfb5c456ff2346890c02ba73427db337e27a22ba91d83bded269d5ce03b6e,bee8814ecb5b873666c6f21dbf51d20a64250e4d6a82c41ab522eb1a0bc2c678
baseline_v8,True,ok,0,2,CH03,lowG2,4,1002,1002,1002,1,1.0,1.0,1.0,EQ05,EQ102,boss_defeated,39.699999999999,15.492194,0.879831932773109,895.0,913.0,180.0,0.0,2382,5c8dfb5c456ff2346890c02ba73427db337e27a22ba91d83bded269d5ce03b6e,bee8814ecb5b873666c6f21dbf51d20a64250e4d6a82c41ab522eb1a0bc2c678
baseline_v8,True,ok,0,2,CH03,lowG2,4,1003,1003,1003,1,1.0,1.0,1.0,EQ05,EQ102,boss_defeated,46.533333333332,23.292681,0.697478991596639,1980.0,224.0,180.0,0.0,2792,5c8dfb5c456ff2346890c02ba73427db337e27a22ba91d83bded269d5ce03b6e,bee8814ecb5b873666c6f21dbf51d20a64250e4d6a82c41ab522eb1a0bc2c678
baseline_v8,True,ok,0,2,CH03,lowG2,4,1004,1004,1004,1,1.0,1.0,1.0,EQ05,EQ102,boss_defeated,45.383333333332,19.959892,0.920840336134454,685.0,303.0,214.0,0.816666666666668,2723,5c8dfb5c456ff2346890c02ba73427db337e27a22ba91d83bded269d5ce03b6e,bee8814ecb5b873666c6f21dbf51d20a64250e4d6a82c41ab522eb1a0bc2c678
baseline_v8,True,ok,0,2,CH03,lowG2,4,1005,1005,1005,1,1.0,1.0,1.0,EQ05,EQ102,boss_defeated,37.0499999999992,20.238509,0.843865546218487,989.0,30.0,60.0,0.0,2223,5c8dfb5c456ff2346890c02ba73427db337e27a22ba91d83bded269d5ce03b6e,bee8814ecb5b873666c6f21dbf51d20a64250e4d6a82c41ab522eb1a0bc2c678
baseline_v8,True,ok,0,2,CH03,lowG2,4,1006,1006,1006,1,1.0,1.0,1.0,EQ05,EQ102,boss_defeated,38.0499999999991,17.488393,0.881680672268908,884.0,268.0,180.0,0.0,2283,5c8dfb5c456ff2346890c02ba73427db337e27a22ba91d83bded269d5ce03b6e,bee8814ecb5b873666c6f21dbf51d20a64250e4d6a82c41ab522eb1a0bc2c678
baseline_v8,True,ok,0,2,CH03,lowG2,4,1007,1007,1007,1,1.0,1.0,1.0,EQ05,EQ102,boss_defeated,42.5999999999989,20.536749,0.967394957983193,254.0,238.0,60.0,0.0,2556,5c8dfb5c456ff2346890c02ba73427db337e27a22ba91d83bded269d5ce03b6e,bee8814ecb5b873666c6f21dbf51d20a64250e4d6a82c41ab522eb1a0bc2c678
baseline_v8,True,ok,0,2,CH03,lowG2,4,1008,1008,1008,1,1.0,1.0,1.0,EQ05,EQ102,boss_defeated,38.8166666666657,16.832684,0.900336134453781,593.0,235.0,0.0,0.0,2329,5c8dfb5c456ff2346890c02ba73427db337e27a22ba91d83bded269d5ce03b6e,bee8814ecb5b873666c6f21dbf51d20a64250e4d6a82c41ab522eb1a0bc2c678
baseline_v8,True,ok,0,2,CH03,lowG2,4,1009,1009,1009,1,1.0,1.0,1.0,EQ05,EQ102,boss_defeated,42.8666666666655,21.28676,0.919663865546218,658.0,741.0,180.0,0.0,2572,5c8dfb5c456ff2346890c02ba73427db337e27a22ba91d83bded269d5ce03b6e,bee8814ecb5b873666c6f21dbf51d20a64250e4d6a82c41ab522eb1a0bc2c678
baseline_v8,True,ok,0,2,CH03,lowG2,4,1010,1010,1010,1,1.0,1.0,1.0,EQ05,EQ102,boss_defeated,38.6333333333324,19.477037,0.958487394957983,367.0,473.0,120.0,0.0,2318,5c8dfb5c456ff2346890c02ba73427db337e27a22ba91d83bded269d5ce03b6e,bee8814ecb5b873666c6f21dbf51d20a64250e4d6a82c41ab522eb1a0bc2c678
baseline_v8,True,ok,0,3,CH01,G2,4,1001,1001,1001,1,1.0,1.0,1.0,EQ08,EQ108,boss_defeated,33.4166666666661,8.573476,0.958729495350538,395.0,573.0,0.0,0.0,2005,5c8dfb5c456ff2346890c02ba73427db337e27a22ba91d83bded269d5ce03b6e,bee8814ecb5b873666c6f21dbf51d20a64250e4d6a82c41ab522eb1a0bc2c678
baseline_v8,True,ok,0,3,CH01,G2,4,1002,1002,1002,1,1.0,1.0,1.0,EQ08,EQ108,boss_defeated,37.9666666666658,9.712107,0.955908473513739,422.0,382.0,0.0,3.76666666666666,2278,5c8dfb5c456ff2346890c02ba73427db337e27a22ba91d83bded269d5ce03b6e,bee8814ecb5b873666c6f21dbf51d20a64250e4d6a82c41ab522eb1a0bc2c678
baseline_v8,True,ok,0,3,CH01,G2,4,1003,1003,1003,1,1.0,1.0,1.0,EQ08,EQ108,boss_defeated,37.8499999999991,11.555533,0.989656253265072,99.0,191.0,0.0,2.86666666666666,2271,5c8dfb5c456ff2346890c02ba73427db337e27a22ba91d83bded269d5ce03b6e,bee8814ecb5b873666c6f21dbf51d20a64250e4d6a82c41ab522eb1a0bc2c678
baseline_v8,True,ok,0,3,CH01,G2,4,1004,1004,1004,1,1.0,1.0,1.0,EQ08,EQ108,boss_defeated,36.1833333333326,10.459089,0.998537247936475,14.0,345.0,0.0,0.933333333333335,2171,5c8dfb5c456ff2346890c02ba73427db337e27a22ba91d83bded269d5ce03b6e,bee8814ecb5b873666c6f21dbf51d20a64250e4d6a82c41ab522eb1a0bc2c678
baseline_v8,True,ok,0,3,CH01,G2,4,1005,1005,1005,1,1.0,1.0,1.0,EQ08,EQ108,boss_defeated,34.6999999999993,9.349986,1.0,0.0,319.0,0.0,10.4333333333334,2082,5c8dfb5c456ff2346890c02ba73427db337e27a22ba91d83bded269d5ce03b6e,bee8814ecb5b873666c6f21dbf51d20a64250e4d6a82c41ab522eb1a0bc2c678
baseline_v8,True,ok,0,3,CH01,G2,4,1006,1006,1006,1,1.0,1.0,1.0,EQ08,EQ108,boss_defeated,37.3333333333325,10.526275,0.96520739734615,333.0,356.0,0.0,10.9166666666668,2240,5c8dfb5c456ff2346890c02ba73427db337e27a22ba91d83bded269d5ce03b6e,bee8814ecb5b873666c6f21dbf51d20a64250e4d6a82c41ab522eb1a0bc2c678
baseline_v8,True,ok,0,3,CH01,G2,4,1007,1007,1007,1,1.0,1.0,1.0,EQ08,EQ108,boss_defeated,36.9833333333325,11.134153,1.0,0.0,169.0,0.0,7.76666666666664,2219,5c8dfb5c456ff2346890c02ba73427db337e27a22ba91d83bded269d5ce03b6e,bee8814ecb5b873666c6f21dbf51d20a64250e4d6a82c41ab522eb1a0bc2c678
baseline_v8,True,ok,0,3,CH01,G2,4,1008,1008,1008,1,1.0,1.0,1.0,EQ08,EQ108,boss_defeated,29.8999999999996,7.779599,0.984641103332985,147.0,382.0,0.0,0.0,1794,5c8dfb5c456ff2346890c02ba73427db337e27a22ba91d83bded269d5ce03b6e,bee8814ecb5b873666c6f21dbf51d20a64250e4d6a82c41ab522eb1a0bc2c678
baseline_v8,True,ok,0,3,CH01,G2,4,1009,1009,1009,1,1.0,1.0,1.0,EQ08,EQ108,boss_defeated,33.4833333333327,9.726235,1.0,0.0,0.0,0.0,7.48333333333331,2009,5c8dfb5c456ff2346890c02ba73427db337e27a22ba91d83bded269d5ce03b6e,bee8814ecb5b873666c6f21dbf51d20a64250e4d6a82c41ab522eb1a0bc2c678
baseline_v8,True,ok,0,3,CH01,G2,4,1010,1010,1010,1,1.0,1.0,1.0,EQ08,EQ108,boss_defeated,31.0999999999995,8.264217,0.980566294013165,422.0,536.0,236.0,0.0,1866,5c8dfb5c456ff2346890c02ba73427db337e27a22ba91d83bded269d5ce03b6e,bee8814ecb5b873666c6f21dbf51d20a64250e4d6a82c41ab522eb1a0bc2c678
baseline_v8,True,ok,0,3,CH01,P5,4,1001,1001,1001,1,1.0,1.0,1.0,EQ08,EQ108,boss_defeated,41.3499999999989,10.669705,0.893333333333333,856.0,161.0,0.0,3.76666666666666,2481,5c8dfb5c456ff2346890c02ba73427db337e27a22ba91d83bded269d5ce03b6e,bee8814ecb5b873666c6f21dbf51d20a64250e4d6a82c41ab522eb1a0bc2c678
baseline_v8,True,ok,0,3,CH01,P5,4,1002,1002,1002,1,1.0,1.0,1.0,EQ08,EQ108,boss_defeated,43.3666666666655,11.273801,0.963115264797508,296.0,161.0,0.0,4.91666666666665,2602,5c8dfb5c456ff2346890c02ba73427db337e27a22ba91d83bded269d5ce03b6e,bee8814ecb5b873666c6f21dbf51d20a64250e4d6a82c41ab522eb1a0bc2c678
baseline_v8,True,ok,0,3,CH01,P5,4,1003,1003,1003,1,1.0,1.0,1.0,EQ08,EQ108,boss_defeated,36.9833333333325,10.944897,1.0,0.0,176.0,0.0,7.78333333333331,2219,5c8dfb5c456ff2346890c02ba73427db337e27a22ba91d83bded269d5ce03b6e,bee8814ecb5b873666c6f21dbf51d20a64250e4d6a82c41ab522eb1a0bc2c678
baseline_v8,True,ok,0,3,CH01,P5,4,1004,1004,1004,1,1.0,1.0,1.0,EQ08,EQ108,boss_defeated,38.8499999999991,11.519442,0.992772585669782,58.0,161.0,0.0,3.29999999999999,2331,5c8dfb5c456ff2346890c02ba73427db337e27a22ba91d83bded269d5ce03b6e,bee8814ecb5b873666c6f21dbf51d20a64250e4d6a82c41ab522eb1a0bc2c678
baseline_v8,True,ok,0,3,CH01,P5,4,1005,1005,1005,1,1.0,1.0,1.0,EQ08,EQ108,boss_defeated,34.366666666666,9.028121,0.969595015576324,244.0,322.0,0.0,6.71666666666665,2062,5c8dfb5c456ff2346890c02ba73427db337e27a22ba91d83bded269d5ce03b6e,bee8814ecb5b873666c6f21dbf51d20a64250e4d6a82c41ab522eb1a0bc2c678
baseline_v8,True,ok,0,3,CH01,P5,4,1006,1006,1006,1,1.0,1.0,1.0,EQ08,EQ108,boss_defeated,40.199999999999,10.480779,0.949906542056075,402.0,322.0,0.0,4.66666666666666,2412,5c8dfb5c456ff2346890c02ba73427db337e27a22ba91d83bded269d5ce03b6e,bee8814ecb5b873666c6f21dbf51d20a64250e4d6a82c41ab522eb1a0bc2c678
baseline_v8,True,ok,0,3,CH01,P5,4,1007,1007,1007,1,1.0,1.0,1.0,EQ08,EQ108,boss_defeated,34.0333333333327,10.196218,1.0,0.0,0.0,0.0,7.21666666666665,2042,5c8dfb5c456ff2346890c02ba73427db337e27a22ba91d83bded269d5ce03b6e,bee8814ecb5b873666c6f21dbf51d20a64250e4d6a82c41ab522eb1a0bc2c678
baseline_v8,True,ok,0,3,CH01,P5,4,1008,1008,1008,1,1.0,1.0,1.0,EQ08,EQ108,boss_defeated,35.3999999999993,9.96067,0.962741433021807,299.0,468.0,0.0,1.5,2124,5c8dfb5c456ff2346890c02ba73427db337e27a22ba91d83bded269d5ce03b6e,bee8814ecb5b873666c6f21dbf51d20a64250e4d6a82c41ab522eb1a0bc2c678
baseline_v8,True,ok,0,3,CH01,P5,4,1009,1009,1009,1,1.0,1.0,1.0,EQ08,EQ108,boss_defeated,39.2999999999991,11.66176,0.946666666666667,428.0,322.0,0.0,4.94999999999999,2358,5c8dfb5c456ff2346890c02ba73427db337e27a22ba91d83bded269d5ce03b6e,bee8814ecb5b873666c6f21dbf51d20a64250e4d6a82c41ab522eb1a0bc2c678
baseline_v8,True,ok,0,3,CH01,P5,4,1010,1010,1010,1,1.0,1.0,1.0,EQ08,EQ108,boss_defeated,42.6999999999989,11.595745,0.989657320872274,83.0,322.0,0.0,8.09999999999998,2562,5c8dfb5c456ff2346890c02ba73427db337e27a22ba91d83bded269d5ce03b6e,bee8814ecb5b873666c6f21dbf51d20a64250e4d6a82c41ab522eb1a0bc2c678
baseline_v8,True,ok,0,3,CH01,lowG2,4,1001,1001,1001,1,1.0,1.0,1.0,EQ08,EQ108,boss_defeated,40.249999999999,10.641761,0.939010086793338,520.0,171.0,0.0,0.0,2415,5c8dfb5c456ff2346890c02ba73427db337e27a22ba91d83bded269d5ce03b6e,bee8814ecb5b873666c6f21dbf51d20a64250e4d6a82c41ab522eb1a0bc2c678
baseline_v8,True,ok,0,3,CH01,lowG2,4,1002,1002,1002,1,1.0,1.0,1.0,EQ08,EQ108,boss_defeated,39.9166666666657,10.766057,0.923762608491673,650.0,171.0,0.0,0.533333333333333,2395,5c8dfb5c456ff2346890c02ba73427db337e27a22ba91d83bded269d5ce03b6e,bee8814ecb5b873666c6f21dbf51d20a64250e4d6a82c41ab522eb1a0bc2c678
baseline_v8,True,ok,0,3,CH01,lowG2,4,1003,1003,1003,1,1.0,1.0,1.0,EQ08,EQ108,boss_defeated,39.2833333333324,9.846454,1.0,0.0,760.0,0.0,9.98333333333341,2357,5c8dfb5c456ff2346890c02ba73427db337e27a22ba91d83bded269d5ce03b6e,bee8814ecb5b873666c6f21dbf51d20a64250e4d6a82c41ab522eb1a0bc2c678
baseline_v8,True,ok,0,3,CH01,lowG2,4,1004,1004,1004,1,1.0,1.0,1.0,EQ08,EQ108,boss_defeated,36.5499999999992,9.979057,0.993783720384706,53.0,339.0,0.0,4.09999999999999,2193,5c8dfb5c456ff2346890c02ba73427db337e27a22ba91d83bded269d5ce03b6e,bee8814ecb5b873666c6f21dbf51d20a64250e4d6a82c41ab522eb1a0bc2c678
baseline_v8,True,ok,0,3,CH01,lowG2,4,1005,1005,1005,1,1.0,1.0,1.0,EQ08,EQ108,boss_defeated,30.0499999999996,7.512802,0.97853624208304,183.0,171.0,0.0,1.4,1803,5c8dfb5c456ff2346890c02ba73427db337e27a22ba91d83bded269d5ce03b6e,bee8814ecb5b873666c6f21dbf51d20a64250e4d6a82c41ab522eb1a0bc2c678
baseline_v8,True,ok,0,3,CH01,lowG2,4,1006,1006,1006,1,1.0,1.0,1.0,EQ08,EQ108,boss_defeated,40.849999999999,11.200266,0.952967393854093,401.0,535.0,0.0,7.28333333333331,2451,5c8dfb5c456ff2346890c02ba73427db337e27a22ba91d83bded269d5ce03b6e,bee8814ecb5b873666c6f21dbf51d20a64250e4d6a82c41ab522eb1a0bc2c678
baseline_v8,True,ok,0,3,CH01,lowG2,4,1007,1007,1007,1,1.0,1.0,1.0,EQ08,EQ108,boss_defeated,43.8999999999988,13.285669,0.998475252169833,13.0,995.0,0.0,8.36666666666666,2634,5c8dfb5c456ff2346890c02ba73427db337e27a22ba91d83bded269d5ce03b6e,bee8814ecb5b873666c6f21dbf51d20a64250e4d6a82c41ab522eb1a0bc2c678
baseline_v8,True,ok,0,3,CH01,lowG2,4,1008,1008,1008,1,1.0,1.0,1.0,EQ08,EQ108,boss_defeated,32.6333333333328,9.545513,0.99026507154586,83.0,320.0,0.0,1.38333333333333,1958,5c8dfb5c456ff2346890c02ba73427db337e27a22ba91d83bded269d5ce03b6e,bee8814ecb5b873666c6f21dbf51d20a64250e4d6a82c41ab522eb1a0bc2c678
baseline_v8,True,ok,0,3,CH01,lowG2,4,1009,1009,1009,1,1.0,1.0,1.0,EQ08,EQ108,boss_defeated,34.8999999999993,10.600121,0.977480647431386,192.0,354.0,0.0,7.98333333333331,2094,5c8dfb5c456ff2346890c02ba73427db337e27a22ba91d83bded269d5ce03b6e,bee8814ecb5b873666c6f21dbf51d20a64250e4d6a82c41ab522eb1a0bc2c678
baseline_v8,True,ok,0,3,CH01,lowG2,4,1010,1010,1010,1,1.0,1.0,1.0,EQ08,EQ108,boss_defeated,48.5833333333319,15.486713,0.940769411212761,505.0,510.0,0.0,0.0,2915,5c8dfb5c456ff2346890c02ba73427db337e27a22ba91d83bded269d5ce03b6e,bee8814ecb5b873666c6f21dbf51d20a64250e4d6a82c41ab522eb1a0bc2c678
baseline_v8,True,ok,0,3,CH02,G2,4,1001,1001,1001,1,1.0,1.0,1.0,EQ07,EQ106,boss_defeated,31.1333333333328,9.257159,1.0,0.0,0.0,0.0,0.0,1868,5c8dfb5c456ff2346890c02ba73427db337e27a22ba91d83bded269d5ce03b6e,bee8814ecb5b873666c6f21dbf51d20a64250e4d6a82c41ab522eb1a0bc2c678
baseline_v8,True,ok,0,3,CH02,G2,4,1002,1002,1002,1,1.0,1.0,1.0,EQ07,EQ106,boss_defeated,35.9833333333326,10.267401,0.976193443848934,191.0,143.0,0.0,0.0,2159,5c8dfb5c456ff2346890c02ba73427db337e27a22ba91d83bded269d5ce03b6e,bee8814ecb5b873666c6f21dbf51d20a64250e4d6a82c41ab522eb1a0bc2c678
baseline_v8,True,ok,0,3,CH02,G2,4,1003,1003,1003,1,1.0,1.0,1.0,EQ07,EQ106,boss_defeated,26.9499999999998,8.016075,1.0,0.0,0.0,0.0,0.0,1617,5c8dfb5c456ff2346890c02ba73427db337e27a22ba91d83bded269d5ce03b6e,bee8814ecb5b873666c6f21dbf51d20a64250e4d6a82c41ab522eb1a0bc2c678
baseline_v8,True,ok,0,3,CH02,G2,4,1004,1004,1004,1,1.0,1.0,1.0,EQ07,EQ106,boss_defeated,31.8499999999995,9.206669,1.0,0.0,0.0,0.0,0.0,1911,5c8dfb5c456ff2346890c02ba73427db337e27a22ba91d83bded269d5ce03b6e,bee8814ecb5b873666c6f21dbf51d20a64250e4d6a82c41ab522eb1a0bc2c678
baseline_v8,True,ok,0,3,CH02,G2,4,1005,1005,1005,1,1.0,1.0,1.0,EQ07,EQ106,boss_defeated,27.6499999999997,9.148504,1.0,0.0,0.0,0.0,0.0,1659,5c8dfb5c456ff2346890c02ba73427db337e27a22ba91d83bded269d5ce03b6e,bee8814ecb5b873666c6f21dbf51d20a64250e4d6a82c41ab522eb1a0bc2c678
baseline_v8,True,ok,0,3,CH02,G2,4,1006,1006,1006,1,1.0,1.0,1.0,EQ07,EQ106,boss_defeated,27.7666666666664,8.531379,1.0,0.0,0.0,0.0,0.0,1666,5c8dfb5c456ff2346890c02ba73427db337e27a22ba91d83bded269d5ce03b6e,bee8814ecb5b873666c6f21dbf51d20a64250e4d6a82c41ab522eb1a0bc2c678
baseline_v8,True,ok,0,3,CH02,G2,4,1007,1007,1007,1,1.0,1.0,1.0,EQ07,EQ106,boss_defeated,25.5333333333332,7.684522,0.965723544808675,275.0,241.0,0.0,0.0,1532,5c8dfb5c456ff2346890c02ba73427db337e27a22ba91d83bded269d5ce03b6e,bee8814ecb5b873666c6f21dbf51d20a64250e4d6a82c41ab522eb1a0bc2c678
baseline_v8,True,ok,0,3,CH02,G2,4,1008,1008,1008,1,1.0,1.0,1.0,EQ07,EQ106,boss_defeated,26.4833333333331,10.158873,1.0,0.0,0.0,0.0,0.0,1589,5c8dfb5c456ff2346890c02ba73427db337e27a22ba91d83bded269d5ce03b6e,bee8814ecb5b873666c6f21dbf51d20a64250e4d6a82c41ab522eb1a0bc2c678
baseline_v8,True,ok,0,3,CH02,G2,4,1009,1009,1009,1,1.0,1.0,1.0,EQ07,EQ106,boss_defeated,26.6833333333331,8.519252,1.0,0.0,0.0,0.0,0.0,1601,5c8dfb5c456ff2346890c02ba73427db337e27a22ba91d83bded269d5ce03b6e,bee8814ecb5b873666c6f21dbf51d20a64250e4d6a82c41ab522eb1a0bc2c678
baseline_v8,True,ok,0,3,CH02,G2,4,1010,1010,1010,1,1.0,1.0,1.0,EQ07,EQ106,boss_defeated,31.0666666666662,9.416751,0.937554530724168,501.0,0.0,0.0,0.0,1864,5c8dfb5c456ff2346890c02ba73427db337e27a22ba91d83bded269d5ce03b6e,bee8814ecb5b873666c6f21dbf51d20a64250e4d6a82c41ab522eb1a0bc2c678
baseline_v8,True,ok,0,3,CH02,P5,4,1001,1001,1001,1,1.0,1.0,1.0,EQ07,EQ106,boss_defeated,33.2499999999994,9.606114,1.0,0.0,0.0,0.0,0.0,1995,5c8dfb5c456ff2346890c02ba73427db337e27a22ba91d83bded269d5ce03b6e,bee8814ecb5b873666c6f21dbf51d20a64250e4d6a82c41ab522eb1a0bc2c678
baseline_v8,True,ok,0,3,CH02,P5,4,1002,1002,1002,1,1.0,1.0,1.0,EQ07,EQ106,boss_defeated,30.6666666666662,8.479145,0.995162509448224,32.0,154.0,0.0,0.0,1840,5c8dfb5c456ff2346890c02ba73427db337e27a22ba91d83bded269d5ce03b6e,bee8814ecb5b873666c6f21dbf51d20a64250e4d6a82c41ab522eb1a0bc2c678
baseline_v8,True,ok,0,3,CH02,P5,4,1003,1003,1003,1,1.0,1.0,1.0,EQ07,EQ106,boss_defeated,31.8166666666661,10.655222,1.0,0.0,0.0,0.0,0.0,1909,5c8dfb5c456ff2346890c02ba73427db337e27a22ba91d83bded269d5ce03b6e,bee8814ecb5b873666c6f21dbf51d20a64250e4d6a82c41ab522eb1a0bc2c678
baseline_v8,True,ok,0,3,CH02,P5,4,1004,1004,1004,1,1.0,1.0,1.0,EQ07,EQ106,boss_defeated,26.3999999999998,9.590563,1.0,0.0,0.0,0.0,0.0,1584,5c8dfb5c456ff2346890c02ba73427db337e27a22ba91d83bded269d5ce03b6e,bee8814ecb5b873666c6f21dbf51d20a64250e4d6a82c41ab522eb1a0bc2c678
baseline_v8,True,ok,0,3,CH02,P5,4,1005,1005,1005,1,1.0,1.0,1.0,EQ07,EQ106,boss_defeated,29.9999999999996,8.939607,1.0,0.0,0.0,0.0,0.0,1800,5c8dfb5c456ff2346890c02ba73427db337e27a22ba91d83bded269d5ce03b6e,bee8814ecb5b873666c6f21dbf51d20a64250e4d6a82c41ab522eb1a0bc2c678
baseline_v8,True,ok,0,3,CH02,P5,4,1006,1006,1006,1,1.0,1.0,1.0,EQ07,EQ106,boss_defeated,31.1666666666662,10.073523,0.951927437641723,318.0,253.0,0.0,0.0,1870,5c8dfb5c456ff2346890c02ba73427db337e27a22ba91d83bded269d5ce03b6e,bee8814ecb5b873666c6f21dbf51d20a64250e4d6a82c41ab522eb1a0bc2c678
baseline_v8,True,ok,0,3,CH02,P5,4,1007,1007,1007,1,1.0,1.0,1.0,EQ07,EQ106,boss_defeated,29.6166666666663,9.978455,0.969312169312169,203.0,198.0,0.0,0.0,1777,5c8dfb5c456ff2346890c02ba73427db337e27a22ba91d83bded269d5ce03b6e,bee8814ecb5b873666c6f21dbf51d20a64250e4d6a82c41ab522eb1a0bc2c678
baseline_v8,True,ok,0,3,CH02,P5,4,1008,1008,1008,1,1.0,1.0,1.0,EQ07,EQ106,boss_defeated,29.3999999999996,9.300665,1.0,0.0,0.0,0.0,0.0,1764,5c8dfb5c456ff2346890c02ba73427db337e27a22ba91d83bded269d5ce03b6e,bee8814ecb5b873666c6f21dbf51d20a64250e4d6a82c41ab522eb1a0bc2c678
baseline_v8,True,ok,0,3,CH02,P5,4,1009,1009,1009,1,1.0,1.0,1.0,EQ07,EQ106,boss_defeated,29.9499999999996,9.970142,1.0,0.0,0.0,0.0,0.0,1797,5c8dfb5c456ff2346890c02ba73427db337e27a22ba91d83bded269d5ce03b6e,bee8814ecb5b873666c6f21dbf51d20a64250e4d6a82c41ab522eb1a0bc2c678
baseline_v8,True,ok,0,3,CH02,P5,4,1010,1010,1010,1,1.0,1.0,1.0,EQ07,EQ106,boss_defeated,32.6166666666661,10.520157,1.0,0.0,0.0,0.0,0.0,1957,5c8dfb5c456ff2346890c02ba73427db337e27a22ba91d83bded269d5ce03b6e,bee8814ecb5b873666c6f21dbf51d20a64250e4d6a82c41ab522eb1a0bc2c678
baseline_v8,True,ok,0,3,CH02,lowG2,4,1001,1001,1001,1,1.0,1.0,1.0,EQ07,EQ106,boss_defeated,30.3333333333329,9.426256,1.0,0.0,0.0,0.0,0.0,1820,5c8dfb5c456ff2346890c02ba73427db337e27a22ba91d83bded269d5ce03b6e,bee8814ecb5b873666c6f21dbf51d20a64250e4d6a82c41ab522eb1a0bc2c678
baseline_v8,True,ok,0,3,CH02,lowG2,4,1002,1002,1002,1,1.0,1.0,1.0,EQ07,EQ106,boss_defeated,32.1499999999995,9.320257,0.995471270874611,32.0,157.0,0.0,0.0,1929,5c8dfb5c456ff2346890c02ba73427db337e27a22ba91d83bded269d5ce03b6e,bee8814ecb5b873666c6f21dbf51d20a64250e4d6a82c41ab522eb1a0bc2c678
baseline_v8,True,ok,0,3,CH02,lowG2,4,1003,1003,1003,1,1.0,1.0,1.0,EQ07,EQ106,boss_defeated,33.816666666666,11.113532,1.0,0.0,0.0,0.0,0.0,2029,5c8dfb5c456ff2346890c02ba73427db337e27a22ba91d83bded269d5ce03b6e,bee8814ecb5b873666c6f21dbf51d20a64250e4d6a82c41ab522eb1a0bc2c678
baseline_v8,True,ok,0,3,CH02,lowG2,4,1004,1004,1004,1,1.0,1.0,1.0,EQ07,EQ106,boss_defeated,31.6166666666662,10.491068,0.936880837814888,446.0,748.0,0.0,0.0,1897,5c8dfb5c456ff2346890c02ba73427db337e27a22ba91d83bded269d5ce03b6e,bee8814ecb5b873666c6f21dbf51d20a64250e4d6a82c41ab522eb1a0bc2c678
baseline_v8,True,ok,0,3,CH02,lowG2,4,1005,1005,1005,1,1.0,1.0,1.0,EQ07,EQ106,boss_defeated,27.5333333333331,8.885648,1.0,0.0,0.0,0.0,0.0,1652,5c8dfb5c456ff2346890c02ba73427db337e27a22ba91d83bded269d5ce03b6e,bee8814ecb5b873666c6f21dbf51d20a64250e4d6a82c41ab522eb1a0bc2c678
baseline_v8,True,ok,0,3,CH02,lowG2,4,1006,1006,1006,1,1.0,1.0,1.0,EQ07,EQ106,boss_defeated,28.3999999999997,9.270193,1.0,0.0,0.0,0.0,0.0,1704,5c8dfb5c456ff2346890c02ba73427db337e27a22ba91d83bded269d5ce03b6e,bee8814ecb5b873666c6f21dbf51d20a64250e4d6a82c41ab522eb1a0bc2c678
baseline_v8,True,ok,0,3,CH02,lowG2,4,1007,1007,1007,1,1.0,1.0,1.0,EQ07,EQ106,boss_defeated,28.883333333333,10.564993,1.0,0.0,0.0,0.0,0.0,1733,5c8dfb5c456ff2346890c02ba73427db337e27a22ba91d83bded269d5ce03b6e,bee8814ecb5b873666c6f21dbf51d20a64250e4d6a82c41ab522eb1a0bc2c678
baseline_v8,True,ok,0,3,CH02,lowG2,4,1008,1008,1008,1,1.0,1.0,1.0,EQ07,EQ106,boss_defeated,28.933333333333,9.305477,0.968581941692612,222.0,212.0,0.0,0.0,1736,5c8dfb5c456ff2346890c02ba73427db337e27a22ba91d83bded269d5ce03b6e,bee8814ecb5b873666c6f21dbf51d20a64250e4d6a82c41ab522eb1a0bc2c678
baseline_v8,True,ok,0,3,CH02,lowG2,4,1009,1009,1009,1,1.0,1.0,1.0,EQ07,EQ106,boss_defeated,29.9333333333329,10.116283,1.0,0.0,0.0,0.0,0.0,1796,5c8dfb5c456ff2346890c02ba73427db337e27a22ba91d83bded269d5ce03b6e,bee8814ecb5b873666c6f21dbf51d20a64250e4d6a82c41ab522eb1a0bc2c678
baseline_v8,True,ok,0,3,CH02,lowG2,4,1010,1010,1010,1,1.0,1.0,1.0,EQ07,EQ106,boss_defeated,31.1166666666662,10.091357,1.0,0.0,0.0,0.0,0.0,1867,5c8dfb5c456ff2346890c02ba73427db337e27a22ba91d83bded269d5ce03b6e,bee8814ecb5b873666c6f21dbf51d20a64250e4d6a82c41ab522eb1a0bc2c678
baseline_v8,True,ok,0,3,CH03,G2,4,1001,1001,1001,1,1.0,1.0,1.0,EQ07,EQ106,boss_defeated,31.6166666666662,9.920681,1.0,0.0,0.0,0.0,0.0,1897,5c8dfb5c456ff2346890c02ba73427db337e27a22ba91d83bded269d5ce03b6e,bee8814ecb5b873666c6f21dbf51d20a64250e4d6a82c41ab522eb1a0bc2c678
baseline_v8,True,ok,0,3,CH03,G2,4,1002,1002,1002,1,1.0,1.0,1.0,EQ07,EQ106,boss_defeated,34.8833333333326,12.044684,1.0,0.0,0.0,0.0,0.0,2093,5c8dfb5c456ff2346890c02ba73427db337e27a22ba91d83bded269d5ce03b6e,bee8814ecb5b873666c6f21dbf51d20a64250e4d6a82c41ab522eb1a0bc2c678
baseline_v8,True,ok,0,3,CH03,G2,4,1003,1003,1003,1,1.0,1.0,1.0,EQ07,EQ106,boss_defeated,30.3499999999996,10.103537,1.0,0.0,0.0,0.0,0.816666666666668,1821,5c8dfb5c456ff2346890c02ba73427db337e27a22ba91d83bded269d5ce03b6e,bee8814ecb5b873666c6f21dbf51d20a64250e4d6a82c41ab522eb1a0bc2c678
baseline_v8,True,ok,0,3,CH03,G2,4,1004,1004,1004,1,1.0,1.0,1.0,EQ07,EQ106,boss_defeated,37.8666666666658,13.350162,0.98738329548322,100.0,238.0,0.0,0.0,2272,5c8dfb5c456ff2346890c02ba73427db337e27a22ba91d83bded269d5ce03b6e,bee8814ecb5b873666c6f21dbf51d20a64250e4d6a82c41ab522eb1a0bc2c678
baseline_v8,True,ok,0,3,CH03,G2,4,1005,1005,1005,1,1.0,1.0,1.0,EQ07,EQ106,boss_defeated,32.3166666666661,11.10804,1.0,0.0,0.0,0.0,0.816666666666668,1939,5c8dfb5c456ff2346890c02ba73427db337e27a22ba91d83bded269d5ce03b6e,bee8814ecb5b873666c6f21dbf51d20a64250e4d6a82c41ab522eb1a0bc2c678
baseline_v8,True,ok,0,3,CH03,G2,4,1006,1006,1006,1,1.0,1.0,1.0,EQ07,EQ106,boss_defeated,32.1333333333328,12.350686,1.0,0.0,0.0,0.0,0.0,1928,5c8dfb5c456ff2346890c02ba73427db337e27a22ba91d83bded269d5ce03b6e,bee8814ecb5b873666c6f21dbf51d20a64250e4d6a82c41ab522eb1a0bc2c678
baseline_v8,True,ok,0,3,CH03,G2,4,1007,1007,1007,1,1.0,1.0,1.0,EQ07,EQ106,boss_defeated,31.5999999999995,11.481169,1.0,0.0,0.0,0.0,0.0,1896,5c8dfb5c456ff2346890c02ba73427db337e27a22ba91d83bded269d5ce03b6e,bee8814ecb5b873666c6f21dbf51d20a64250e4d6a82c41ab522eb1a0bc2c678
baseline_v8,True,ok,0,3,CH03,G2,4,1008,1008,1008,1,1.0,1.0,1.0,EQ07,EQ106,boss_defeated,35.016666666666,12.097155,0.978046934140802,174.0,401.0,0.0,0.616666666666667,2101,5c8dfb5c456ff2346890c02ba73427db337e27a22ba91d83bded269d5ce03b6e,bee8814ecb5b873666c6f21dbf51d20a64250e4d6a82c41ab522eb1a0bc2c678
baseline_v8,True,ok,0,3,CH03,G2,4,1009,1009,1009,1,1.0,1.0,1.0,EQ07,EQ106,boss_defeated,37.1999999999992,12.442418,0.979687105727984,161.0,770.0,0.0,0.0,2232,5c8dfb5c456ff2346890c02ba73427db337e27a22ba91d83bded269d5ce03b6e,bee8814ecb5b873666c6f21dbf51d20a64250e4d6a82c41ab522eb1a0bc2c678
baseline_v8,True,ok,0,3,CH03,G2,4,1010,1010,1010,1,1.0,1.0,1.0,EQ07,EQ106,boss_defeated,31.7166666666661,11.016614,1.0,0.0,191.0,0.0,0.816666666666668,1903,5c8dfb5c456ff2346890c02ba73427db337e27a22ba91d83bded269d5ce03b6e,bee8814ecb5b873666c6f21dbf51d20a64250e4d6a82c41ab522eb1a0bc2c678
baseline_v8,True,ok,0,3,CH03,P5,4,1001,1001,1001,1,1.0,1.0,1.0,EQ07,EQ106,boss_defeated,40.449999999999,13.740351,0.961868300153139,249.0,196.0,0.0,0.0,2427,5c8dfb5c456ff2346890c02ba73427db337e27a22ba91d83bded269d5ce03b6e,bee8814ecb5b873666c6f21dbf51d20a64250e4d6a82c41ab522eb1a0bc2c678
baseline_v8,True,ok,0,3,CH03,P5,4,1002,1002,1002,1,1.0,1.0,1.0,EQ07,EQ106,boss_defeated,40.349999999999,13.845955,0.983154670750383,110.0,591.0,0.0,0.0,2421,5c8dfb5c456ff2346890c02ba73427db337e27a22ba91d83bded269d5ce03b6e,bee8814ecb5b873666c6f21dbf51d20a64250e4d6a82c41ab522eb1a0bc2c678
baseline_v8,True,ok,0,3,CH03,P5,4,1003,1003,1003,1,1.0,1.0,1.0,EQ07,EQ106,boss_defeated,39.449999999999,14.311454,1.0,0.0,0.0,0.0,0.0,2367,5c8dfb5c456ff2346890c02ba73427db337e27a22ba91d83bded269d5ce03b6e,bee8814ecb5b873666c6f21dbf51d20a64250e4d6a82c41ab522eb1a0bc2c678
baseline_v8,True,ok,0,3,CH03,P5,4,1004,1004,1004,1,1.0,1.0,1.0,EQ07,EQ106,boss_defeated,39.5833333333324,13.17533,1.0,368.0,0.0,368.0,0.0,2375,5c8dfb5c456ff2346890c02ba73427db337e27a22ba91d83bded269d5ce03b6e,bee8814ecb5b873666c6f21dbf51d20a64250e4d6a82c41ab522eb1a0bc2c678
baseline_v8,True,ok,0,3,CH03,P5,4,1005,1005,1005,1,1.0,1.0,1.0,EQ07,EQ106,boss_defeated,35.5333333333326,12.191527,0.990811638591118,60.0,196.0,0.0,0.816666666666668,2132,5c8dfb5c456ff2346890c02ba73427db337e27a22ba91d83bded269d5ce03b6e,bee8814ecb5b873666c6f21dbf51d20a64250e4d6a82c41ab522eb1a0bc2c678
baseline_v8,True,ok,0,3,CH03,P5,4,1006,1006,1006,1,1.0,1.0,1.0,EQ07,EQ106,boss_defeated,44.3999999999988,14.441521,0.928790199081164,465.0,0.0,0.0,0.800000000000001,2664,5c8dfb5c456ff2346890c02ba73427db337e27a22ba91d83bded269d5ce03b6e,bee8814ecb5b873666c6f21dbf51d20a64250e4d6a82c41ab522eb1a0bc2c678
baseline_v8,True,ok,0,3,CH03,P5,4,1007,1007,1007,1,1.0,1.0,1.0,EQ07,EQ106,boss_defeated,43.0333333333322,16.029137,0.971362940275651,187.0,192.0,0.0,0.0,2582,5c8dfb5c456ff2346890c02ba73427db337e27a22ba91d83bded269d5ce03b6e,bee8814ecb5b873666c6f21dbf51d20a64250e4d6a82c41ab522eb1a0bc2c678
baseline_v8,True,ok,0,3,CH03,P5,4,1008,1008,1008,1,1.0,1.0,1.0,EQ07,EQ106,boss_defeated,38.6833333333324,13.22444,1.0,0.0,174.0,0.0,0.0,2321,5c8dfb5c456ff2346890c02ba73427db337e27a22ba91d83bded269d5ce03b6e,bee8814ecb5b873666c6f21dbf51d20a64250e4d6a82c41ab522eb1a0bc2c678
baseline_v8,True,ok,0,3,CH03,P5,4,1009,1009,1009,1,1.0,1.0,1.0,EQ07,EQ106,boss_defeated,42.0166666666656,14.186862,0.87166921898928,838.0,0.0,0.0,1.61666666666667,2521,5c8dfb5c456ff2346890c02ba73427db337e27a22ba91d83bded269d5ce03b6e,bee8814ecb5b873666c6f21dbf51d20a64250e4d6a82c41ab522eb1a0bc2c678
baseline_v8,True,ok,0,3,CH03,P5,4,1010,1010,1010,1,1.0,1.0,1.0,EQ07,EQ106,boss_defeated,42.1166666666656,15.734181,0.916998468606432,542.0,0.0,0.0,0.800000000000001,2527,5c8dfb5c456ff2346890c02ba73427db337e27a22ba91d83bded269d5ce03b6e,bee8814ecb5b873666c6f21dbf51d20a64250e4d6a82c41ab522eb1a0bc2c678
baseline_v8,True,ok,0,3,CH03,lowG2,4,1001,1001,1001,1,1.0,1.0,1.0,EQ07,EQ106,boss_defeated,34.6833333333326,10.430297,1.0,0.0,0.0,0.0,0.0,2081,5c8dfb5c456ff2346890c02ba73427db337e27a22ba91d83bded269d5ce03b6e,bee8814ecb5b873666c6f21dbf51d20a64250e4d6a82c41ab522eb1a0bc2c678
baseline_v8,True,ok,0,3,CH03,lowG2,4,1002,1002,1002,1,1.0,1.0,1.0,EQ07,EQ106,boss_defeated,38.0499999999991,13.060103,0.96714961985368,229.0,209.0,0.0,0.0,2283,5c8dfb5c456ff2346890c02ba73427db337e27a22ba91d83bded269d5ce03b6e,bee8814ecb5b873666c6f21dbf51d20a64250e4d6a82c41ab522eb1a0bc2c678
baseline_v8,True,ok,0,3,CH03,lowG2,4,1003,1003,1003,1,1.0,1.0,1.0,EQ07,EQ106,boss_defeated,35.6833333333326,12.757818,0.96714961985368,229.0,209.0,0.0,0.0,2141,5c8dfb5c456ff2346890c02ba73427db337e27a22ba91d83bded269d5ce03b6e,bee8814ecb5b873666c6f21dbf51d20a64250e4d6a82c41ab522eb1a0bc2c678
baseline_v8,True,ok,0,3,CH03,lowG2,4,1004,1004,1004,1,1.0,1.0,1.0,EQ07,EQ106,boss_defeated,42.9999999999988,15.030289,1.0,0.0,196.0,0.0,0.816666666666668,2580,5c8dfb5c456ff2346890c02ba73427db337e27a22ba91d83bded269d5ce03b6e,bee8814ecb5b873666c6f21dbf51d20a64250e4d6a82c41ab522eb1a0bc2c678
baseline_v8,True,ok,0,3,CH03,lowG2,4,1005,1005,1005,1,1.0,1.0,1.0,EQ07,EQ106,boss_defeated,35.0999999999993,11.820785,1.0,0.0,531.0,0.0,0.816666666666668,2106,5c8dfb5c456ff2346890c02ba73427db337e27a22ba91d83bded269d5ce03b6e,bee8814ecb5b873666c6f21dbf51d20a64250e4d6a82c41ab522eb1a0bc2c678
baseline_v8,True,ok,0,3,CH03,lowG2,4,1006,1006,1006,1,1.0,1.0,1.0,EQ07,EQ106,boss_defeated,36.9499999999992,12.798834,1.0,0.0,0.0,0.0,0.0,2217,5c8dfb5c456ff2346890c02ba73427db337e27a22ba91d83bded269d5ce03b6e,bee8814ecb5b873666c6f21dbf51d20a64250e4d6a82c41ab522eb1a0bc2c678
baseline_v8,True,ok,0,3,CH03,lowG2,4,1007,1007,1007,1,1.0,1.0,1.0,EQ07,EQ106,boss_defeated,40.1833333333323,12.148917,1.0,0.0,0.0,0.0,0.800000000000001,2411,5c8dfb5c456ff2346890c02ba73427db337e27a22ba91d83bded269d5ce03b6e,bee8814ecb5b873666c6f21dbf51d20a64250e4d6a82c41ab522eb1a0bc2c678
baseline_v8,True,ok,0,3,CH03,lowG2,4,1008,1008,1008,1,1.0,1.0,1.0,EQ07,EQ106,boss_defeated,33.8833333333327,11.942776,1.0,0.0,0.0,0.0,0.0,2033,5c8dfb5c456ff2346890c02ba73427db337e27a22ba91d83bded269d5ce03b6e,bee8814ecb5b873666c6f21dbf51d20a64250e4d6a82c41ab522eb1a0bc2c678
baseline_v8,True,ok,0,3,CH03,lowG2,4,1009,1009,1009,1,1.0,1.0,1.0,EQ07,EQ106,boss_defeated,42.2333333333322,13.842531,1.0,0.0,196.0,0.0,0.0,2534,5c8dfb5c456ff2346890c02ba73427db337e27a22ba91d83bded269d5ce03b6e,bee8814ecb5b873666c6f21dbf51d20a64250e4d6a82c41ab522eb1a0bc2c678
baseline_v8,True,ok,0,3,CH03,lowG2,4,1010,1010,1010,1,1.0,1.0,1.0,EQ07,EQ106,boss_defeated,37.0833333333325,12.94074,0.920384449863721,555.0,0.0,0.0,0.0,2225,5c8dfb5c456ff2346890c02ba73427db337e27a22ba91d83bded269d5ce03b6e,bee8814ecb5b873666c6f21dbf51d20a64250e4d6a82c41ab522eb1a0bc2c678
baseline_v8,True,ok,0,4,CH01,G2,4,1001,1001,1001,1,1.0,1.0,1.0,EQ09,EQ110,boss_defeated,40.4166666666657,13.614591,0.971377636921858,289.0,453.0,0.0,0.0,2425,5c8dfb5c456ff2346890c02ba73427db337e27a22ba91d83bded269d5ce03b6e,bee8814ecb5b873666c6f21dbf51d20a64250e4d6a82c41ab522eb1a0bc2c678
baseline_v8,True,ok,0,4,CH01,G2,4,1002,1002,1002,1,1.0,1.0,1.0,EQ09,EQ110,boss_defeated,47.9999999999986,15.230599,0.886203822917698,1149.0,1586.0,0.0,0.0,2880,5c8dfb5c456ff2346890c02ba73427db337e27a22ba91d83bded269d5ce03b6e,bee8814ecb5b873666c6f21dbf51d20a64250e4d6a82c41ab522eb1a0bc2c678
baseline_v8,True,ok,0,4,CH01,G2,4,1003,1003,1003,1,1.0,1.0,1.0,EQ09,EQ110,boss_defeated,57.8333333333313,16.787766,0.910171338021194,907.0,548.0,0.0,0.0,3470,5c8dfb5c456ff2346890c02ba73427db337e27a22ba91d83bded269d5ce03b6e,bee8814ecb5b873666c6f21dbf51d20a64250e4d6a82c41ab522eb1a0bc2c678
baseline_v8,True,ok,0,4,CH01,G2,4,1004,1004,1004,1,1.0,1.0,1.0,EQ09,EQ110,boss_defeated,47.9999999999986,14.553258,0.942755273843716,578.0,544.0,0.0,0.0,2880,5c8dfb5c456ff2346890c02ba73427db337e27a22ba91d83bded269d5ce03b6e,bee8814ecb5b873666c6f21dbf51d20a64250e4d6a82c41ab522eb1a0bc2c678
baseline_v8,True,ok,0,4,CH01,G2,4,1005,1005,1005,1,1.0,1.0,1.0,EQ09,EQ110,boss_defeated,43.4333333333322,12.897792,0.971377636921858,289.0,453.0,0.0,0.0,2606,5c8dfb5c456ff2346890c02ba73427db337e27a22ba91d83bded269d5ce03b6e,bee8814ecb5b873666c6f21dbf51d20a64250e4d6a82c41ab522eb1a0bc2c678
baseline_v8,True,ok,0,4,CH01,G2,4,1006,1006,1006,1,1.0,1.0,1.0,EQ09,EQ110,boss_defeated,49.5166666666651,13.552799,1.0,0.0,858.0,0.0,0.0,2971,5c8dfb5c456ff2346890c02ba73427db337e27a22ba91d83bded269d5ce03b6e,bee8814ecb5b873666c6f21dbf51d20a64250e4d6a82c41ab522eb1a0bc2c678
baseline_v8,True,ok,0,4,CH01,G2,4,1007,1007,1007,1,1.0,1.0,1.0,EQ09,EQ110,boss_defeated,37.3833333333325,10.368111,0.971377636921858,289.0,453.0,0.0,0.0,2243,5c8dfb5c456ff2346890c02ba73427db337e27a22ba91d83bded269d5ce03b6e,bee8814ecb5b873666c6f21dbf51d20a64250e4d6a82c41ab522eb1a0bc2c678
baseline_v8,True,ok,0,4,CH01,G2,4,1008,1008,1008,1,1.0,1.0,1.0,EQ09,EQ110,boss_defeated,55.3333333333315,14.769483,0.967713182133307,326.0,1300.0,0.0,0.0,3320,5c8dfb5c456ff2346890c02ba73427db337e27a22ba91d83bded269d5ce03b6e,bee8814ecb5b873666c6f21dbf51d20a64250e4d6a82c41ab522eb1a0bc2c678
baseline_v8,True,ok,0,4,CH01,G2,4,1009,1009,1009,1,1.0,1.0,1.0,EQ09,EQ110,boss_defeated,37.7666666666658,10.593653,1.0,498.0,468.0,498.0,0.0,2266,5c8dfb5c456ff2346890c02ba73427db337e27a22ba91d83bded269d5ce03b6e,bee8814ecb5b873666c6f21dbf51d20a64250e4d6a82c41ab522eb1a0bc2c678
baseline_v8,True,ok,0,4,CH01,G2,4,1010,1010,1010,1,1.0,1.0,1.0,EQ09,EQ110,boss_defeated,40.999999999999,11.894917,1.0,453.0,498.0,453.0,0.0,2460,5c8dfb5c456ff2346890c02ba73427db337e27a22ba91d83bded269d5ce03b6e,bee8814ecb5b873666c6f21dbf51d20a64250e4d6a82c41ab522eb1a0bc2c678
baseline_v8,True,ok,0,4,CH01,P5,4,1001,1001,1001,1,1.0,1.0,1.0,EQ09,EQ110,boss_defeated,60.3499999999979,18.411031,0.892195530058563,902.0,1377.0,0.0,0.0,3621,5c8dfb5c456ff2346890c02ba73427db337e27a22ba91d83bded269d5ce03b6e,bee8814ecb5b873666c6f21dbf51d20a64250e4d6a82c41ab522eb1a0bc2c678
baseline_v8,True,ok,0,4,CH01,P5,4,1002,1002,1002,1,1.0,1.0,1.0,EQ09,EQ110,boss_defeated,47.7999999999986,14.309348,0.962949683279551,310.0,1484.0,0.0,0.0,2868,5c8dfb5c456ff2346890c02ba73427db337e27a22ba91d83bded269d5ce03b6e,bee8814ecb5b873666c6f21dbf51d20a64250e4d6a82c41ab522eb1a0bc2c678
baseline_v8,True,ok,0,4,CH01,P5,4,1003,1003,1003,1,1.0,1.0,1.0,EQ09,EQ110,boss_defeated,48.4999999999985,13.68382,0.892076012907852,903.0,1589.0,0.0,0.0,2910,5c8dfb5c456ff2346890c02ba73427db337e27a22ba91d83bded269d5ce03b6e,bee8814ecb5b873666c6f21dbf51d20a64250e4d6a82c41ab522eb1a0bc2c678
baseline_v8,True,ok,0,4,CH01,P5,4,1004,1004,1004,1,1.0,1.0,1.0,EQ09,EQ110,boss_defeated,53.6999999999982,15.933213,0.942990319110792,477.0,896.0,0.0,0.0,3222,5c8dfb5c456ff2346890c02ba73427db337e27a22ba91d83bded269d5ce03b6e,bee8814ecb5b873666c6f21dbf51d20a64250e4d6a82c41ab522eb1a0bc2c678
baseline_v8,True,ok,0,4,CH01,P5,4,1005,1005,1005,1,1.0,1.0,1.0,EQ09,EQ110,boss_defeated,42.7999999999989,13.673705,0.962949683279551,310.0,1567.0,0.0,0.0,2568,5c8dfb5c456ff2346890c02ba73427db337e27a22ba91d83bded269d5ce03b6e,bee8814ecb5b873666c6f21dbf51d20a64250e4d6a82c41ab522eb1a0bc2c678
baseline_v8,True,ok,0,4,CH01,P5,4,1006,1006,1006,1,1.0,1.0,1.0,EQ09,EQ110,boss_defeated,55.5666666666648,14.290616,0.796820843791084,1700.0,483.0,0.0,0.366666666666667,3334,5c8dfb5c456ff2346890c02ba73427db337e27a22ba91d83bded269d5ce03b6e,bee8814ecb5b873666c6f21dbf51d20a64250e4d6a82c41ab522eb1a0bc2c678
baseline_v8,True,ok,0,4,CH01,P5,4,1007,1007,1007,1,1.0,1.0,1.0,EQ09,EQ110,boss_defeated,52.9333333333316,14.298969,0.826580614318155,1451.0,533.0,0.0,0.0,3176,5c8dfb5c456ff2346890c02ba73427db337e27a22ba91d83bded269d5ce03b6e,bee8814ecb5b873666c6f21dbf51d20a64250e4d6a82c41ab522eb1a0bc2c678
baseline_v8,True,ok,0,4,CH01,P5,4,1008,1008,1008,1,1.0,1.0,1.0,EQ09,EQ110,boss_defeated,54.3333333333315,15.355653,0.904983865184654,795.0,1499.0,0.0,0.0,3260,5c8dfb5c456ff2346890c02ba73427db337e27a22ba91d83bded269d5ce03b6e,bee8814ecb5b873666c6f21dbf51d20a64250e4d6a82c41ab522eb1a0bc2c678
baseline_v8,True,ok,0,4,CH01,P5,4,1009,1009,1009,1,1.0,1.0,1.0,EQ09,EQ110,boss_defeated,49.1166666666652,15.743908,0.95016134815346,417.0,1522.0,0.0,0.0,2947,5c8dfb5c456ff2346890c02ba73427db337e27a22ba91d83bded269d5ce03b6e,bee8814ecb5b873666c6f21dbf51d20a64250e4d6a82c41ab522eb1a0bc2c678
baseline_v8,True,ok,0,4,CH01,P5,4,1010,1010,1010,1,1.0,1.0,1.0,EQ09,EQ110,boss_defeated,53.4833333333316,14.547911,1.0,0.0,1600.0,0.0,0.0,3209,5c8dfb5c456ff2346890c02ba73427db337e27a22ba91d83bded269d5ce03b6e,bee8814ecb5b873666c6f21dbf51d20a64250e4d6a82c41ab522eb1a0bc2c678
baseline_v8,True,ok,0,4,CH01,lowG2,4,1001,1001,1001,1,1.0,1.0,1.0,EQ09,EQ110,boss_defeated,55.2666666666648,16.516377,0.95244459293908,427.0,1905.0,0.0,0.0,3316,5c8dfb5c456ff2346890c02ba73427db337e27a22ba91d83bded269d5ce03b6e,bee8814ecb5b873666c6f21dbf51d20a64250e4d6a82c41ab522eb1a0bc2c678
baseline_v8,True,ok,0,4,CH01,lowG2,4,1002,1002,1002,1,1.0,1.0,1.0,EQ09,EQ110,boss_defeated,47.9999999999986,15.655871,1.0,317.0,1092.0,317.0,0.0,2880,5c8dfb5c456ff2346890c02ba73427db337e27a22ba91d83bded269d5ce03b6e,bee8814ecb5b873666c6f21dbf51d20a64250e4d6a82c41ab522eb1a0bc2c678
baseline_v8,True,ok,0,4,CH01,lowG2,4,1003,1003,1003,1,1.0,1.0,1.0,EQ09,EQ110,boss_defeated,47.1833333333319,12.474001,0.964695400378661,317.0,0.0,0.0,0.0,2831,5c8dfb5c456ff2346890c02ba73427db337e27a22ba91d83bded269d5ce03b6e,bee8814ecb5b873666c6f21dbf51d20a64250e4d6a82c41ab522eb1a0bc2c678
baseline_v8,True,ok,0,4,CH01,lowG2,4,1004,1004,1004,1,1.0,1.0,1.0,EQ09,EQ110,boss_defeated,48.8666666666652,14.239052,0.945650963358949,488.0,966.0,0.0,0.0,2932,5c8dfb5c456ff2346890c02ba73427db337e27a22ba91d83bded269d5ce03b6e,bee8814ecb5b873666c6f21dbf51d20a64250e4d6a82c41ab522eb1a0bc2c678
baseline_v8,True,ok,0,4,CH01,lowG2,4,1005,1005,1005,1,1.0,1.0,1.0,EQ09,EQ110,boss_defeated,42.7999999999989,13.302041,0.964695400378661,317.0,1410.0,0.0,0.0,2568,5c8dfb5c456ff2346890c02ba73427db337e27a22ba91d83bded269d5ce03b6e,bee8814ecb5b873666c6f21dbf51d20a64250e4d6a82c41ab522eb1a0bc2c678
baseline_v8,True,ok,0,4,CH01,lowG2,4,1006,1006,1006,1,1.0,1.0,1.0,EQ09,EQ110,boss_defeated,54.7166666666648,16.756407,0.854215391468983,1309.0,494.0,0.0,0.366666666666667,3283,5c8dfb5c456ff2346890c02ba73427db337e27a22ba91d83bded269d5ce03b6e,bee8814ecb5b873666c6f21dbf51d20a64250e4d6a82c41ab522eb1a0bc2c678
baseline_v8,True,ok,0,4,CH01,lowG2,4,1007,1007,1007,1,1.0,1.0,1.0,EQ09,EQ110,boss_defeated,55.1499999999982,15.576138,0.834614099565653,1485.0,1142.0,0.0,0.0,3309,5c8dfb5c456ff2346890c02ba73427db337e27a22ba91d83bded269d5ce03b6e,bee8814ecb5b873666c6f21dbf51d20a64250e4d6a82c41ab522eb1a0bc2c678
baseline_v8,True,ok,0,4,CH01,lowG2,4,1008,1008,1008,1,1.0,1.0,1.0,EQ09,EQ110,boss_defeated,48.1499999999985,13.814518,0.964695400378661,317.0,1367.0,0.0,0.0,2889,5c8dfb5c456ff2346890c02ba73427db337e27a22ba91d83bded269d5ce03b6e,bee8814ecb5b873666c6f21dbf51d20a64250e4d6a82c41ab522eb1a0bc2c678
baseline_v8,True,ok,0,4,CH01,lowG2,4,1009,1009,1009,1,1.0,1.0,1.0,EQ09,EQ110,boss_defeated,41.3833333333323,10.956849,1.0,427.0,596.0,427.0,0.0,2483,5c8dfb5c456ff2346890c02ba73427db337e27a22ba91d83bded269d5ce03b6e,bee8814ecb5b873666c6f21dbf51d20a64250e4d6a82c41ab522eb1a0bc2c678
baseline_v8,True,ok,0,4,CH01,lowG2,4,1010,1010,1010,1,1.0,1.0,1.0,EQ09,EQ110,boss_defeated,49.0833333333318,14.130465,0.953892415636485,414.0,2041.0,0.0,2.48333333333333,2945,5c8dfb5c456ff2346890c02ba73427db337e27a22ba91d83bded269d5ce03b6e,bee8814ecb5b873666c6f21dbf51d20a64250e4d6a82c41ab522eb1a0bc2c678
baseline_v8,True,ok,0,4,CH02,G2,4,1001,1001,1001,1,1.0,1.0,1.0,EQ05,EQ102,boss_defeated,22.7,8.017915,1.0,0.0,0.0,0.0,0.0,1362,5c8dfb5c456ff2346890c02ba73427db337e27a22ba91d83bded269d5ce03b6e,bee8814ecb5b873666c6f21dbf51d20a64250e4d6a82c41ab522eb1a0bc2c678
baseline_v8,True,ok,0,4,CH02,G2,4,1002,1002,1002,1,1.0,1.0,1.0,EQ05,EQ102,boss_defeated,30.1999999999996,10.477889,0.955987828732884,405.0,184.0,0.0,0.0,1812,5c8dfb5c456ff2346890c02ba73427db337e27a22ba91d83bded269d5ce03b6e,bee8814ecb5b873666c6f21dbf51d20a64250e4d6a82c41ab522eb1a0bc2c678
baseline_v8,True,ok,0,4,CH02,G2,4,1003,1003,1003,1,1.0,1.0,1.0,EQ05,EQ102,boss_defeated,24.5666666666666,9.607519,1.0,0.0,0.0,0.0,0.0,1474,5c8dfb5c456ff2346890c02ba73427db337e27a22ba91d83bded269d5ce03b6e,bee8814ecb5b873666c6f21dbf51d20a64250e4d6a82c41ab522eb1a0bc2c678
baseline_v8,True,ok,0,4,CH02,G2,4,1004,1004,1004,1,1.0,1.0,1.0,EQ05,EQ102,boss_defeated,26.1333333333331,12.335743,0.88795913931754,1031.0,0.0,0.0,0.0,1568,5c8dfb5c456ff2346890c02ba73427db337e27a22ba91d83bded269d5ce03b6e,bee8814ecb5b873666c6f21dbf51d20a64250e4d6a82c41ab522eb1a0bc2c678
baseline_v8,True,ok,0,4,CH02,G2,4,1005,1005,1005,1,1.0,1.0,1.0,EQ05,EQ102,boss_defeated,27.1999999999997,9.366421,1.0,0.0,0.0,0.0,0.0,1632,5c8dfb5c456ff2346890c02ba73427db337e27a22ba91d83bded269d5ce03b6e,bee8814ecb5b873666c6f21dbf51d20a64250e4d6a82c41ab522eb1a0bc2c678
baseline_v8,True,ok,0,4,CH02,G2,4,1006,1006,1006,1,1.0,1.0,1.0,EQ05,EQ102,boss_defeated,26.0833333333331,10.194577,1.0,0.0,0.0,0.0,0.0,1565,5c8dfb5c456ff2346890c02ba73427db337e27a22ba91d83bded269d5ce03b6e,bee8814ecb5b873666c6f21dbf51d20a64250e4d6a82c41ab522eb1a0bc2c678
baseline_v8,True,ok,0,4,CH02,G2,4,1007,1007,1007,1,1.0,1.0,1.0,EQ05,EQ102,boss_defeated,26.8666666666664,9.481307,1.0,0.0,0.0,0.0,0.0,1612,5c8dfb5c456ff2346890c02ba73427db337e27a22ba91d83bded269d5ce03b6e,bee8814ecb5b873666c6f21dbf51d20a64250e4d6a82c41ab522eb1a0bc2c678
baseline_v8,True,ok,0,4,CH02,G2,4,1008,1008,1008,1,1.0,1.0,1.0,EQ05,EQ102,boss_defeated,30.3499999999996,12.426762,0.899369702238644,926.0,184.0,0.0,0.0,1821,5c8dfb5c456ff2346890c02ba73427db337e27a22ba91d83bded269d5ce03b6e,bee8814ecb5b873666c6f21dbf51d20a64250e4d6a82c41ab522eb1a0bc2c678
baseline_v8,True,ok,0,4,CH02,G2,4,1009,1009,1009,1,1.0,1.0,1.0,EQ05,EQ102,boss_defeated,27.3166666666664,11.950626,0.963377526624647,337.0,184.0,0.0,0.0,1639,5c8dfb5c456ff2346890c02ba73427db337e27a22ba91d83bded269d5ce03b6e,bee8814ecb5b873666c6f21dbf51d20a64250e4d6a82c41ab522eb1a0bc2c678
baseline_v8,True,ok,0,4,CH02,G2,4,1010,1010,1010,1,1.0,1.0,1.0,EQ05,EQ102,boss_defeated,25.7833333333332,10.250048,0.930232558139535,642.0,0.0,0.0,0.0,1547,5c8dfb5c456ff2346890c02ba73427db337e27a22ba91d83bded269d5ce03b6e,bee8814ecb5b873666c6f21dbf51d20a64250e4d6a82c41ab522eb1a0bc2c678
baseline_v8,True,ok,0,4,CH02,P5,4,1001,1001,1001,1,1.0,1.0,1.0,EQ05,EQ102,boss_defeated,28.5666666666663,12.384156,1.0,0.0,0.0,0.0,0.0,1714,5c8dfb5c456ff2346890c02ba73427db337e27a22ba91d83bded269d5ce03b6e,bee8814ecb5b873666c6f21dbf51d20a64250e4d6a82c41ab522eb1a0bc2c678
baseline_v8,True,ok,0,4,CH02,P5,4,1002,1002,1002,1,1.0,1.0,1.0,EQ05,EQ102,boss_defeated,30.7833333333329,13.628381,0.86661394490576,1012.0,0.0,0.0,0.0,1847,5c8dfb5c456ff2346890c02ba73427db337e27a22ba91d83bded269d5ce03b6e,bee8814ecb5b873666c6f21dbf51d20a64250e4d6a82c41ab522eb1a0bc2c678
baseline_v8,True,ok,0,4,CH02,P5,4,1003,1003,1003,1,1.0,1.0,1.0,EQ05,EQ102,boss_defeated,31.4999999999995,11.134715,0.952945828390668,357.0,0.0,0.0,0.0,1890,5c8dfb5c456ff2346890c02ba73427db337e27a22ba91d83bded269d5ce03b6e,bee8814ecb5b873666c6f21dbf51d20a64250e4d6a82c41ab522eb1a0bc2c678
baseline_v8,True,ok,0,4,CH02,P5,4,1004,1004,1004,1,1.0,1.0,1.0,EQ05,EQ102,boss_defeated,30.4166666666662,13.682389,0.877421905891657,930.0,152.0,0.0,0.0,1825,5c8dfb5c456ff2346890c02ba73427db337e27a22ba91d83bded269d5ce03b6e,bee8814ecb5b873666c6f21dbf51d20a64250e4d6a82c41ab522eb1a0bc2c678
baseline_v8,True,ok,0,4,CH02,P5,4,1005,1005,1005,1,1.0,1.0,1.0,EQ05,EQ102,boss_defeated,30.3666666666662,11.875063,1.0,0.0,0.0,0.0,0.0,1822,5c8dfb5c456ff2346890c02ba73427db337e27a22ba91d83bded269d5ce03b6e,bee8814ecb5b873666c6f21dbf51d20a64250e4d6a82c41ab522eb1a0bc2c678
baseline_v8,True,ok,0,4,CH02,P5,4,1006,1006,1006,1,1.0,1.0,1.0,EQ05,EQ102,boss_defeated,33.3999999999994,14.408295,1.0,0.0,0.0,0.0,0.0,2004,5c8dfb5c456ff2346890c02ba73427db337e27a22ba91d83bded269d5ce03b6e,bee8814ecb5b873666c6f21dbf51d20a64250e4d6a82c41ab522eb1a0bc2c678
baseline_v8,True,ok,0,4,CH02,P5,4,1007,1007,1007,1,1.0,1.0,1.0,EQ05,EQ102,boss_defeated,29.6499999999996,12.285471,0.927639383155397,549.0,0.0,0.0,0.0,1779,5c8dfb5c456ff2346890c02ba73427db337e27a22ba91d83bded269d5ce03b6e,bee8814ecb5b873666c6f21dbf51d20a64250e4d6a82c41ab522eb1a0bc2c678
baseline_v8,True,ok,0,4,CH02,P5,4,1008,1008,1008,1,1.0,1.0,1.0,EQ05,EQ102,boss_defeated,31.0999999999995,12.263017,0.942137867404771,439.0,0.0,0.0,0.0,1866,5c8dfb5c456ff2346890c02ba73427db337e27a22ba91d83bded269d5ce03b6e,bee8814ecb5b873666c6f21dbf51d20a64250e4d6a82c41ab522eb1a0bc2c678
baseline_v8,True,ok,0,4,CH02,P5,4,1009,1009,1009,1,1.0,1.0,1.0,EQ05,EQ102,boss_defeated,28.8166666666663,10.513605,1.0,0.0,0.0,0.0,0.0,1729,5c8dfb5c456ff2346890c02ba73427db337e27a22ba91d83bded269d5ce03b6e,bee8814ecb5b873666c6f21dbf51d20a64250e4d6a82c41ab522eb1a0bc2c678
baseline_v8,True,ok,0,4,CH02,P5,4,1010,1010,1010,1,1.0,1.0,1.0,EQ05,EQ102,boss_defeated,28.683333333333,11.613749,0.924344273098721,574.0,114.0,0.0,0.0,1721,5c8dfb5c456ff2346890c02ba73427db337e27a22ba91d83bded269d5ce03b6e,bee8814ecb5b873666c6f21dbf51d20a64250e4d6a82c41ab522eb1a0bc2c678
baseline_v8,True,ok,0,4,CH02,lowG2,4,1001,1001,1001,1,1.0,1.0,1.0,EQ05,EQ102,boss_defeated,27.8666666666664,11.178271,1.0,0.0,0.0,0.0,0.0,1672,5c8dfb5c456ff2346890c02ba73427db337e27a22ba91d83bded269d5ce03b6e,bee8814ecb5b873666c6f21dbf51d20a64250e4d6a82c41ab522eb1a0bc2c678
baseline_v8,True,ok,0,4,CH02,lowG2,4,1002,1002,1002,1,1.0,1.0,1.0,EQ05,EQ102,boss_defeated,32.0499999999995,13.366658,1.0,0.0,0.0,0.0,0.0,1923,5c8dfb5c456ff2346890c02ba73427db337e27a22ba91d83bded269d5ce03b6e,bee8814ecb5b873666c6f21dbf51d20a64250e4d6a82c41ab522eb1a0bc2c678
baseline_v8,True,ok,0,4,CH02,lowG2,4,1003,1003,1003,1,1.0,1.0,1.0,EQ05,EQ102,boss_defeated,30.3666666666662,9.732642,1.0,0.0,0.0,0.0,0.0,1822,5c8dfb5c456ff2346890c02ba73427db337e27a22ba91d83bded269d5ce03b6e,bee8814ecb5b873666c6f21dbf51d20a64250e4d6a82c41ab522eb1a0bc2c678
baseline_v8,True,ok,0,4,CH02,lowG2,4,1004,1004,1004,1,1.0,1.0,1.0,EQ05,EQ102,boss_defeated,26.5666666666664,12.315342,1.0,0.0,0.0,0.0,0.0,1594,5c8dfb5c456ff2346890c02ba73427db337e27a22ba91d83bded269d5ce03b6e,bee8814ecb5b873666c6f21dbf51d20a64250e4d6a82c41ab522eb1a0bc2c678
baseline_v8,True,ok,0,4,CH02,lowG2,4,1005,1005,1005,1,1.0,1.0,1.0,EQ05,EQ102,boss_defeated,29.2499999999996,11.40548,1.0,0.0,0.0,0.0,0.0,1755,5c8dfb5c456ff2346890c02ba73427db337e27a22ba91d83bded269d5ce03b6e,bee8814ecb5b873666c6f21dbf51d20a64250e4d6a82c41ab522eb1a0bc2c678
baseline_v8,True,ok,0,4,CH02,lowG2,4,1006,1006,1006,1,1.0,1.0,1.0,EQ05,EQ102,boss_defeated,28.4499999999997,11.660239,1.0,0.0,0.0,0.0,0.0,1707,5c8dfb5c456ff2346890c02ba73427db337e27a22ba91d83bded269d5ce03b6e,bee8814ecb5b873666c6f21dbf51d20a64250e4d6a82c41ab522eb1a0bc2c678
baseline_v8,True,ok,0,4,CH02,lowG2,4,1007,1007,1007,1,1.0,1.0,1.0,EQ05,EQ102,boss_defeated,30.6833333333329,12.53683,1.0,0.0,0.0,0.0,0.0,1841,5c8dfb5c456ff2346890c02ba73427db337e27a22ba91d83bded269d5ce03b6e,bee8814ecb5b873666c6f21dbf51d20a64250e4d6a82c41ab522eb1a0bc2c678
baseline_v8,True,ok,0,4,CH02,lowG2,4,1008,1008,1008,1,1.0,1.0,1.0,EQ05,EQ102,boss_defeated,32.2999999999995,11.340533,1.0,0.0,0.0,0.0,0.0,1938,5c8dfb5c456ff2346890c02ba73427db337e27a22ba91d83bded269d5ce03b6e,bee8814ecb5b873666c6f21dbf51d20a64250e4d6a82c41ab522eb1a0bc2c678
baseline_v8,True,ok,0,4,CH02,lowG2,4,1009,1009,1009,1,1.0,1.0,1.0,EQ05,EQ102,boss_defeated,33.0499999999994,13.335169,1.0,0.0,519.0,0.0,0.0,1983,5c8dfb5c456ff2346890c02ba73427db337e27a22ba91d83bded269d5ce03b6e,bee8814ecb5b873666c6f21dbf51d20a64250e4d6a82c41ab522eb1a0bc2c678
baseline_v8,True,ok,0,4,CH02,lowG2,4,1010,1010,1010,1,1.0,1.0,1.0,EQ05,EQ102,boss_defeated,31.3999999999995,11.341235,1.0,0.0,0.0,0.0,0.0,1884,5c8dfb5c456ff2346890c02ba73427db337e27a22ba91d83bded269d5ce03b6e,bee8814ecb5b873666c6f21dbf51d20a64250e4d6a82c41ab522eb1a0bc2c678
baseline_v8,True,ok,0,4,CH03,G2,4,1001,1001,1001,1,1.0,1.0,1.0,EQ05,EQ102,boss_defeated,36.2166666666659,13.515036,0.921350786492135,715.0,182.0,0.0,0.0,2173,5c8dfb5c456ff2346890c02ba73427db337e27a22ba91d83bded269d5ce03b6e,bee8814ecb5b873666c6f21dbf51d20a64250e4d6a82c41ab522eb1a0bc2c678
baseline_v8,True,ok,0,4,CH03,G2,4,1002,1002,1002,1,1.0,1.0,1.0,EQ05,EQ102,boss_defeated,36.0999999999992,13.493863,0.849191508084919,1371.0,364.0,0.0,0.0,2166,5c8dfb5c456ff2346890c02ba73427db337e27a22ba91d83bded269d5ce03b6e,bee8814ecb5b873666c6f21dbf51d20a64250e4d6a82c41ab522eb1a0bc2c678
baseline_v8,True,ok,0,4,CH03,G2,4,1003,1003,1003,1,1.0,1.0,1.0,EQ05,EQ102,boss_defeated,33.1999999999994,12.76343,0.990650093499065,85.0,182.0,0.0,0.0,1992,5c8dfb5c456ff2346890c02ba73427db337e27a22ba91d83bded269d5ce03b6e,bee8814ecb5b873666c6f21dbf51d20a64250e4d6a82c41ab522eb1a0bc2c678
baseline_v8,True,ok,0,4,CH03,G2,4,1004,1004,1004,1,1.0,1.0,1.0,EQ05,EQ102,boss_defeated,32.7999999999994,12.042598,1.0,0.0,0.0,0.0,0.0,1968,5c8dfb5c456ff2346890c02ba73427db337e27a22ba91d83bded269d5ce03b6e,bee8814ecb5b873666c6f21dbf51d20a64250e4d6a82c41ab522eb1a0bc2c678
baseline_v8,True,ok,0,4,CH03,G2,4,1005,1005,1005,1,1.0,1.0,1.0,EQ05,EQ102,boss_defeated,38.6333333333324,16.475833,0.880211197888021,1089.0,182.0,0.0,0.816666666666668,2318,5c8dfb5c456ff2346890c02ba73427db337e27a22ba91d83bded269d5ce03b6e,bee8814ecb5b873666c6f21dbf51d20a64250e4d6a82c41ab522eb1a0bc2c678
baseline_v8,True,ok,0,4,CH03,G2,4,1006,1006,1006,1,1.0,1.0,1.0,EQ05,EQ102,boss_defeated,38.2999999999991,13.721609,0.937630623693763,567.0,1019.0,0.0,0.0,2298,5c8dfb5c456ff2346890c02ba73427db337e27a22ba91d83bded269d5ce03b6e,bee8814ecb5b873666c6f21dbf51d20a64250e4d6a82c41ab522eb1a0bc2c678
baseline_v8,True,ok,0,4,CH03,G2,4,1007,1007,1007,1,1.0,1.0,1.0,EQ05,EQ102,boss_defeated,37.8833333333325,12.946047,0.922890771092289,701.0,182.0,0.0,0.0,2273,5c8dfb5c456ff2346890c02ba73427db337e27a22ba91d83bded269d5ce03b6e,bee8814ecb5b873666c6f21dbf51d20a64250e4d6a82c41ab522eb1a0bc2c678
baseline_v8,True,ok,0,4,CH03,G2,4,1008,1008,1008,1,1.0,1.0,1.0,EQ05,EQ102,boss_defeated,35.1833333333326,14.00184,0.90980090199098,820.0,182.0,0.0,0.0,2111,5c8dfb5c456ff2346890c02ba73427db337e27a22ba91d83bded269d5ce03b6e,bee8814ecb5b873666c6f21dbf51d20a64250e4d6a82c41ab522eb1a0bc2c678
baseline_v8,True,ok,0,4,CH03,G2,4,1009,1009,1009,1,1.0,1.0,1.0,EQ05,EQ102,boss_defeated,37.2166666666658,12.530228,1.0,0.0,0.0,0.0,0.0,2233,5c8dfb5c456ff2346890c02ba73427db337e27a22ba91d83bded269d5ce03b6e,bee8814ecb5b873666c6f21dbf51d20a64250e4d6a82c41ab522eb1a0bc2c678
baseline_v8,True,ok,0,4,CH03,G2,4,1010,1010,1010,1,1.0,1.0,1.0,EQ05,EQ102,boss_defeated,46.8666666666653,17.040686,0.801231987680123,1807.0,364.0,0.0,0.800000000000001,2812,5c8dfb5c456ff2346890c02ba73427db337e27a22ba91d83bded269d5ce03b6e,bee8814ecb5b873666c6f21dbf51d20a64250e4d6a82c41ab522eb1a0bc2c678
baseline_v8,True,ok,0,4,CH03,P5,4,1001,1001,1001,1,1.0,1.0,1.0,EQ05,EQ102,boss_defeated,41.7666666666656,15.335313,0.843658210947931,1171.0,246.0,0.0,0.0,2506,5c8dfb5c456ff2346890c02ba73427db337e27a22ba91d83bded269d5ce03b6e,bee8814ecb5b873666c6f21dbf51d20a64250e4d6a82c41ab522eb1a0bc2c678
baseline_v8,True,ok,0,4,CH03,P5,4,1002,1002,1002,1,1.0,1.0,1.0,EQ05,EQ102,boss_defeated,45.1666666666654,16.586706,1.0,510.0,0.0,510.0,0.0,2710,5c8dfb5c456ff2346890c02ba73427db337e27a22ba91d83bded269d5ce03b6e,bee8814ecb5b873666c6f21dbf51d20a64250e4d6a82c41ab522eb1a0bc2c678
baseline_v8,True,ok,0,4,CH03,P5,4,1003,1003,1003,1,1.0,1.0,1.0,EQ05,EQ102,boss_defeated,43.6666666666655,17.576895,0.89479305740988,788.0,150.0,0.0,0.0,2620,5c8dfb5c456ff2346890c02ba73427db337e27a22ba91d83bded269d5ce03b6e,bee8814ecb5b873666c6f21dbf51d20a64250e4d6a82c41ab522eb1a0bc2c678
baseline_v8,True,ok,0,4,CH03,P5,4,1004,1004,1004,1,1.0,1.0,1.0,EQ05,EQ102,boss_defeated,41.1499999999989,14.705297,0.951935914552737,360.0,150.0,0.0,0.0,2469,5c8dfb5c456ff2346890c02ba73427db337e27a22ba91d83bded269d5ce03b6e,bee8814ecb5b873666c6f21dbf51d20a64250e4d6a82c41ab522eb1a0bc2c678
baseline_v8,True,ok,0,4,CH03,P5,4,1005,1005,1005,1,1.0,1.0,1.0,EQ05,EQ102,boss_defeated,38.7499999999991,13.8464,0.922162883845127,583.0,53.0,0.0,1.63333333333333,2325,5c8dfb5c456ff2346890c02ba73427db337e27a22ba91d83bded269d5ce03b6e,bee8814ecb5b873666c6f21dbf51d20a64250e4d6a82c41ab522eb1a0bc2c678
baseline_v8,True,ok,0,4,CH03,P5,4,1006,1006,1006,1,1.0,1.0,1.0,EQ05,EQ102,boss_defeated,44.2666666666654,16.441564,0.81241655540721,1405.0,0.0,0.0,0.0,2656,5c8dfb5c456ff2346890c02ba73427db337e27a22ba91d83bded269d5ce03b6e,bee8814ecb5b873666c6f21dbf51d20a64250e4d6a82c41ab522eb1a0bc2c678
baseline_v8,True,ok,0,4,CH03,P5,4,1007,1007,1007,1,1.0,1.0,1.0,EQ05,EQ102,boss_defeated,48.8166666666652,18.803108,1.0,0.0,1199.0,0.0,0.800000000000001,2929,5c8dfb5c456ff2346890c02ba73427db337e27a22ba91d83bded269d5ce03b6e,bee8814ecb5b873666c6f21dbf51d20a64250e4d6a82c41ab522eb1a0bc2c678
baseline_v8,True,ok,0,4,CH03,P5,4,1008,1008,1008,1,1.0,1.0,1.0,EQ05,EQ102,boss_defeated,42.8999999999988,16.357394,0.976368491321762,177.0,150.0,0.0,0.0,2574,5c8dfb5c456ff2346890c02ba73427db337e27a22ba91d83bded269d5ce03b6e,bee8814ecb5b873666c6f21dbf51d20a64250e4d6a82c41ab522eb1a0bc2c678
baseline_v8,True,ok,0,4,CH03,P5,4,1009,1009,1009,1,1.0,1.0,1.0,EQ05,EQ102,boss_defeated,49.0333333333318,18.288804,0.970761014686248,219.0,150.0,0.0,1.61666666666667,2942,5c8dfb5c456ff2346890c02ba73427db337e27a22ba91d83bded269d5ce03b6e,bee8814ecb5b873666c6f21dbf51d20a64250e4d6a82c41ab522eb1a0bc2c678
baseline_v8,True,ok,0,4,CH03,P5,4,1010,1010,1010,1,1.0,1.0,1.0,EQ05,EQ102,boss_defeated,49.5499999999985,16.154538,0.874499332443258,940.0,150.0,0.0,0.0,2973,5c8dfb5c456ff2346890c02ba73427db337e27a22ba91d83bded269d5ce03b6e,bee8814ecb5b873666c6f21dbf51d20a64250e4d6a82c41ab522eb1a0bc2c678
baseline_v8,True,ok,0,4,CH03,lowG2,4,1001,1001,1001,1,1.0,1.0,1.0,EQ05,EQ102,boss_defeated,39.2499999999991,14.764667,0.876625,987.0,260.0,0.0,0.0,2355,5c8dfb5c456ff2346890c02ba73427db337e27a22ba91d83bded269d5ce03b6e,bee8814ecb5b873666c6f21dbf51d20a64250e4d6a82c41ab522eb1a0bc2c678
baseline_v8,True,ok,0,4,CH03,lowG2,4,1002,1002,1002,1,1.0,1.0,1.0,EQ05,EQ102,boss_defeated,43.5833333333321,16.679065,0.886625,907.0,920.0,0.0,0.816666666666668,2615,5c8dfb5c456ff2346890c02ba73427db337e27a22ba91d83bded269d5ce03b6e,bee8814ecb5b873666c6f21dbf51d20a64250e4d6a82c41ab522eb1a0bc2c678
baseline_v8,True,ok,0,4,CH03,lowG2,4,1003,1003,1003,1,1.0,1.0,1.0,EQ05,EQ102,boss_defeated,42.9833333333322,16.411552,0.945625,435.0,160.0,0.0,0.0,2579,5c8dfb5c456ff2346890c02ba73427db337e27a22ba91d83bded269d5ce03b6e,bee8814ecb5b873666c6f21dbf51d20a64250e4d6a82c41ab522eb1a0bc2c678
baseline_v8,True,ok,0,4,CH03,lowG2,4,1004,1004,1004,1,1.0,1.0,1.0,EQ05,EQ102,boss_defeated,37.5666666666658,14.714522,1.0,0.0,0.0,0.0,0.816666666666668,2254,5c8dfb5c456ff2346890c02ba73427db337e27a22ba91d83bded269d5ce03b6e,bee8814ecb5b873666c6f21dbf51d20a64250e4d6a82c41ab522eb1a0bc2c678
baseline_v8,True,ok,0,4,CH03,lowG2,4,1005,1005,1005,1,1.0,1.0,1.0,EQ05,EQ102,boss_defeated,39.1499999999991,15.00644,1.0,0.0,0.0,0.0,1.63333333333333,2349,5c8dfb5c456ff2346890c02ba73427db337e27a22ba91d83bded269d5ce03b6e,bee8814ecb5b873666c6f21dbf51d20a64250e4d6a82c41ab522eb1a0bc2c678
baseline_v8,True,ok,0,4,CH03,lowG2,4,1006,1006,1006,1,1.0,1.0,1.0,EQ05,EQ102,boss_defeated,43.7333333333321,17.529375,0.905,760.0,160.0,0.0,0.0,2624,5c8dfb5c456ff2346890c02ba73427db337e27a22ba91d83bded269d5ce03b6e,bee8814ecb5b873666c6f21dbf51d20a64250e4d6a82c41ab522eb1a0bc2c678
baseline_v8,True,ok,0,4,CH03,lowG2,4,1007,1007,1007,1,1.0,1.0,1.0,EQ05,EQ102,boss_defeated,42.6666666666655,14.739449,1.0,0.0,523.0,0.0,0.0,2560,5c8dfb5c456ff2346890c02ba73427db337e27a22ba91d83bded269d5ce03b6e,bee8814ecb5b873666c6f21dbf51d20a64250e4d6a82c41ab522eb1a0bc2c678
baseline_v8,True,ok,0,4,CH03,lowG2,4,1008,1008,1008,1,1.0,1.0,1.0,EQ05,EQ102,boss_defeated,45.633333333332,18.484169,1.0,0.0,0.0,0.0,0.0,2738,5c8dfb5c456ff2346890c02ba73427db337e27a22ba91d83bded269d5ce03b6e,bee8814ecb5b873666c6f21dbf51d20a64250e4d6a82c41ab522eb1a0bc2c678
baseline_v8,True,ok,0,4,CH03,lowG2,4,1009,1009,1009,1,1.0,1.0,1.0,EQ05,EQ102,boss_defeated,44.7666666666654,16.041311,0.972625,219.0,160.0,0.0,1.61666666666667,2686,5c8dfb5c456ff2346890c02ba73427db337e27a22ba91d83bded269d5ce03b6e,bee8814ecb5b873666c6f21dbf51d20a64250e4d6a82c41ab522eb1a0bc2c678
baseline_v8,True,ok,0,4,CH03,lowG2,4,1010,1010,1010,1,1.0,1.0,1.0,EQ05,EQ102,boss_defeated,46.5499999999986,15.073622,0.88,960.0,160.0,0.0,0.0,2793,5c8dfb5c456ff2346890c02ba73427db337e27a22ba91d83bded269d5ce03b6e,bee8814ecb5b873666c6f21dbf51d20a64250e4d6a82c41ab522eb1a0bc2c678
candidate_903,True,ok,0,1,CH01,G2,4,1001,1001,1001,903,1.17,1.6,1.0,EQ03,EQ98,boss_defeated,40.9833333333323,11.625374,0.741193501688918,1609.0,746.0,0.0,0.133333333333333,2459,213269eb3f495c13c2208875c2deb44b608eb620cd33dee20d9bcb6e43de75d1,2eb92099ab5d4681ea6d9b6beac38f37e013618bb33f29b22d762da9fd79bd7d
candidate_903,True,ok,0,1,CH01,G2,4,1002,1002,1002,903,1.17,1.6,1.0,EQ03,EQ98,boss_defeated,31.1833333333328,9.520001,0.944185298375422,347.0,499.0,0.0,0.55,1871,213269eb3f495c13c2208875c2deb44b608eb620cd33dee20d9bcb6e43de75d1,2eb92099ab5d4681ea6d9b6beac38f37e013618bb33f29b22d762da9fd79bd7d
candidate_903,True,ok,0,1,CH01,G2,4,1003,1003,1003,903,1.17,1.6,1.0,EQ03,EQ98,boss_defeated,36.9666666666659,11.913769,0.948849927617822,318.0,746.0,0.0,0.0,2218,213269eb3f495c13c2208875c2deb44b608eb620cd33dee20d9bcb6e43de75d1,2eb92099ab5d4681ea6d9b6beac38f37e013618bb33f29b22d762da9fd79bd7d
candidate_903,True,ok,0,1,CH01,G2,4,1004,1004,1004,903,1.17,1.6,1.0,EQ03,EQ98,boss_defeated,35.3999999999993,10.463522,0.883223419655783,726.0,549.0,0.0,0.233333333333333,2124,213269eb3f495c13c2208875c2deb44b608eb620cd33dee20d9bcb6e43de75d1,2eb92099ab5d4681ea6d9b6beac38f37e013618bb33f29b22d762da9fd79bd7d
candidate_903,True,ok,0,1,CH01,G2,4,1005,1005,1005,903,1.17,1.6,1.0,EQ03,EQ98,boss_defeated,34.966666666666,9.59453,0.757439279395207,1508.0,291.0,0.0,0.0,2098,213269eb3f495c13c2208875c2deb44b608eb620cd33dee20d9bcb6e43de75d1,2eb92099ab5d4681ea6d9b6beac38f37e013618bb33f29b22d762da9fd79bd7d
candidate_903,True,ok,0,1,CH01,G2,4,1006,1006,1006,903,1.17,1.6,1.0,EQ03,EQ98,boss_defeated,35.9166666666659,10.738784,0.918288563615892,508.0,621.0,0.0,0.55,2155,213269eb3f495c13c2208875c2deb44b608eb620cd33dee20d9bcb6e43de75d1,2eb92099ab5d4681ea6d9b6beac38f37e013618bb33f29b22d762da9fd79bd7d
candidate_903,True,ok,0,1,CH01,G2,4,1007,1007,1007,903,1.17,1.6,1.0,EQ03,EQ98,boss_defeated,49.1166666666652,15.240539,0.857970082033135,883.0,0.0,0.0,2.13333333333333,2947,213269eb3f495c13c2208875c2deb44b608eb620cd33dee20d9bcb6e43de75d1,2eb92099ab5d4681ea6d9b6beac38f37e013618bb33f29b22d762da9fd79bd7d
candidate_903,True,ok,0,1,CH01,G2,4,1008,1008,1008,903,1.17,1.6,1.0,EQ03,EQ98,boss_defeated,29.9333333333329,9.008913,0.925044233553161,466.0,363.0,0.0,0.55,1796,213269eb3f495c13c2208875c2deb44b608eb620cd33dee20d9bcb6e43de75d1,2eb92099ab5d4681ea6d9b6beac38f37e013618bb33f29b22d762da9fd79bd7d
candidate_903,True,ok,0,1,CH01,G2,4,1009,1009,1009,903,1.17,1.6,1.0,EQ03,EQ98,boss_defeated,45.583333333332,13.236681,0.661733955283899,2103.0,124.0,0.0,0.0,2735,213269eb3f495c13c2208875c2deb44b608eb620cd33dee20d9bcb6e43de75d1,2eb92099ab5d4681ea6d9b6beac38f37e013618bb33f29b22d762da9fd79bd7d
candidate_903,True,ok,0,1,CH01,G2,4,1010,1010,1010,903,1.17,1.6,1.0,EQ03,EQ98,boss_defeated,37.2999999999992,10.905768,0.705002412739263,1834.0,124.0,0.0,0.0,2238,213269eb3f495c13c2208875c2deb44b608eb620cd33dee20d9bcb6e43de75d1,2eb92099ab5d4681ea6d9b6beac38f37e013618bb33f29b22d762da9fd79bd7d
candidate_903,True,ok,0,1,CH01,P5,4,1001,1001,1001,903,1.17,1.6,1.0,EQ03,EQ98,boss_defeated,40.849999999999,11.47094,0.780691530691531,1129.0,496.0,0.0,2.65,2451,213269eb3f495c13c2208875c2deb44b608eb620cd33dee20d9bcb6e43de75d1,2eb92099ab5d4681ea6d9b6beac38f37e013618bb33f29b22d762da9fd79bd7d
candidate_903,True,ok,0,1,CH01,P5,4,1002,1002,1002,903,1.17,1.6,1.0,EQ03,EQ98,boss_defeated,40.749999999999,13.930368,0.854895104895105,747.0,103.0,0.0,0.55,2445,213269eb3f495c13c2208875c2deb44b608eb620cd33dee20d9bcb6e43de75d1,2eb92099ab5d4681ea6d9b6beac38f37e013618bb33f29b22d762da9fd79bd7d
candidate_903,True,ok,0,1,CH01,P5,4,1003,1003,1003,903,1.17,1.6,1.0,EQ03,EQ98,boss_defeated,46.3166666666653,14.337597,0.932400932400932,348.0,272.0,0.0,0.0,2779,213269eb3f495c13c2208875c2deb44b608eb620cd33dee20d9bcb6e43de75d1,2eb92099ab5d4681ea6d9b6beac38f37e013618bb33f29b22d762da9fd79bd7d
candidate_903,True,ok,0,1,CH01,P5,4,1004,1004,1004,903,1.17,1.6,1.0,EQ03,EQ98,boss_defeated,39.7166666666657,12.453424,0.763986013986014,1215.0,354.0,0.0,0.233333333333333,2383,213269eb3f495c13c2208875c2deb44b608eb620cd33dee20d9bcb6e43de75d1,2eb92099ab5d4681ea6d9b6beac38f37e013618bb33f29b22d762da9fd79bd7d
candidate_903,True,ok,0,1,CH01,P5,4,1005,1005,1005,903,1.17,1.6,1.0,EQ03,EQ98,boss_defeated,43.2499999999988,12.992684,0.740870240870241,1334.0,0.0,0.0,0.0,2595,213269eb3f495c13c2208875c2deb44b608eb620cd33dee20d9bcb6e43de75d1,2eb92099ab5d4681ea6d9b6beac38f37e013618bb33f29b22d762da9fd79bd7d
candidate_903,True,ok,0,1,CH01,P5,4,1006,1006,1006,903,1.17,1.6,1.0,EQ03,EQ98,boss_defeated,37.9166666666658,10.982708,0.856060606060606,741.0,412.0,0.0,0.55,2275,213269eb3f495c13c2208875c2deb44b608eb620cd33dee20d9bcb6e43de75d1,2eb92099ab5d4681ea6d9b6beac38f37e013618bb33f29b22d762da9fd79bd7d
candidate_903,True,ok,0,1,CH01,P5,4,1007,1007,1007,903,1.17,1.6,1.0,EQ03,EQ98,boss_defeated,42.8666666666655,12.787353,0.61013986013986,2007.0,103.0,0.0,0.55,2572,213269eb3f495c13c2208875c2deb44b608eb620cd33dee20d9bcb6e43de75d1,2eb92099ab5d4681ea6d9b6beac38f37e013618bb33f29b22d762da9fd79bd7d
candidate_903,True,ok,0,1,CH01,P5,4,1008,1008,1008,903,1.17,1.6,1.0,EQ03,EQ98,boss_defeated,38.6499999999991,11.604688,0.723776223776224,1422.0,0.0,0.0,0.55,2319,213269eb3f495c13c2208875c2deb44b608eb620cd33dee20d9bcb6e43de75d1,2eb92099ab5d4681ea6d9b6beac38f37e013618bb33f29b22d762da9fd79bd7d
candidate_903,True,ok,0,1,CH01,P5,4,1009,1009,1009,903,1.17,1.6,1.0,EQ03,EQ98,boss_defeated,43.5666666666655,12.917605,0.514568764568765,2499.0,515.0,0.0,1.16666666666667,2614,213269eb3f495c13c2208875c2deb44b608eb620cd33dee20d9bcb6e43de75d1,2eb92099ab5d4681ea6d9b6beac38f37e013618bb33f29b22d762da9fd79bd7d
candidate_903,True,ok,0,1,CH01,P5,4,1010,1010,1010,903,1.17,1.6,1.0,EQ03,EQ98,boss_defeated,43.6666666666655,13.438485,0.662393162393162,1738.0,369.0,0.0,0.0,2620,213269eb3f495c13c2208875c2deb44b608eb620cd33dee20d9bcb6e43de75d1,2eb92099ab5d4681ea6d9b6beac38f37e013618bb33f29b22d762da9fd79bd7d
candidate_903,True,ok,0,1,CH01,lowG2,4,1001,1001,1001,903,1.17,1.6,1.0,EQ03,EQ98,boss_defeated,43.0166666666655,12.92778,0.693700217233889,1692.0,663.0,0.0,0.700000000000001,2581,213269eb3f495c13c2208875c2deb44b608eb620cd33dee20d9bcb6e43de75d1,2eb92099ab5d4681ea6d9b6beac38f37e013618bb33f29b22d762da9fd79bd7d
candidate_903,True,ok,0,1,CH01,lowG2,4,1002,1002,1002,903,1.17,1.6,1.0,EQ03,EQ98,boss_defeated,41.9499999999989,12.966116,0.485336712527154,2843.0,422.0,0.0,0.55,2517,213269eb3f495c13c2208875c2deb44b608eb620cd33dee20d9bcb6e43de75d1,2eb92099ab5d4681ea6d9b6beac38f37e013618bb33f29b22d762da9fd79bd7d
candidate_903,True,ok,0,1,CH01,lowG2,4,1003,1003,1003,903,1.17,1.6,1.0,EQ03,EQ98,boss_defeated,40.2333333333323,12.06588,0.806299782766111,1070.0,0.0,0.0,0.0,2414,213269eb3f495c13c2208875c2deb44b608eb620cd33dee20d9bcb6e43de75d1,2eb92099ab5d4681ea6d9b6beac38f37e013618bb33f29b22d762da9fd79bd7d
candidate_903,True,ok,0,1,CH01,lowG2,4,1004,1004,1004,903,1.17,1.6,1.0,EQ03,EQ98,boss_defeated,43.2999999999988,14.35076,0.614952932657495,2127.0,442.0,0.0,0.733333333333334,2598,213269eb3f495c13c2208875c2deb44b608eb620cd33dee20d9bcb6e43de75d1,2eb92099ab5d4681ea6d9b6beac38f37e013618bb33f29b22d762da9fd79bd7d
candidate_903,True,ok,0,1,CH01,lowG2,4,1005,1005,1005,903,1.17,1.6,1.0,EQ03,EQ98,boss_defeated,45.1999999999987,12.654493,0.886495293265749,627.0,0.0,0.0,0.0,2712,213269eb3f495c13c2208875c2deb44b608eb620cd33dee20d9bcb6e43de75d1,2eb92099ab5d4681ea6d9b6beac38f37e013618bb33f29b22d762da9fd79bd7d
candidate_903,True,ok,0,1,CH01,lowG2,4,1006,1006,1006,903,1.17,1.6,1.0,EQ03,EQ98,boss_defeated,37.4999999999992,12.373374,1.0,0.0,0.0,0.0,0.55,2250,213269eb3f495c13c2208875c2deb44b608eb620cd33dee20d9bcb6e43de75d1,2eb92099ab5d4681ea6d9b6beac38f37e013618bb33f29b22d762da9fd79bd7d
candidate_903,True,ok,0,1,CH01,lowG2,4,1007,1007,1007,903,1.17,1.6,1.0,EQ03,EQ98,boss_defeated,46.133333333332,13.489309,0.651701665459812,1924.0,391.0,0.0,0.0,2768,213269eb3f495c13c2208875c2deb44b608eb620cd33dee20d9bcb6e43de75d1,2eb92099ab5d4681ea6d9b6beac38f37e013618bb33f29b22d762da9fd79bd7d
candidate_903,True,ok,0,1,CH01,lowG2,4,1008,1008,1008,903,1.17,1.6,1.0,EQ03,EQ98,boss_defeated,35.2666666666659,10.208142,1.0,0.0,0.0,0.0,0.55,2116,213269eb3f495c13c2208875c2deb44b608eb620cd33dee20d9bcb6e43de75d1,2eb92099ab5d4681ea6d9b6beac38f37e013618bb33f29b22d762da9fd79bd7d
candidate_903,True,ok,0,1,CH01,lowG2,4,1009,1009,1009,903,1.17,1.6,1.0,EQ03,EQ98,boss_defeated,45.9666666666653,13.726717,0.695510499637944,1682.0,519.0,0.0,0.0,2758,213269eb3f495c13c2208875c2deb44b608eb620cd33dee20d9bcb6e43de75d1,2eb92099ab5d4681ea6d9b6beac38f37e013618bb33f29b22d762da9fd79bd7d
candidate_903,True,ok,0,1,CH01,lowG2,4,1010,1010,1010,903,1.17,1.6,1.0,EQ03,EQ98,boss_defeated,41.8666666666656,13.284903,0.82729905865315,954.0,0.0,0.0,0.0,2512,213269eb3f495c13c2208875c2deb44b608eb620cd33dee20d9bcb6e43de75d1,2eb92099ab5d4681ea6d9b6beac38f37e013618bb33f29b22d762da9fd79bd7d
candidate_903,True,ok,0,1,CH02,G2,4,1001,1001,1001,903,1.17,1.6,1.0,EQ04,EQ100,boss_defeated,33.1166666666661,9.300568,1.0,0.0,0.0,0.0,0.5,1987,213269eb3f495c13c2208875c2deb44b608eb620cd33dee20d9bcb6e43de75d1,2eb92099ab5d4681ea6d9b6beac38f37e013618bb33f29b22d762da9fd79bd7d
candidate_903,True,ok,0,1,CH02,G2,4,1002,1002,1002,903,1.17,1.6,1.0,EQ04,EQ100,boss_defeated,33.2166666666661,11.289981,0.871867278503353,726.0,0.0,0.0,0.0,1993,213269eb3f495c13c2208875c2deb44b608eb620cd33dee20d9bcb6e43de75d1,2eb92099ab5d4681ea6d9b6beac38f37e013618bb33f29b22d762da9fd79bd7d
candidate_903,True,ok,0,1,CH02,G2,4,1003,1003,1003,903,1.17,1.6,1.0,EQ04,EQ100,boss_defeated,32.7833333333328,12.362335,0.884927638545711,652.0,113.0,0.0,0.0,1967,213269eb3f495c13c2208875c2deb44b608eb620cd33dee20d9bcb6e43de75d1,2eb92099ab5d4681ea6d9b6beac38f37e013618bb33f29b22d762da9fd79bd7d
candidate_903,True,ok,0,1,CH02,G2,4,1004,1004,1004,903,1.17,1.6,1.0,EQ04,EQ100,boss_defeated,36.1666666666659,14.311936,0.804094599364631,1173.0,226.0,63.0,0.5,2170,213269eb3f495c13c2208875c2deb44b608eb620cd33dee20d9bcb6e43de75d1,2eb92099ab5d4681ea6d9b6beac38f37e013618bb33f29b22d762da9fd79bd7d
candidate_903,True,ok,0,1,CH02,G2,4,1005,1005,1005,903,1.17,1.6,1.0,EQ04,EQ100,boss_defeated,30.3666666666662,10.596217,0.909812919166961,511.0,113.0,0.0,0.0,1822,213269eb3f495c13c2208875c2deb44b608eb620cd33dee20d9bcb6e43de75d1,2eb92099ab5d4681ea6d9b6beac38f37e013618bb33f29b22d762da9fd79bd7d
candidate_903,True,ok,0,1,CH02,G2,4,1006,1006,1006,903,1.17,1.6,1.0,EQ04,EQ100,boss_defeated,30.5499999999995,10.704703,1.0,0.0,0.0,0.0,0.0,1833,213269eb3f495c13c2208875c2deb44b608eb620cd33dee20d9bcb6e43de75d1,2eb92099ab5d4681ea6d9b6beac38f37e013618bb33f29b22d762da9fd79bd7d
candidate_903,True,ok,0,1,CH02,G2,4,1007,1007,1007,903,1.17,1.6,1.0,EQ04,EQ100,boss_defeated,36.1499999999992,11.877263,0.790681256618426,1186.0,0.0,0.0,0.0,2169,213269eb3f495c13c2208875c2deb44b608eb620cd33dee20d9bcb6e43de75d1,2eb92099ab5d4681ea6d9b6beac38f37e013618bb33f29b22d762da9fd79bd7d
candidate_903,True,ok,0,1,CH02,G2,4,1008,1008,1008,903,1.17,1.6,1.0,EQ04,EQ100,boss_defeated,32.3166666666661,9.91256,0.843452170843629,887.0,226.0,0.0,0.5,1939,213269eb3f495c13c2208875c2deb44b608eb620cd33dee20d9bcb6e43de75d1,2eb92099ab5d4681ea6d9b6beac38f37e013618bb33f29b22d762da9fd79bd7d
candidate_903,True,ok,0,1,CH02,G2,4,1009,1009,1009,903,1.17,1.6,1.0,EQ04,EQ100,boss_defeated,35.8999999999992,11.981488,0.84256971408401,892.0,0.0,0.0,0.0,2154,213269eb3f495c13c2208875c2deb44b608eb620cd33dee20d9bcb6e43de75d1,2eb92099ab5d4681ea6d9b6beac38f37e013618bb33f29b22d762da9fd79bd7d
candidate_903,True,ok,0,1,CH02,G2,4,1010,1010,1010,903,1.17,1.6,1.0,EQ04,EQ100,boss_defeated,36.9166666666659,14.567202,0.785915990116484,1213.0,0.0,0.0,0.5,2215,213269eb3f495c13c2208875c2deb44b608eb620cd33dee20d9bcb6e43de75d1,2eb92099ab5d4681ea6d9b6beac38f37e013618bb33f29b22d762da9fd79bd7d
candidate_903,True,ok,0,1,CH02,P5,4,1001,1001,1001,903,1.17,1.6,1.0,EQ04,EQ100,boss_defeated,42.7666666666655,16.266963,0.732862039417309,1247.0,186.0,0.0,0.5,2566,213269eb3f495c13c2208875c2deb44b608eb620cd33dee20d9bcb6e43de75d1,2eb92099ab5d4681ea6d9b6beac38f37e013618bb33f29b22d762da9fd79bd7d
candidate_903,True,ok,0,1,CH02,P5,4,1002,1002,1002,903,1.17,1.6,1.0,EQ04,EQ100,boss_defeated,33.3833333333327,11.416309,0.425449871465296,2682.0,186.0,0.0,0.0,2003,213269eb3f495c13c2208875c2deb44b608eb620cd33dee20d9bcb6e43de75d1,2eb92099ab5d4681ea6d9b6beac38f37e013618bb33f29b22d762da9fd79bd7d
candidate_903,True,ok,0,1,CH02,P5,4,1003,1003,1003,903,1.17,1.6,1.0,EQ04,EQ100,boss_defeated,36.5333333333325,13.73841,1.0,0.0,0.0,0.0,0.0,2192,213269eb3f495c13c2208875c2deb44b608eb620cd33dee20d9bcb6e43de75d1,2eb92099ab5d4681ea6d9b6beac38f37e013618bb33f29b22d762da9fd79bd7d
candidate_903,True,ok,0,1,CH02,P5,4,1004,1004,1004,903,1.17,1.6,1.0,EQ04,EQ100,boss_defeated,54.2999999999982,20.801151,0.877677806341045,571.0,93.0,0.0,0.5,3258,213269eb3f495c13c2208875c2deb44b608eb620cd33dee20d9bcb6e43de75d1,2eb92099ab5d4681ea6d9b6beac38f37e013618bb33f29b22d762da9fd79bd7d
candidate_903,True,ok,0,1,CH02,P5,4,1005,1005,1005,903,1.17,1.6,1.0,EQ04,EQ100,boss_defeated,34.2833333333327,10.349912,0.819622964867181,842.0,93.0,0.0,0.0,2057,213269eb3f495c13c2208875c2deb44b608eb620cd33dee20d9bcb6e43de75d1,2eb92099ab5d4681ea6d9b6beac38f37e013618bb33f29b22d762da9fd79bd7d
candidate_903,True,ok,0,1,CH02,P5,4,1006,1006,1006,903,1.17,1.6,1.0,EQ04,EQ100,boss_defeated,41.7833333333322,15.993193,0.938946015424165,285.0,0.0,0.0,0.0,2507,213269eb3f495c13c2208875c2deb44b608eb620cd33dee20d9bcb6e43de75d1,2eb92099ab5d4681ea6d9b6beac38f37e013618bb33f29b22d762da9fd79bd7d
candidate_903,True,ok,0,1,CH02,P5,4,1007,1007,1007,903,1.17,1.6,1.0,EQ04,EQ100,boss_defeated,35.9833333333326,13.139194,0.756640959725793,1136.0,0.0,0.0,0.0,2159,213269eb3f495c13c2208875c2deb44b608eb620cd33dee20d9bcb6e43de75d1,2eb92099ab5d4681ea6d9b6beac38f37e013618bb33f29b22d762da9fd79bd7d
candidate_903,True,ok,0,1,CH02,P5,4,1008,1008,1008,903,1.17,1.6,1.0,EQ04,EQ100,boss_defeated,36.2333333333326,10.947716,0.8455441302485,721.0,93.0,0.0,0.0,2174,213269eb3f495c13c2208875c2deb44b608eb620cd33dee20d9bcb6e43de75d1,2eb92099ab5d4681ea6d9b6beac38f37e013618bb33f29b22d762da9fd79bd7d
candidate_903,True,ok,0,1,CH02,P5,4,1009,1009,1009,903,1.17,1.6,1.0,EQ04,EQ100,boss_defeated,40.0333333333323,13.224669,0.735646958011997,1234.0,0.0,0.0,0.0,2402,213269eb3f495c13c2208875c2deb44b608eb620cd33dee20d9bcb6e43de75d1,2eb92099ab5d4681ea6d9b6beac38f37e013618bb33f29b22d762da9fd79bd7d
candidate_903,True,ok,0,1,CH02,P5,4,1010,1010,1010,903,1.17,1.6,1.0,EQ04,EQ100,boss_defeated,41.1166666666656,15.9296,0.72343616109683,1291.0,0.0,0.0,0.5,2467,213269eb3f495c13c2208875c2deb44b608eb620cd33dee20d9bcb6e43de75d1,2eb92099ab5d4681ea6d9b6beac38f37e013618bb33f29b22d762da9fd79bd7d
candidate_903,True,ok,0,1,CH02,lowG2,4,1001,1001,1001,903,1.17,1.6,1.0,EQ04,EQ100,boss_defeated,41.1166666666656,14.160606,0.841050310683504,793.0,100.0,0.0,0.5,2467,213269eb3f495c13c2208875c2deb44b608eb620cd33dee20d9bcb6e43de75d1,2eb92099ab5d4681ea6d9b6beac38f37e013618bb33f29b22d762da9fd79bd7d
candidate_903,True,ok,0,1,CH02,lowG2,4,1002,1002,1002,903,1.17,1.6,1.0,EQ04,EQ100,boss_defeated,34.066666666666,11.964826,0.417518540789737,2906.0,200.0,0.0,0.0,2044,213269eb3f495c13c2208875c2deb44b608eb620cd33dee20d9bcb6e43de75d1,2eb92099ab5d4681ea6d9b6beac38f37e013618bb33f29b22d762da9fd79bd7d
candidate_903,True,ok,0,1,CH02,lowG2,4,1003,1003,1003,903,1.17,1.6,1.0,EQ04,EQ100,boss_defeated,37.9833333333325,13.177608,1.0,0.0,0.0,0.0,0.0,2279,213269eb3f495c13c2208875c2deb44b608eb620cd33dee20d9bcb6e43de75d1,2eb92099ab5d4681ea6d9b6beac38f37e013618bb33f29b22d762da9fd79bd7d
candidate_903,True,ok,0,1,CH02,lowG2,4,1004,1004,1004,903,1.17,1.6,1.0,EQ04,EQ100,boss_defeated,33.7999999999994,9.397825,1.0,0.0,0.0,0.0,0.5,2028,213269eb3f495c13c2208875c2deb44b608eb620cd33dee20d9bcb6e43de75d1,2eb92099ab5d4681ea6d9b6beac38f37e013618bb33f29b22d762da9fd79bd7d
candidate_903,True,ok,0,1,CH02,lowG2,4,1005,1005,1005,903,1.17,1.6,1.0,EQ04,EQ100,boss_defeated,38.2333333333324,14.635115,0.930847865303668,345.0,0.0,0.0,0.0,2294,213269eb3f495c13c2208875c2deb44b608eb620cd33dee20d9bcb6e43de75d1,2eb92099ab5d4681ea6d9b6beac38f37e013618bb33f29b22d762da9fd79bd7d
candidate_903,True,ok,0,1,CH02,lowG2,4,1006,1006,1006,903,1.17,1.6,1.0,EQ04,EQ100,boss_defeated,34.6499999999993,11.89352,1.0,0.0,0.0,0.0,0.0,2079,213269eb3f495c13c2208875c2deb44b608eb620cd33dee20d9bcb6e43de75d1,2eb92099ab5d4681ea6d9b6beac38f37e013618bb33f29b22d762da9fd79bd7d
candidate_903,True,ok,0,1,CH02,lowG2,4,1007,1007,1007,903,1.17,1.6,1.0,EQ04,EQ100,boss_defeated,40.8833333333323,16.477368,0.607737021447184,1957.0,100.0,0.0,0.0,2453,213269eb3f495c13c2208875c2deb44b608eb620cd33dee20d9bcb6e43de75d1,2eb92099ab5d4681ea6d9b6beac38f37e013618bb33f29b22d762da9fd79bd7d
candidate_903,True,ok,0,1,CH02,lowG2,4,1008,1008,1008,903,1.17,1.6,1.0,EQ04,EQ100,boss_defeated,44.7499999999987,16.989794,0.930446983363399,347.0,0.0,0.0,0.5,2685,213269eb3f495c13c2208875c2deb44b608eb620cd33dee20d9bcb6e43de75d1,2eb92099ab5d4681ea6d9b6beac38f37e013618bb33f29b22d762da9fd79bd7d
candidate_903,True,ok,0,1,CH02,lowG2,4,1009,1009,1009,903,1.17,1.6,1.0,EQ04,EQ100,boss_defeated,39.1333333333324,12.8656,0.818200040088194,1872.0,100.0,965.0,0.0,2348,213269eb3f495c13c2208875c2deb44b608eb620cd33dee20d9bcb6e43de75d1,2eb92099ab5d4681ea6d9b6beac38f37e013618bb33f29b22d762da9fd79bd7d
candidate_903,True,ok,0,1,CH02,lowG2,4,1010,1010,1010,903,1.17,1.6,1.0,EQ04,EQ100,boss_defeated,42.2333333333322,17.461045,0.538184004810583,2304.0,300.0,0.0,0.5,2534,213269eb3f495c13c2208875c2deb44b608eb620cd33dee20d9bcb6e43de75d1,2eb92099ab5d4681ea6d9b6beac38f37e013618bb33f29b22d762da9fd79bd7d
candidate_903,True,ok,0,1,CH03,G2,4,1001,1001,1001,903,1.17,1.6,1.0,EQ03,EQ98,boss_defeated,50.1333333333318,16.645939,0.83044488118635,949.0,336.0,0.0,0.0,3008,213269eb3f495c13c2208875c2deb44b608eb620cd33dee20d9bcb6e43de75d1,2eb92099ab5d4681ea6d9b6beac38f37e013618bb33f29b22d762da9fd79bd7d
candidate_903,True,ok,0,1,CH03,G2,4,1002,1002,1002,903,1.17,1.6,1.0,EQ03,EQ98,boss_defeated,37.8333333333325,13.148709,0.944613185635162,310.0,0.0,0.0,0.0,2270,213269eb3f495c13c2208875c2deb44b608eb620cd33dee20d9bcb6e43de75d1,2eb92099ab5d4681ea6d9b6beac38f37e013618bb33f29b22d762da9fd79bd7d
candidate_903,True,ok,0,1,CH03,G2,4,1003,1003,1003,903,1.17,1.6,1.0,EQ03,EQ98,boss_defeated,46.7499999999986,18.047159,0.750044666785778,1399.0,0.0,0.0,0.816666666666668,2805,213269eb3f495c13c2208875c2deb44b608eb620cd33dee20d9bcb6e43de75d1,2eb92099ab5d4681ea6d9b6beac38f37e013618bb33f29b22d762da9fd79bd7d
candidate_903,True,ok,0,1,CH03,G2,4,1004,1004,1004,903,1.17,1.6,1.0,EQ03,EQ98,boss_defeated,42.5999999999989,14.213967,0.835447561193497,921.0,112.0,0.0,0.0,2556,213269eb3f495c13c2208875c2deb44b608eb620cd33dee20d9bcb6e43de75d1,2eb92099ab5d4681ea6d9b6beac38f37e013618bb33f29b22d762da9fd79bd7d
candidate_903,True,ok,0,1,CH03,G2,4,1005,1005,1005,903,1.17,1.6,1.0,EQ03,EQ98,boss_defeated,40.0333333333323,15.004826,0.838842236912632,902.0,112.0,0.0,0.0,2402,213269eb3f495c13c2208875c2deb44b608eb620cd33dee20d9bcb6e43de75d1,2eb92099ab5d4681ea6d9b6beac38f37e013618bb33f29b22d762da9fd79bd7d
candidate_903,True,ok,0,1,CH03,G2,4,1006,1006,1006,903,1.17,1.6,1.0,EQ03,EQ98,boss_defeated,43.9999999999988,14.484651,0.865999642665714,750.0,0.0,0.0,0.0,2640,213269eb3f495c13c2208875c2deb44b608eb620cd33dee20d9bcb6e43de75d1,2eb92099ab5d4681ea6d9b6beac38f37e013618bb33f29b22d762da9fd79bd7d
candidate_903,True,ok,0,1,CH03,G2,4,1007,1007,1007,903,1.17,1.6,1.0,EQ03,EQ98,boss_defeated,54.0833333333315,20.099018,0.783098088261569,1214.0,282.0,0.0,0.816666666666668,3245,213269eb3f495c13c2208875c2deb44b608eb620cd33dee20d9bcb6e43de75d1,2eb92099ab5d4681ea6d9b6beac38f37e013618bb33f29b22d762da9fd79bd7d
candidate_903,True,ok,0,1,CH03,G2,4,1008,1008,1008,903,1.17,1.6,1.0,EQ03,EQ98,boss_defeated,41.7499999999989,14.382106,0.888690369840986,623.0,112.0,0.0,0.0,2505,213269eb3f495c13c2208875c2deb44b608eb620cd33dee20d9bcb6e43de75d1,2eb92099ab5d4681ea6d9b6beac38f37e013618bb33f29b22d762da9fd79bd7d
candidate_903,True,ok,0,1,CH03,G2,4,1009,1009,1009,903,1.17,1.6,1.0,EQ03,EQ98,boss_defeated,47.1666666666653,18.857539,0.745399321064856,1425.0,224.0,0.0,0.816666666666668,2830,213269eb3f495c13c2208875c2deb44b608eb620cd33dee20d9bcb6e43de75d1,2eb92099ab5d4681ea6d9b6beac38f37e013618bb33f29b22d762da9fd79bd7d
candidate_903,True,ok,0,1,CH03,G2,4,1010,1010,1010,903,1.17,1.6,1.0,EQ03,EQ98,boss_defeated,50.2666666666651,16.529358,0.555654815079507,2487.0,224.0,0.0,0.0,3016,213269eb3f495c13c2208875c2deb44b608eb620cd33dee20d9bcb6e43de75d1,2eb92099ab5d4681ea6d9b6beac38f37e013618bb33f29b22d762da9fd79bd7d
candidate_903,True,ok,0,1,CH03,P5,4,1001,1001,1001,903,1.17,1.6,1.0,EQ03,EQ98,boss_defeated,45.3166666666654,15.609926,0.980685763888889,89.0,92.0,0.0,0.0,2719,213269eb3f495c13c2208875c2deb44b608eb620cd33dee20d9bcb6e43de75d1,2eb92099ab5d4681ea6d9b6beac38f37e013618bb33f29b22d762da9fd79bd7d
candidate_903,True,ok,0,1,CH03,P5,4,1002,1002,1002,903,1.17,1.6,1.0,EQ03,EQ98,boss_defeated,43.8166666666655,16.133383,0.951171875,225.0,92.0,0.0,0.0,2629,213269eb3f495c13c2208875c2deb44b608eb620cd33dee20d9bcb6e43de75d1,2eb92099ab5d4681ea6d9b6beac38f37e013618bb33f29b22d762da9fd79bd7d
candidate_903,True,ok,0,1,CH03,P5,4,1003,1003,1003,903,1.17,1.6,1.0,EQ03,EQ98,boss_defeated,49.4999999999985,18.607523,0.940755208333333,273.0,0.0,0.0,0.816666666666668,2970,213269eb3f495c13c2208875c2deb44b608eb620cd33dee20d9bcb6e43de75d1,2eb92099ab5d4681ea6d9b6beac38f37e013618bb33f29b22d762da9fd79bd7d
candidate_903,True,ok,0,1,CH03,P5,4,1004,1004,1004,903,1.17,1.6,1.0,EQ03,EQ98,boss_defeated,58.8166666666646,20.794973,0.840060763888889,737.0,92.0,0.0,0.0,3529,213269eb3f495c13c2208875c2deb44b608eb620cd33dee20d9bcb6e43de75d1,2eb92099ab5d4681ea6d9b6beac38f37e013618bb33f29b22d762da9fd79bd7d
candidate_903,True,ok,0,1,CH03,P5,4,1005,1005,1005,903,1.17,1.6,1.0,EQ03,EQ98,boss_defeated,47.3833333333319,16.50329,1.0,0.0,0.0,0.0,0.0,2843,213269eb3f495c13c2208875c2deb44b608eb620cd33dee20d9bcb6e43de75d1,2eb92099ab5d4681ea6d9b6beac38f37e013618bb33f29b22d762da9fd79bd7d
candidate_903,True,ok,0,1,CH03,P5,4,1006,1006,1006,903,1.17,1.6,1.0,EQ03,EQ98,boss_defeated,42.7666666666655,14.637158,0.931206597222222,317.0,0.0,0.0,0.0,2566,213269eb3f495c13c2208875c2deb44b608eb620cd33dee20d9bcb6e43de75d1,2eb92099ab5d4681ea6d9b6beac38f37e013618bb33f29b22d762da9fd79bd7d
candidate_903,True,ok,0,1,CH03,P5,4,1007,1007,1007,903,1.17,1.6,1.0,EQ03,EQ98,boss_defeated,59.1833333333313,20.746634,0.685546875,1449.0,92.0,0.0,0.816666666666668,3551,213269eb3f495c13c2208875c2deb44b608eb620cd33dee20d9bcb6e43de75d1,2eb92099ab5d4681ea6d9b6beac38f37e013618bb33f29b22d762da9fd79bd7d
candidate_903,True,ok,0,1,CH03,P5,4,1008,1008,1008,903,1.17,1.6,1.0,EQ03,EQ98,boss_defeated,49.5333333333318,19.970387,0.980685763888889,89.0,92.0,0.0,0.0,2972,213269eb3f495c13c2208875c2deb44b608eb620cd33dee20d9bcb6e43de75d1,2eb92099ab5d4681ea6d9b6beac38f37e013618bb33f29b22d762da9fd79bd7d
candidate_903,True,ok,0,1,CH03,P5,4,1009,1009,1009,903,1.17,1.6,1.0,EQ03,EQ98,boss_defeated,56.8333333333314,22.158718,0.591796875,1881.0,184.0,0.0,0.0,3410,213269eb3f495c13c2208875c2deb44b608eb620cd33dee20d9bcb6e43de75d1,2eb92099ab5d4681ea6d9b6beac38f37e013618bb33f29b22d762da9fd79bd7d
candidate_903,True,ok,0,1,CH03,P5,4,1010,1010,1010,903,1.17,1.6,1.0,EQ03,EQ98,boss_defeated,49.6666666666651,20.027183,0.756293402777778,1123.0,92.0,0.0,0.0,2980,213269eb3f495c13c2208875c2deb44b608eb620cd33dee20d9bcb6e43de75d1,2eb92099ab5d4681ea6d9b6beac38f37e013618bb33f29b22d762da9fd79bd7d
candidate_903,True,ok,0,1,CH03,lowG2,4,1001,1001,1001,903,1.17,1.6,1.0,EQ03,EQ98,boss_defeated,36.5999999999992,13.221174,0.659081674116213,1678.0,196.0,0.0,0.0,2196,213269eb3f495c13c2208875c2deb44b608eb620cd33dee20d9bcb6e43de75d1,2eb92099ab5d4681ea6d9b6beac38f37e013618bb33f29b22d762da9fd79bd7d
candidate_903,True,ok,0,1,CH03,lowG2,4,1002,1002,1002,903,1.17,1.6,1.0,EQ03,EQ98,boss_defeated,49.9333333333318,20.527747,0.886225111743194,560.0,434.0,0.0,0.0,2996,213269eb3f495c13c2208875c2deb44b608eb620cd33dee20d9bcb6e43de75d1,2eb92099ab5d4681ea6d9b6beac38f37e013618bb33f29b22d762da9fd79bd7d
candidate_903,True,ok,0,1,CH03,lowG2,4,1003,1003,1003,903,1.17,1.6,1.0,EQ03,EQ98,boss_defeated,54.0333333333315,20.698078,0.856156034132466,708.0,98.0,0.0,0.0,3242,213269eb3f495c13c2208875c2deb44b608eb620cd33dee20d9bcb6e43de75d1,2eb92099ab5d4681ea6d9b6beac38f37e013618bb33f29b22d762da9fd79bd7d
candidate_903,True,ok,0,1,CH03,lowG2,4,1004,1004,1004,903,1.17,1.6,1.0,EQ03,EQ98,boss_defeated,51.1333333333317,20.03067,0.533319788703779,2297.0,196.0,0.0,0.0,3068,213269eb3f495c13c2208875c2deb44b608eb620cd33dee20d9bcb6e43de75d1,2eb92099ab5d4681ea6d9b6beac38f37e013618bb33f29b22d762da9fd79bd7d
candidate_903,True,ok,0,1,CH03,lowG2,4,1005,1005,1005,903,1.17,1.6,1.0,EQ03,EQ98,boss_defeated,48.1333333333319,19.471578,1.0,1107.0,0.0,1107.0,0.0,2888,213269eb3f495c13c2208875c2deb44b608eb620cd33dee20d9bcb6e43de75d1,2eb92099ab5d4681ea6d9b6beac38f37e013618bb33f29b22d762da9fd79bd7d
candidate_903,True,ok,0,1,CH03,lowG2,4,1006,1006,1006,903,1.17,1.6,1.0,EQ03,EQ98,boss_defeated,53.6833333333316,22.162766,0.552214546932141,2204.0,196.0,0.0,0.0,3221,213269eb3f495c13c2208875c2deb44b608eb620cd33dee20d9bcb6e43de75d1,2eb92099ab5d4681ea6d9b6beac38f37e013618bb33f29b22d762da9fd79bd7d
candidate_903,True,ok,0,1,CH03,lowG2,4,1007,1007,1007,903,1.17,1.6,1.0,EQ03,EQ98,boss_defeated,59.1999999999979,22.595725,0.434173100365705,2785.0,196.0,0.0,0.0,3552,213269eb3f495c13c2208875c2deb44b608eb620cd33dee20d9bcb6e43de75d1,2eb92099ab5d4681ea6d9b6beac38f37e013618bb33f29b22d762da9fd79bd7d
candidate_903,True,ok,0,1,CH03,lowG2,4,1008,1008,1008,903,1.17,1.6,1.0,EQ03,EQ98,boss_defeated,52.0333333333317,20.430195,0.567858594067452,2127.0,98.0,0.0,0.0,3122,213269eb3f495c13c2208875c2deb44b608eb620cd33dee20d9bcb6e43de75d1,2eb92099ab5d4681ea6d9b6beac38f37e013618bb33f29b22d762da9fd79bd7d
candidate_903,True,ok,0,1,CH03,lowG2,4,1009,1009,1009,903,1.17,1.6,1.0,EQ03,EQ98,boss_defeated,51.3999999999984,20.584267,0.812677773262901,922.0,98.0,0.0,0.0,3084,213269eb3f495c13c2208875c2deb44b608eb620cd33dee20d9bcb6e43de75d1,2eb92099ab5d4681ea6d9b6beac38f37e013618bb33f29b22d762da9fd79bd7d
candidate_903,True,ok,0,1,CH03,lowG2,4,1010,1010,1010,903,1.17,1.6,1.0,EQ03,EQ98,boss_defeated,47.6499999999986,18.076254,0.886225111743194,560.0,98.0,0.0,0.0,2859,213269eb3f495c13c2208875c2deb44b608eb620cd33dee20d9bcb6e43de75d1,2eb92099ab5d4681ea6d9b6beac38f37e013618bb33f29b22d762da9fd79bd7d
warrior_corrosion,True,ok,0,4,CH01,G2,4,1001,1001,1001,1,1.0,1.0,1.0,EQ06,EQ104,boss_defeated,35.7499999999993,11.50196,0.971377636921858,289.0,997.0,0.0,0.0,2145,36bdd1f794e3abeb82d47f8da5aed3a9b32b93f3ebdb8543d41b7801e5ede31c,c85b8ff5a020d1aea5205042830cc6a3a5d22788a814facb69064e6b8a2cb569
warrior_corrosion,True,ok,0,4,CH01,G2,4,1002,1002,1002,1,1.0,1.0,1.0,EQ06,EQ104,boss_defeated,41.8499999999989,14.011623,0.886203822917698,1149.0,2054.0,0.0,0.0,2511,36bdd1f794e3abeb82d47f8da5aed3a9b32b93f3ebdb8543d41b7801e5ede31c,c85b8ff5a020d1aea5205042830cc6a3a5d22788a814facb69064e6b8a2cb569
warrior_corrosion,True,ok,0,4,CH01,G2,4,1003,1003,1003,1,1.0,1.0,1.0,EQ06,EQ104,boss_defeated,42.0833333333322,11.237293,0.91482618599584,860.0,32.0,0.0,0.0,2525,36bdd1f794e3abeb82d47f8da5aed3a9b32b93f3ebdb8543d41b7801e5ede31c,c85b8ff5a020d1aea5205042830cc6a3a5d22788a814facb69064e6b8a2cb569
warrior_corrosion,True,ok,0,4,CH01,G2,4,1004,1004,1004,1,1.0,1.0,1.0,EQ06,EQ104,boss_defeated,45.6499999999987,12.355739,0.942755273843716,578.0,544.0,0.0,0.0,2739,36bdd1f794e3abeb82d47f8da5aed3a9b32b93f3ebdb8543d41b7801e5ede31c,c85b8ff5a020d1aea5205042830cc6a3a5d22788a814facb69064e6b8a2cb569
warrior_corrosion,True,ok,0,4,CH01,G2,4,1005,1005,1005,1,1.0,1.0,1.0,EQ06,EQ104,boss_defeated,34.6999999999993,11.145692,0.971377636921858,289.0,997.0,0.0,0.0,2082,36bdd1f794e3abeb82d47f8da5aed3a9b32b93f3ebdb8543d41b7801e5ede31c,c85b8ff5a020d1aea5205042830cc6a3a5d22788a814facb69064e6b8a2cb569
warrior_corrosion,True,ok,0,4,CH01,G2,4,1006,1006,1006,1,1.0,1.0,1.0,EQ06,EQ104,boss_defeated,44.3166666666654,12.468714,1.0,0.0,390.0,0.0,0.0,2659,36bdd1f794e3abeb82d47f8da5aed3a9b32b93f3ebdb8543d41b7801e5ede31c,c85b8ff5a020d1aea5205042830cc6a3a5d22788a814facb69064e6b8a2cb569
warrior_corrosion,True,ok,0,4,CH01,G2,4,1007,1007,1007,1,1.0,1.0,1.0,EQ06,EQ104,boss_defeated,33.6833333333327,11.561331,0.971377636921858,289.0,997.0,0.0,0.0,2021,36bdd1f794e3abeb82d47f8da5aed3a9b32b93f3ebdb8543d41b7801e5ede31c,c85b8ff5a020d1aea5205042830cc6a3a5d22788a814facb69064e6b8a2cb569
warrior_corrosion,True,ok,0,4,CH01,G2,4,1008,1008,1008,1,1.0,1.0,1.0,EQ06,EQ104,boss_defeated,48.8499999999985,13.879333,0.967713182133307,326.0,1300.0,0.0,0.0,2931,36bdd1f794e3abeb82d47f8da5aed3a9b32b93f3ebdb8543d41b7801e5ede31c,c85b8ff5a020d1aea5205042830cc6a3a5d22788a814facb69064e6b8a2cb569
warrior_corrosion,True,ok,0,4,CH01,G2,4,1009,1009,1009,1,1.0,1.0,1.0,EQ06,EQ104,boss_defeated,37.4166666666658,10.548724,0.961176587105081,392.0,966.0,0.0,0.0,2245,36bdd1f794e3abeb82d47f8da5aed3a9b32b93f3ebdb8543d41b7801e5ede31c,c85b8ff5a020d1aea5205042830cc6a3a5d22788a814facb69064e6b8a2cb569
warrior_corrosion,True,ok,0,4,CH01,G2,4,1010,1010,1010,1,1.0,1.0,1.0,EQ06,EQ104,boss_defeated,41.8499999999989,13.840082,1.0,453.0,890.0,453.0,0.0,2511,36bdd1f794e3abeb82d47f8da5aed3a9b32b93f3ebdb8543d41b7801e5ede31c,c85b8ff5a020d1aea5205042830cc6a3a5d22788a814facb69064e6b8a2cb569
warrior_corrosion,True,ok,0,4,CH01,P5,4,1001,1001,1001,1,1.0,1.0,1.0,EQ06,EQ104,boss_defeated,58.0166666666647,18.1647,0.892195530058563,902.0,843.0,0.0,0.0,3481,36bdd1f794e3abeb82d47f8da5aed3a9b32b93f3ebdb8543d41b7801e5ede31c,c85b8ff5a020d1aea5205042830cc6a3a5d22788a814facb69064e6b8a2cb569
warrior_corrosion,True,ok,0,4,CH01,P5,4,1002,1002,1002,1,1.0,1.0,1.0,EQ06,EQ104,boss_defeated,40.6166666666656,13.370945,1.0,310.0,1484.0,310.0,0.0,2437,36bdd1f794e3abeb82d47f8da5aed3a9b32b93f3ebdb8543d41b7801e5ede31c,c85b8ff5a020d1aea5205042830cc6a3a5d22788a814facb69064e6b8a2cb569
warrior_corrosion,True,ok,0,4,CH01,P5,4,1003,1003,1003,1,1.0,1.0,1.0,EQ06,EQ104,boss_defeated,47.1499999999986,14.251873,0.896976216087009,862.0,1091.0,0.0,0.0,2829,36bdd1f794e3abeb82d47f8da5aed3a9b32b93f3ebdb8543d41b7801e5ede31c,c85b8ff5a020d1aea5205042830cc6a3a5d22788a814facb69064e6b8a2cb569
warrior_corrosion,True,ok,0,4,CH01,P5,4,1004,1004,1004,1,1.0,1.0,1.0,EQ06,EQ104,boss_defeated,49.7499999999985,16.456655,0.871040994382694,1079.0,945.0,0.0,0.0,2985,36bdd1f794e3abeb82d47f8da5aed3a9b32b93f3ebdb8543d41b7801e5ede31c,c85b8ff5a020d1aea5205042830cc6a3a5d22788a814facb69064e6b8a2cb569
warrior_corrosion,True,ok,0,4,CH01,P5,4,1005,1005,1005,1,1.0,1.0,1.0,EQ06,EQ104,boss_defeated,35.0833333333326,12.183386,0.893390701565675,892.0,985.0,0.0,0.0,2105,36bdd1f794e3abeb82d47f8da5aed3a9b32b93f3ebdb8543d41b7801e5ede31c,c85b8ff5a020d1aea5205042830cc6a3a5d22788a814facb69064e6b8a2cb569
warrior_corrosion,True,ok,0,4,CH01,P5,4,1006,1006,1006,1,1.0,1.0,1.0,EQ06,EQ104,boss_defeated,46.633333333332,16.704587,0.847018047089757,1280.0,0.0,0.0,0.366666666666667,2798,36bdd1f794e3abeb82d47f8da5aed3a9b32b93f3ebdb8543d41b7801e5ede31c,c85b8ff5a020d1aea5205042830cc6a3a5d22788a814facb69064e6b8a2cb569
warrior_corrosion,True,ok,0,4,CH01,P5,4,1007,1007,1007,1,1.0,1.0,1.0,EQ06,EQ104,boss_defeated,47.4833333333319,13.788456,0.826580614318155,1451.0,582.0,0.0,0.0,2849,36bdd1f794e3abeb82d47f8da5aed3a9b32b93f3ebdb8543d41b7801e5ede31c,c85b8ff5a020d1aea5205042830cc6a3a5d22788a814facb69064e6b8a2cb569
warrior_corrosion,True,ok,0,4,CH01,P5,4,1008,1008,1008,1,1.0,1.0,1.0,EQ06,EQ104,boss_defeated,43.7499999999988,13.525641,0.854786661885981,1215.0,582.0,0.0,0.0,2625,36bdd1f794e3abeb82d47f8da5aed3a9b32b93f3ebdb8543d41b7801e5ede31c,c85b8ff5a020d1aea5205042830cc6a3a5d22788a814facb69064e6b8a2cb569
warrior_corrosion,True,ok,0,4,CH01,P5,4,1009,1009,1009,1,1.0,1.0,1.0,EQ06,EQ104,boss_defeated,38.8166666666657,13.43497,0.95016134815346,417.0,1151.0,0.0,0.0,2329,36bdd1f794e3abeb82d47f8da5aed3a9b32b93f3ebdb8543d41b7801e5ede31c,c85b8ff5a020d1aea5205042830cc6a3a5d22788a814facb69064e6b8a2cb569
warrior_corrosion,True,ok,0,4,CH01,P5,4,1010,1010,1010,1,1.0,1.0,1.0,EQ06,EQ104,boss_defeated,40.649999999999,12.362982,1.0,0.0,485.0,0.0,0.0,2439,36bdd1f794e3abeb82d47f8da5aed3a9b32b93f3ebdb8543d41b7801e5ede31c,c85b8ff5a020d1aea5205042830cc6a3a5d22788a814facb69064e6b8a2cb569
warrior_corrosion,True,ok,0,4,CH01,lowG2,4,1001,1001,1001,1,1.0,1.0,1.0,EQ06,EQ104,boss_defeated,51.266666666665,14.644144,0.95244459293908,427.0,1309.0,0.0,0.0,3076,36bdd1f794e3abeb82d47f8da5aed3a9b32b93f3ebdb8543d41b7801e5ede31c,c85b8ff5a020d1aea5205042830cc6a3a5d22788a814facb69064e6b8a2cb569
warrior_corrosion,True,ok,0,4,CH01,lowG2,4,1002,1002,1002,1,1.0,1.0,1.0,EQ06,EQ104,boss_defeated,48.1833333333319,14.417157,1.0,317.0,496.0,317.0,0.0,2891,36bdd1f794e3abeb82d47f8da5aed3a9b32b93f3ebdb8543d41b7801e5ede31c,c85b8ff5a020d1aea5205042830cc6a3a5d22788a814facb69064e6b8a2cb569
warrior_corrosion,True,ok,0,4,CH01,lowG2,4,1003,1003,1003,1,1.0,1.0,1.0,EQ06,EQ104,boss_defeated,50.0166666666651,15.191425,0.964695400378661,317.0,546.0,0.0,0.0,3001,36bdd1f794e3abeb82d47f8da5aed3a9b32b93f3ebdb8543d41b7801e5ede31c,c85b8ff5a020d1aea5205042830cc6a3a5d22788a814facb69064e6b8a2cb569
warrior_corrosion,True,ok,0,4,CH01,lowG2,4,1004,1004,1004,1,1.0,1.0,1.0,EQ06,EQ104,boss_defeated,48.9333333333318,13.468429,0.88272636151019,1053.0,1017.0,0.0,0.0,2936,36bdd1f794e3abeb82d47f8da5aed3a9b32b93f3ebdb8543d41b7801e5ede31c,c85b8ff5a020d1aea5205042830cc6a3a5d22788a814facb69064e6b8a2cb569
warrior_corrosion,True,ok,0,4,CH01,lowG2,4,1005,1005,1005,1,1.0,1.0,1.0,EQ06,EQ104,boss_defeated,34.3333333333327,9.98095,0.964695400378661,317.0,990.0,0.0,0.0,2060,36bdd1f794e3abeb82d47f8da5aed3a9b32b93f3ebdb8543d41b7801e5ede31c,c85b8ff5a020d1aea5205042830cc6a3a5d22788a814facb69064e6b8a2cb569
warrior_corrosion,True,ok,0,4,CH01,lowG2,4,1006,1006,1006,1,1.0,1.0,1.0,EQ06,EQ104,boss_defeated,47.4166666666653,13.384121,0.854215391468983,1309.0,0.0,0.0,0.366666666666667,2845,36bdd1f794e3abeb82d47f8da5aed3a9b32b93f3ebdb8543d41b7801e5ede31c,c85b8ff5a020d1aea5205042830cc6a3a5d22788a814facb69064e6b8a2cb569
warrior_corrosion,True,ok,0,4,CH01,lowG2,4,1007,1007,1007,1,1.0,1.0,1.0,EQ06,EQ104,boss_defeated,50.3999999999984,14.189767,0.834614099565653,1485.0,596.0,0.0,0.0,3024,36bdd1f794e3abeb82d47f8da5aed3a9b32b93f3ebdb8543d41b7801e5ede31c,c85b8ff5a020d1aea5205042830cc6a3a5d22788a814facb69064e6b8a2cb569
warrior_corrosion,True,ok,0,4,CH01,lowG2,4,1008,1008,1008,1,1.0,1.0,1.0,EQ06,EQ104,boss_defeated,38.9166666666657,10.687187,0.909678137877269,811.0,923.0,0.0,0.0,2335,36bdd1f794e3abeb82d47f8da5aed3a9b32b93f3ebdb8543d41b7801e5ede31c,c85b8ff5a020d1aea5205042830cc6a3a5d22788a814facb69064e6b8a2cb569
warrior_corrosion,True,ok,0,4,CH01,lowG2,4,1009,1009,1009,1,1.0,1.0,1.0,EQ06,EQ104,boss_defeated,42.2833333333322,14.407069,0.95244459293908,427.0,596.0,0.0,0.0,2537,36bdd1f794e3abeb82d47f8da5aed3a9b32b93f3ebdb8543d41b7801e5ede31c,c85b8ff5a020d1aea5205042830cc6a3a5d22788a814facb69064e6b8a2cb569
warrior_corrosion,True,ok,0,4,CH01,lowG2,4,1010,1010,1010,1,1.0,1.0,1.0,EQ06,EQ104,boss_defeated,41.5999999999989,12.652171,0.844971600400936,1392.0,496.0,0.0,0.0,2496,36bdd1f794e3abeb82d47f8da5aed3a9b32b93f3ebdb8543d41b7801e5ede31c,c85b8ff5a020d1aea5205042830cc6a3a5d22788a814facb69064e6b8a2cb569
candidate_904,True,ok,0,4,CH01,G2,4,1001,1001,1001,904,1.33,1.5,1.0,EQ06,EQ104,boss_defeated,44.8166666666654,15.120234,0.883034564722195,1181.0,679.0,0.0,0.0,2689,3178dfa24ccfeec4e4639e4751ac46b6306aad16f76904c5437143b84f110a06,411343a4f9635c2d0552bf942f1ce45104a68b0b27858ed9313f4e309e0f8400
candidate_904,True,ok,0,4,CH01,G2,4,1005,1005,1005,904,1.33,1.5,1.0,EQ06,EQ104,boss_defeated,41.3499999999989,12.887235,0.904427057541844,965.0,1380.0,0.0,0.0,2481,3178dfa24ccfeec4e4639e4751ac46b6306aad16f76904c5437143b84f110a06,411343a4f9635c2d0552bf942f1ce45104a68b0b27858ed9313f4e309e0f8400
candidate_904,True,ok,0,4,CH01,G2,4,1010,1010,1010,904,1.33,1.5,1.0,EQ06,EQ104,boss_defeated,44.4833333333321,14.12069,1.0,679.0,747.0,679.0,0.0,2669,3178dfa24ccfeec4e4639e4751ac46b6306aad16f76904c5437143b84f110a06,411343a4f9635c2d0552bf942f1ce45104a68b0b27858ed9313f4e309e0f8400
candidate_904,True,ok,0,4,CH01,P5,4,1001,1001,1001,904,1.33,1.5,1.0,EQ06,EQ104,boss_defeated,62.2333333333311,19.321929,0.814150830644197,1555.0,1861.0,0.0,0.0,3734,3178dfa24ccfeec4e4639e4751ac46b6306aad16f76904c5437143b84f110a06,411343a4f9635c2d0552bf942f1ce45104a68b0b27858ed9313f4e309e0f8400
candidate_904,True,ok,0,4,CH01,P5,4,1005,1005,1005,904,1.33,1.5,1.0,EQ06,EQ104,boss_defeated,48.8999999999985,15.615421,0.88227560654954,985.0,2065.0,0.0,0.0,2934,3178dfa24ccfeec4e4639e4751ac46b6306aad16f76904c5437143b84f110a06,411343a4f9635c2d0552bf942f1ce45104a68b0b27858ed9313f4e309e0f8400
candidate_904,True,ok,0,4,CH01,P5,4,1010,1010,1010,904,1.33,1.5,1.0,EQ06,EQ104,boss_defeated,51.8499999999983,14.917901,0.984462770407553,188.0,1338.0,58.0,0.666666666666667,3111,3178dfa24ccfeec4e4639e4751ac46b6306aad16f76904c5437143b84f110a06,411343a4f9635c2d0552bf942f1ce45104a68b0b27858ed9313f4e309e0f8400
candidate_904,True,ok,0,4,CH01,lowG2,4,1001,1001,1001,904,1.33,1.5,1.0,EQ06,EQ104,boss_defeated,58.6166666666646,16.617879,0.925826929502172,666.0,2831.0,0.0,0.0,3517,3178dfa24ccfeec4e4639e4751ac46b6306aad16f76904c5437143b84f110a06,411343a4f9635c2d0552bf942f1ce45104a68b0b27858ed9313f4e309e0f8400
candidate_904,True,ok,0,4,CH01,lowG2,4,1005,1005,1005,904,1.33,1.5,1.0,EQ06,EQ104,boss_defeated,40.399999999999,12.036038,0.94698741507963,476.0,2131.0,0.0,0.0,2424,3178dfa24ccfeec4e4639e4751ac46b6306aad16f76904c5437143b84f110a06,411343a4f9635c2d0552bf942f1ce45104a68b0b27858ed9313f4e309e0f8400
candidate_904,True,ok,0,4,CH01,lowG2,4,1010,1010,1010,904,1.33,1.5,1.0,EQ06,EQ104,boss_defeated,58.2666666666646,18.054574,0.7840516761332,1939.0,1462.0,0.0,0.0,3496,3178dfa24ccfeec4e4639e4751ac46b6306aad16f76904c5437143b84f110a06,411343a4f9635c2d0552bf942f1ce45104a68b0b27858ed9313f4e309e0f8400
candidate_904,True,ok,0,4,CH02,G2,4,1001,1001,1001,904,1.33,1.5,1.0,EQ05,EQ102,boss_defeated,29.0499999999996,11.195262,1.0,0.0,0.0,0.0,0.0,1743,3178dfa24ccfeec4e4639e4751ac46b6306aad16f76904c5437143b84f110a06,411343a4f9635c2d0552bf942f1ce45104a68b0b27858ed9313f4e309e0f8400
candidate_904,True,ok,0,4,CH02,G2,4,1005,1005,1005,904,1.33,1.5,1.0,EQ05,EQ102,boss_defeated,36.6999999999992,9.966442,0.923929580525973,700.0,184.0,0.0,0.0,2202,3178dfa24ccfeec4e4639e4751ac46b6306aad16f76904c5437143b84f110a06,411343a4f9635c2d0552bf942f1ce45104a68b0b27858ed9313f4e309e0f8400
candidate_904,True,ok,0,4,CH02,G2,4,1010,1010,1010,904,1.33,1.5,1.0,EQ05,EQ102,boss_defeated,29.8499999999996,9.889375,1.0,0.0,0.0,0.0,0.0,1791,3178dfa24ccfeec4e4639e4751ac46b6306aad16f76904c5437143b84f110a06,411343a4f9635c2d0552bf942f1ce45104a68b0b27858ed9313f4e309e0f8400
candidate_904,True,ok,0,4,CH02,P5,4,1001,1001,1001,904,1.33,1.5,1.0,EQ05,EQ102,boss_defeated,32.4999999999994,11.746291,1.0,0.0,0.0,0.0,0.0,1950,3178dfa24ccfeec4e4639e4751ac46b6306aad16f76904c5437143b84f110a06,411343a4f9635c2d0552bf942f1ce45104a68b0b27858ed9313f4e309e0f8400
candidate_904,True,ok,0,4,CH02,P5,4,1005,1005,1005,904,1.33,1.5,1.0,EQ05,EQ102,boss_defeated,37.1499999999992,12.848969,1.0,0.0,0.0,0.0,0.0,2229,3178dfa24ccfeec4e4639e4751ac46b6306aad16f76904c5437143b84f110a06,411343a4f9635c2d0552bf942f1ce45104a68b0b27858ed9313f4e309e0f8400
candidate_904,True,ok,0,4,CH02,P5,4,1010,1010,1010,904,1.33,1.5,1.0,EQ05,EQ102,boss_defeated,34.0333333333327,11.253815,0.748253591669962,1910.0,456.0,0.0,0.0,2042,3178dfa24ccfeec4e4639e4751ac46b6306aad16f76904c5437143b84f110a06,411343a4f9635c2d0552bf942f1ce45104a68b0b27858ed9313f4e309e0f8400
candidate_904,True,ok,0,4,CH02,lowG2,4,1001,1001,1001,904,1.33,1.5,1.0,EQ05,EQ102,boss_defeated,34.5333333333327,12.384986,1.0,0.0,0.0,0.0,0.0,2072,3178dfa24ccfeec4e4639e4751ac46b6306aad16f76904c5437143b84f110a06,411343a4f9635c2d0552bf942f1ce45104a68b0b27858ed9313f4e309e0f8400
candidate_904,True,ok,0,4,CH02,lowG2,4,1005,1005,1005,904,1.33,1.5,1.0,EQ05,EQ102,boss_defeated,39.349999999999,12.043045,0.787643359230485,1722.0,162.0,0.0,0.0,2361,3178dfa24ccfeec4e4639e4751ac46b6306aad16f76904c5437143b84f110a06,411343a4f9635c2d0552bf942f1ce45104a68b0b27858ed9313f4e309e0f8400
candidate_904,True,ok,0,4,CH02,lowG2,4,1010,1010,1010,904,1.33,1.5,1.0,EQ05,EQ102,boss_defeated,39.3833333333324,12.454252,0.860402022444198,1132.0,324.0,0.0,0.0,2363,3178dfa24ccfeec4e4639e4751ac46b6306aad16f76904c5437143b84f110a06,411343a4f9635c2d0552bf942f1ce45104a68b0b27858ed9313f4e309e0f8400
candidate_904,True,ok,0,4,CH03,G2,4,1001,1001,1001,904,1.33,1.5,1.0,EQ05,EQ102,boss_defeated,43.3666666666655,14.970494,0.907380926190738,842.0,182.0,0.0,0.0,2602,3178dfa24ccfeec4e4639e4751ac46b6306aad16f76904c5437143b84f110a06,411343a4f9635c2d0552bf942f1ce45104a68b0b27858ed9313f4e309e0f8400
candidate_904,True,ok,0,4,CH03,G2,4,1005,1005,1005,904,1.33,1.5,1.0,EQ05,EQ102,boss_defeated,43.9999999999988,15.484095,0.839621603783962,1458.0,364.0,0.0,0.816666666666668,2640,3178dfa24ccfeec4e4639e4751ac46b6306aad16f76904c5437143b84f110a06,411343a4f9635c2d0552bf942f1ce45104a68b0b27858ed9313f4e309e0f8400
candidate_904,True,ok,0,4,CH03,G2,4,1010,1010,1010,904,1.33,1.5,1.0,EQ05,EQ102,boss_defeated,52.716666666665,19.345443,0.852491475085249,1341.0,182.0,0.0,0.0,3163,3178dfa24ccfeec4e4639e4751ac46b6306aad16f76904c5437143b84f110a06,411343a4f9635c2d0552bf942f1ce45104a68b0b27858ed9313f4e309e0f8400
candidate_904,True,ok,0,4,CH03,P5,4,1001,1001,1001,904,1.33,1.5,1.0,EQ05,EQ102,boss_defeated,52.816666666665,18.751036,0.755674232309746,1830.0,294.0,0.0,0.0,3169,3178dfa24ccfeec4e4639e4751ac46b6306aad16f76904c5437143b84f110a06,411343a4f9635c2d0552bf942f1ce45104a68b0b27858ed9313f4e309e0f8400
candidate_904,True,ok,0,4,CH03,P5,4,1005,1005,1005,904,1.33,1.5,1.0,EQ05,EQ102,boss_defeated,53.7333333333316,21.602495,0.892523364485981,805.0,706.0,0.0,0.816666666666668,3224,3178dfa24ccfeec4e4639e4751ac46b6306aad16f76904c5437143b84f110a06,411343a4f9635c2d0552bf942f1ce45104a68b0b27858ed9313f4e309e0f8400
candidate_904,True,ok,0,4,CH03,P5,4,1010,1010,1010,904,1.33,1.5,1.0,EQ05,EQ102,boss_defeated,58.049999999998,18.131819,0.706141522029373,2201.0,300.0,0.0,0.0,3483,3178dfa24ccfeec4e4639e4751ac46b6306aad16f76904c5437143b84f110a06,411343a4f9635c2d0552bf942f1ce45104a68b0b27858ed9313f4e309e0f8400
candidate_904,True,ok,0,4,CH03,lowG2,4,1001,1001,1001,904,1.33,1.5,1.0,EQ05,EQ102,boss_defeated,50.6999999999984,18.94909,0.836,1312.0,148.0,0.0,0.0,3042,3178dfa24ccfeec4e4639e4751ac46b6306aad16f76904c5437143b84f110a06,411343a4f9635c2d0552bf942f1ce45104a68b0b27858ed9313f4e309e0f8400
candidate_904,True,ok,0,4,CH03,lowG2,4,1005,1005,1005,904,1.33,1.5,1.0,EQ05,EQ102,boss_defeated,46.9999999999986,16.780073,0.941875,465.0,160.0,0.0,0.816666666666668,2820,3178dfa24ccfeec4e4639e4751ac46b6306aad16f76904c5437143b84f110a06,411343a4f9635c2d0552bf942f1ce45104a68b0b27858ed9313f4e309e0f8400
candidate_904,True,ok,0,4,CH03,lowG2,4,1010,1010,1010,904,1.33,1.5,1.0,EQ05,EQ102,boss_defeated,57.8833333333313,21.94797,0.73475,2122.0,160.0,0.0,0.816666666666668,3473,3178dfa24ccfeec4e4639e4751ac46b6306aad16f76904c5437143b84f110a06,411343a4f9635c2d0552bf942f1ce45104a68b0b27858ed9313f4e309e0f8400
candidate_905,True,ok,0,1,CH01,G2,4,1001,1001,1001,905,1.24,1.6,1.0,EQ03,EQ98,boss_defeated,40.149999999999,13.124401,0.758565224384751,1501.0,116.0,0.0,0.133333333333333,2409,6fa0b4a357e25c83e7196b05b34254b46b000a74cf70e2937ef98abc6355e1f7,89e3c606f86c3184e3b3c710997a6a834772773648a32b24ea9cc58dd0ba851a
candidate_905,True,ok,0,1,CH01,G2,4,1005,1005,1005,905,1.24,1.6,1.0,EQ03,EQ98,boss_defeated,39.7333333333324,13.528185,0.885957857487534,709.0,0.0,0.0,0.0,2384,6fa0b4a357e25c83e7196b05b34254b46b000a74cf70e2937ef98abc6355e1f7,89e3c606f86c3184e3b3c710997a6a834772773648a32b24ea9cc58dd0ba851a
candidate_905,True,ok,0,1,CH01,G2,4,1010,1010,1010,905,1.24,1.6,1.0,EQ03,EQ98,boss_defeated,37.5999999999991,10.342028,0.716905259771594,1760.0,497.0,0.0,0.0,2256,6fa0b4a357e25c83e7196b05b34254b46b000a74cf70e2937ef98abc6355e1f7,89e3c606f86c3184e3b3c710997a6a834772773648a32b24ea9cc58dd0ba851a
candidate_905,True,ok,0,1,CH01,P5,4,1001,1001,1001,905,1.24,1.6,1.0,EQ03,EQ98,boss_defeated,43.2166666666655,12.736897,0.780691530691531,1129.0,496.0,0.0,2.65,2593,6fa0b4a357e25c83e7196b05b34254b46b000a74cf70e2937ef98abc6355e1f7,89e3c606f86c3184e3b3c710997a6a834772773648a32b24ea9cc58dd0ba851a
candidate_905,True,ok,0,1,CH01,P5,4,1005,1005,1005,905,1.24,1.6,1.0,EQ03,EQ98,boss_defeated,37.5333333333325,13.058648,0.775252525252525,1157.0,412.0,0.0,0.0,2252,6fa0b4a357e25c83e7196b05b34254b46b000a74cf70e2937ef98abc6355e1f7,89e3c606f86c3184e3b3c710997a6a834772773648a32b24ea9cc58dd0ba851a
candidate_905,True,ok,0,1,CH01,P5,4,1010,1010,1010,905,1.24,1.6,1.0,EQ03,EQ98,boss_defeated,43.0333333333322,12.985334,0.731546231546232,1382.0,369.0,0.0,0.0,2582,6fa0b4a357e25c83e7196b05b34254b46b000a74cf70e2937ef98abc6355e1f7,89e3c606f86c3184e3b3c710997a6a834772773648a32b24ea9cc58dd0ba851a
candidate_905,True,ok,0,1,CH01,lowG2,4,1001,1001,1001,905,1.24,1.6,1.0,EQ03,EQ98,boss_defeated,46.3666666666653,13.227627,0.693700217233889,1692.0,663.0,0.0,0.700000000000001,2782,6fa0b4a357e25c83e7196b05b34254b46b000a74cf70e2937ef98abc6355e1f7,89e3c606f86c3184e3b3c710997a6a834772773648a32b24ea9cc58dd0ba851a
candidate_905,True,ok,0,1,CH01,lowG2,4,1005,1005,1005,905,1.24,1.6,1.0,EQ03,EQ98,boss_defeated,48.1166666666652,13.916148,0.886495293265749,627.0,617.0,0.0,0.0,2887,6fa0b4a357e25c83e7196b05b34254b46b000a74cf70e2937ef98abc6355e1f7,89e3c606f86c3184e3b3c710997a6a834772773648a32b24ea9cc58dd0ba851a
candidate_905,True,ok,0,1,CH01,lowG2,4,1010,1010,1010,905,1.24,1.6,1.0,EQ03,EQ98,boss_defeated,49.4666666666651,15.100604,0.634503982621289,2019.0,0.0,0.0,0.0,2968,6fa0b4a357e25c83e7196b05b34254b46b000a74cf70e2937ef98abc6355e1f7,89e3c606f86c3184e3b3c710997a6a834772773648a32b24ea9cc58dd0ba851a
candidate_905,True,ok,0,1,CH02,G2,4,1001,1001,1001,905,1.24,1.6,1.0,EQ04,EQ100,boss_defeated,32.4166666666661,10.276657,0.773561595481821,1283.0,226.0,0.0,0.5,1945,6fa0b4a357e25c83e7196b05b34254b46b000a74cf70e2937ef98abc6355e1f7,89e3c606f86c3184e3b3c710997a6a834772773648a32b24ea9cc58dd0ba851a
candidate_905,True,ok,0,1,CH02,G2,4,1005,1005,1005,905,1.24,1.6,1.0,EQ04,EQ100,boss_defeated,32.6666666666661,12.317569,0.731909636427815,1519.0,113.0,0.0,0.0,1960,6fa0b4a357e25c83e7196b05b34254b46b000a74cf70e2937ef98abc6355e1f7,89e3c606f86c3184e3b3c710997a6a834772773648a32b24ea9cc58dd0ba851a
candidate_905,True,ok,0,1,CH02,G2,4,1010,1010,1010,905,1.24,1.6,1.0,EQ04,EQ100,boss_defeated,40.549999999999,15.448634,0.533180374161666,2645.0,339.0,0.0,0.5,2433,6fa0b4a357e25c83e7196b05b34254b46b000a74cf70e2937ef98abc6355e1f7,89e3c606f86c3184e3b3c710997a6a834772773648a32b24ea9cc58dd0ba851a
candidate_905,True,ok,0,1,CH02,P5,4,1001,1001,1001,905,1.24,1.6,1.0,EQ04,EQ100,boss_defeated,45.7166666666654,14.85966,0.927377892030848,339.0,0.0,0.0,0.5,2743,6fa0b4a357e25c83e7196b05b34254b46b000a74cf70e2937ef98abc6355e1f7,89e3c606f86c3184e3b3c710997a6a834772773648a32b24ea9cc58dd0ba851a
candidate_905,True,ok,0,1,CH02,P5,4,1005,1005,1005,905,1.24,1.6,1.0,EQ04,EQ100,boss_defeated,40.9833333333323,14.371124,1.0,0.0,0.0,0.0,0.0,2459,6fa0b4a357e25c83e7196b05b34254b46b000a74cf70e2937ef98abc6355e1f7,89e3c606f86c3184e3b3c710997a6a834772773648a32b24ea9cc58dd0ba851a
candidate_905,True,ok,0,1,CH02,P5,4,1010,1010,1010,905,1.24,1.6,1.0,EQ04,EQ100,boss_defeated,43.2333333333322,17.298597,0.684875749785775,1471.0,0.0,0.0,0.5,2594,6fa0b4a357e25c83e7196b05b34254b46b000a74cf70e2937ef98abc6355e1f7,89e3c606f86c3184e3b3c710997a6a834772773648a32b24ea9cc58dd0ba851a
candidate_905,True,ok,0,1,CH02,lowG2,4,1001,1001,1001,905,1.24,1.6,1.0,EQ04,EQ100,boss_defeated,42.4666666666655,13.445742,0.923832431348968,380.0,100.0,0.0,0.5,2548,6fa0b4a357e25c83e7196b05b34254b46b000a74cf70e2937ef98abc6355e1f7,89e3c606f86c3184e3b3c710997a6a834772773648a32b24ea9cc58dd0ba851a
candidate_905,True,ok,0,1,CH02,lowG2,4,1005,1005,1005,905,1.24,1.6,1.0,EQ04,EQ100,boss_defeated,36.6999999999992,13.267234,0.892764080978152,535.0,0.0,0.0,0.0,2202,6fa0b4a357e25c83e7196b05b34254b46b000a74cf70e2937ef98abc6355e1f7,89e3c606f86c3184e3b3c710997a6a834772773648a32b24ea9cc58dd0ba851a
candidate_905,True,ok,0,1,CH02,lowG2,4,1010,1010,1010,905,1.24,1.6,1.0,EQ04,EQ100,boss_defeated,40.449999999999,15.648334,0.893565844858689,1496.0,0.0,965.0,0.5,2427,6fa0b4a357e25c83e7196b05b34254b46b000a74cf70e2937ef98abc6355e1f7,89e3c606f86c3184e3b3c710997a6a834772773648a32b24ea9cc58dd0ba851a
candidate_905,True,ok,0,1,CH03,G2,4,1001,1001,1001,905,1.24,1.6,1.0,EQ03,EQ98,boss_defeated,42.5833333333322,12.880802,0.513668036448097,2722.0,112.0,0.0,0.0,2555,6fa0b4a357e25c83e7196b05b34254b46b000a74cf70e2937ef98abc6355e1f7,89e3c606f86c3184e3b3c710997a6a834772773648a32b24ea9cc58dd0ba851a
candidate_905,True,ok,0,1,CH03,G2,4,1005,1005,1005,905,1.24,1.6,1.0,EQ03,EQ98,boss_defeated,36.4499999999992,13.622084,1.0,0.0,0.0,0.0,0.0,2187,6fa0b4a357e25c83e7196b05b34254b46b000a74cf70e2937ef98abc6355e1f7,89e3c606f86c3184e3b3c710997a6a834772773648a32b24ea9cc58dd0ba851a
candidate_905,True,ok,0,1,CH03,G2,4,1010,1010,1010,905,1.24,1.6,1.0,EQ03,EQ98,boss_defeated,54.8333333333315,18.359466,0.544398785063427,2550.0,224.0,0.0,0.816666666666668,3290,6fa0b4a357e25c83e7196b05b34254b46b000a74cf70e2937ef98abc6355e1f7,89e3c606f86c3184e3b3c710997a6a834772773648a32b24ea9cc58dd0ba851a
candidate_905,True,ok,0,1,CH03,P5,4,1001,1001,1001,905,1.24,1.6,1.0,EQ03,EQ98,boss_defeated,54.8333333333315,19.123667,0.445963541666667,2553.0,92.0,0.0,0.800000000000001,3290,6fa0b4a357e25c83e7196b05b34254b46b000a74cf70e2937ef98abc6355e1f7,89e3c606f86c3184e3b3c710997a6a834772773648a32b24ea9cc58dd0ba851a
candidate_905,True,ok,0,1,CH03,P5,4,1005,1005,1005,905,1.24,1.6,1.0,EQ03,EQ98,boss_defeated,49.0166666666652,21.205256,0.813802083333333,858.0,92.0,0.0,0.0,2941,6fa0b4a357e25c83e7196b05b34254b46b000a74cf70e2937ef98abc6355e1f7,89e3c606f86c3184e3b3c710997a6a834772773648a32b24ea9cc58dd0ba851a
candidate_905,True,ok,0,1,CH03,P5,4,1010,1010,1010,905,1.24,1.6,1.0,EQ03,EQ98,boss_defeated,54.0333333333315,19.411528,0.863064236111111,631.0,0.0,0.0,0.0,3242,6fa0b4a357e25c83e7196b05b34254b46b000a74cf70e2937ef98abc6355e1f7,89e3c606f86c3184e3b3c710997a6a834772773648a32b24ea9cc58dd0ba851a
candidate_905,True,ok,0,1,CH03,lowG2,4,1001,1001,1001,905,1.24,1.6,1.0,EQ03,EQ98,boss_defeated,47.0999999999986,18.019958,0.577813896789923,2078.0,392.0,0.0,0.0,2826,6fa0b4a357e25c83e7196b05b34254b46b000a74cf70e2937ef98abc6355e1f7,89e3c606f86c3184e3b3c710997a6a834772773648a32b24ea9cc58dd0ba851a
candidate_905,True,ok,0,1,CH03,lowG2,4,1005,1005,1005,905,1.24,1.6,1.0,EQ03,EQ98,boss_defeated,48.7166666666652,16.987363,0.649329540837058,1726.0,196.0,0.0,0.0,2923,6fa0b4a357e25c83e7196b05b34254b46b000a74cf70e2937ef98abc6355e1f7,89e3c606f86c3184e3b3c710997a6a834772773648a32b24ea9cc58dd0ba851a
candidate_905,True,ok,0,1,CH03,lowG2,4,1010,1010,1010,905,1.24,1.6,1.0,EQ03,EQ98,boss_defeated,47.6499999999986,16.731398,0.801503453880536,977.0,0.0,0.0,0.0,2859,6fa0b4a357e25c83e7196b05b34254b46b000a74cf70e2937ef98abc6355e1f7,89e3c606f86c3184e3b3c710997a6a834772773648a32b24ea9cc58dd0ba851a
candidate_906,True,ok,0,2,CH01,G2,4,1001,1001,1001,906,1.32,2.25,1.0,EQ06,EQ104,boss_defeated,52.8999999999983,16.413858,0.317001730794834,5580.0,778.0,450.0,0.0,3174,6eb08bc0de094cc62c4c43da8123c8d8a546572ab45b7f1cfccb784a9d4dedd4,2c41bac374a2e524fde06813d3cdee123914adfc2704a7e95bb6a902860f1a12
candidate_906,True,ok,0,2,CH01,G2,4,1005,1005,1005,906,1.32,2.25,1.0,EQ06,EQ104,boss_defeated,37.6166666666658,9.942512,0.956064438823059,672.0,2025.0,342.0,0.0,2257,6eb08bc0de094cc62c4c43da8123c8d8a546572ab45b7f1cfccb784a9d4dedd4,2c41bac374a2e524fde06813d3cdee123914adfc2704a7e95bb6a902860f1a12
candidate_906,True,ok,0,2,CH01,G2,4,1010,1010,1010,906,1.32,2.25,1.0,EQ06,EQ104,boss_defeated,41.2166666666656,11.920007,0.782585541206231,1858.0,228.0,225.0,0.0,2473,6eb08bc0de094cc62c4c43da8123c8d8a546572ab45b7f1cfccb784a9d4dedd4,2c41bac374a2e524fde06813d3cdee123914adfc2704a7e95bb6a902860f1a12
candidate_906,True,ok,0,2,CH01,P5,4,1001,1001,1001,906,1.32,2.25,1.0,EQ06,EQ104,boss_defeated,61.2166666666645,18.807031,0.257556270096463,5114.0,2238.0,496.0,0.0,3673,6eb08bc0de094cc62c4c43da8123c8d8a546572ab45b7f1cfccb784a9d4dedd4,2c41bac374a2e524fde06813d3cdee123914adfc2704a7e95bb6a902860f1a12
candidate_906,True,ok,0,2,CH01,P5,4,1005,1005,1005,906,1.32,2.25,1.0,EQ06,EQ104,boss_defeated,48.3166666666652,14.833422,1.0,337.0,746.0,337.0,0.933333333333335,2899,6eb08bc0de094cc62c4c43da8123c8d8a546572ab45b7f1cfccb784a9d4dedd4,2c41bac374a2e524fde06813d3cdee123914adfc2704a7e95bb6a902860f1a12
candidate_906,True,ok,0,2,CH01,P5,4,1010,1010,1010,906,1.32,2.25,1.0,EQ06,EQ104,boss_defeated,51.166666666665,16.713957,0.373151125401929,4271.0,845.0,372.0,0.0,3070,6eb08bc0de094cc62c4c43da8123c8d8a546572ab45b7f1cfccb784a9d4dedd4,2c41bac374a2e524fde06813d3cdee123914adfc2704a7e95bb6a902860f1a12
candidate_906,True,ok,0,2,CH01,lowG2,4,1001,1001,1001,906,1.32,2.25,1.0,EQ06,EQ104,boss_defeated,58.649999999998,18.086704,0.63561479706455,2969.0,1005.0,536.0,0.0,3519,6eb08bc0de094cc62c4c43da8123c8d8a546572ab45b7f1cfccb784a9d4dedd4,2c41bac374a2e524fde06813d3cdee123914adfc2704a7e95bb6a902860f1a12
candidate_906,True,ok,0,2,CH01,lowG2,4,1005,1005,1005,906,1.32,2.25,1.0,EQ06,EQ104,boss_defeated,51.8333333333317,13.689366,0.772652388797364,1957.0,1139.0,439.0,0.0,3110,6eb08bc0de094cc62c4c43da8123c8d8a546572ab45b7f1cfccb784a9d4dedd4,2c41bac374a2e524fde06813d3cdee123914adfc2704a7e95bb6a902860f1a12
candidate_906,True,ok,0,2,CH01,lowG2,4,1010,1010,1010,906,1.32,2.25,1.0,EQ06,EQ104,boss_defeated,51.766666666665,16.010608,0.458888722480156,4015.0,966.0,402.0,0.0,3106,6eb08bc0de094cc62c4c43da8123c8d8a546572ab45b7f1cfccb784a9d4dedd4,2c41bac374a2e524fde06813d3cdee123914adfc2704a7e95bb6a902860f1a12
candidate_906,True,ok,0,2,CH02,G2,4,1001,1001,1001,906,1.32,2.25,1.0,EQ05,EQ102,boss_defeated,37.7499999999991,12.924756,0.886486486486487,981.0,62.0,204.0,0.0,2265,6eb08bc0de094cc62c4c43da8123c8d8a546572ab45b7f1cfccb784a9d4dedd4,2c41bac374a2e524fde06813d3cdee123914adfc2704a7e95bb6a902860f1a12
candidate_906,True,ok,0,2,CH02,G2,4,1005,1005,1005,906,1.32,2.25,1.0,EQ05,EQ102,boss_defeated,31.0166666666662,11.030236,0.930168005843682,546.0,47.0,68.0,0.0,1861,6eb08bc0de094cc62c4c43da8123c8d8a546572ab45b7f1cfccb784a9d4dedd4,2c41bac374a2e524fde06813d3cdee123914adfc2704a7e95bb6a902860f1a12
candidate_906,True,ok,0,2,CH02,G2,4,1010,1010,1010,906,1.32,2.25,1.0,EQ05,EQ102,boss_defeated,34.2833333333327,15.1858,0.996201607012418,366.0,274.0,340.0,0.0,2057,6eb08bc0de094cc62c4c43da8123c8d8a546572ab45b7f1cfccb784a9d4dedd4,2c41bac374a2e524fde06813d3cdee123914adfc2704a7e95bb6a902860f1a12
candidate_906,True,ok,0,2,CH02,P5,4,1001,1001,1001,906,1.32,2.25,1.0,EQ05,EQ102,boss_defeated,40.2333333333323,15.050685,0.642021276595745,2187.0,678.0,168.0,0.0,2414,6eb08bc0de094cc62c4c43da8123c8d8a546572ab45b7f1cfccb784a9d4dedd4,2c41bac374a2e524fde06813d3cdee123914adfc2704a7e95bb6a902860f1a12
candidate_906,True,ok,0,2,CH02,P5,4,1005,1005,1005,906,1.32,2.25,1.0,EQ05,EQ102,boss_defeated,37.8666666666658,16.359877,0.912943262411347,603.0,226.0,112.0,0.0,2272,6eb08bc0de094cc62c4c43da8123c8d8a546572ab45b7f1cfccb784a9d4dedd4,2c41bac374a2e524fde06813d3cdee123914adfc2704a7e95bb6a902860f1a12
candidate_906,True,ok,0,2,CH02,P5,4,1010,1010,1010,906,1.32,2.25,1.0,EQ05,EQ102,boss_defeated,38.5999999999991,16.82453,0.867730496453901,914.0,260.0,168.0,0.0,2316,6eb08bc0de094cc62c4c43da8123c8d8a546572ab45b7f1cfccb784a9d4dedd4,2c41bac374a2e524fde06813d3cdee123914adfc2704a7e95bb6a902860f1a12
candidate_906,True,ok,0,2,CH02,lowG2,4,1001,1001,1001,906,1.32,2.25,1.0,EQ05,EQ102,boss_defeated,37.2833333333325,13.50148,0.971475953565506,232.0,0.0,60.0,0.0,2237,6eb08bc0de094cc62c4c43da8123c8d8a546572ab45b7f1cfccb784a9d4dedd4,2c41bac374a2e524fde06813d3cdee123914adfc2704a7e95bb6a902860f1a12
candidate_906,True,ok,0,2,CH02,lowG2,4,1005,1005,1005,906,1.32,2.25,1.0,EQ05,EQ102,boss_defeated,32.6999999999994,14.85279,1.0,0.0,232.0,0.0,0.0,1962,6eb08bc0de094cc62c4c43da8123c8d8a546572ab45b7f1cfccb784a9d4dedd4,2c41bac374a2e524fde06813d3cdee123914adfc2704a7e95bb6a902860f1a12
candidate_906,True,ok,0,2,CH02,lowG2,4,1010,1010,1010,906,1.32,2.25,1.0,EQ05,EQ102,boss_defeated,34.8999999999993,14.212197,1.0,398.0,241.0,398.0,0.0,2094,6eb08bc0de094cc62c4c43da8123c8d8a546572ab45b7f1cfccb784a9d4dedd4,2c41bac374a2e524fde06813d3cdee123914adfc2704a7e95bb6a902860f1a12
candidate_906,True,ok,0,2,CH03,G2,4,1001,1001,1001,906,1.32,2.25,1.0,EQ05,EQ102,boss_defeated,42.9499999999988,15.952341,0.775247671151856,1792.0,0.0,272.0,0.0,2577,6eb08bc0de094cc62c4c43da8123c8d8a546572ab45b7f1cfccb784a9d4dedd4,2c41bac374a2e524fde06813d3cdee123914adfc2704a7e95bb6a902860f1a12
candidate_906,True,ok,0,2,CH03,G2,4,1005,1005,1005,906,1.32,2.25,1.0,EQ05,EQ102,boss_defeated,50.7833333333317,24.687662,0.24530533786781,5376.0,970.0,272.0,0.0,3047,6eb08bc0de094cc62c4c43da8123c8d8a546572ab45b7f1cfccb784a9d4dedd4,2c41bac374a2e524fde06813d3cdee123914adfc2704a7e95bb6a902860f1a12
candidate_906,True,ok,0,2,CH03,G2,4,1010,1010,1010,906,1.32,2.25,1.0,EQ05,EQ102,boss_defeated,43.1499999999988,16.07196,0.983439302084874,180.0,522.0,68.0,0.0,2589,6eb08bc0de094cc62c4c43da8123c8d8a546572ab45b7f1cfccb784a9d4dedd4,2c41bac374a2e524fde06813d3cdee123914adfc2704a7e95bb6a902860f1a12
candidate_906,True,ok,0,2,CH03,P5,4,1001,1001,1001,906,1.32,2.25,1.0,EQ05,EQ102,boss_defeated,52.0999999999983,17.315299,0.982399425287356,266.0,0.0,168.0,0.800000000000001,3126,6eb08bc0de094cc62c4c43da8123c8d8a546572ab45b7f1cfccb784a9d4dedd4,2c41bac374a2e524fde06813d3cdee123914adfc2704a7e95bb6a902860f1a12
candidate_906,True,ok,0,2,CH03,P5,4,1005,1005,1005,906,1.32,2.25,1.0,EQ05,EQ102,boss_defeated,50.7333333333317,16.944683,0.640265804597701,2227.0,270.0,224.0,0.0,3044,6eb08bc0de094cc62c4c43da8123c8d8a546572ab45b7f1cfccb784a9d4dedd4,2c41bac374a2e524fde06813d3cdee123914adfc2704a7e95bb6a902860f1a12
candidate_906,True,ok,0,2,CH03,P5,4,1010,1010,1010,906,1.32,2.25,1.0,EQ05,EQ102,boss_defeated,56.1999999999981,20.983034,0.711206896551724,1888.0,669.0,280.0,0.0,3372,6eb08bc0de094cc62c4c43da8123c8d8a546572ab45b7f1cfccb784a9d4dedd4,2c41bac374a2e524fde06813d3cdee123914adfc2704a7e95bb6a902860f1a12
candidate_906,True,ok,0,2,CH03,lowG2,4,1001,1001,1001,906,1.32,2.25,1.0,EQ05,EQ102,boss_defeated,41.6666666666656,15.574105,0.961176470588235,291.0,238.0,60.0,0.0,2500,6eb08bc0de094cc62c4c43da8123c8d8a546572ab45b7f1cfccb784a9d4dedd4,2c41bac374a2e524fde06813d3cdee123914adfc2704a7e95bb6a902860f1a12
candidate_906,True,ok,0,2,CH03,lowG2,4,1005,1005,1005,906,1.32,2.25,1.0,EQ05,EQ102,boss_defeated,48.5833333333319,16.991113,0.937478991596639,492.0,0.0,120.0,0.0,2915,6eb08bc0de094cc62c4c43da8123c8d8a546572ab45b7f1cfccb784a9d4dedd4,2c41bac374a2e524fde06813d3cdee123914adfc2704a7e95bb6a902860f1a12
candidate_906,True,ok,0,2,CH03,lowG2,4,1010,1010,1010,906,1.32,2.25,1.0,EQ05,EQ102,boss_defeated,48.1999999999985,18.110707,0.602689075630252,2604.0,238.0,240.0,0.0,2892,6eb08bc0de094cc62c4c43da8123c8d8a546572ab45b7f1cfccb784a9d4dedd4,2c41bac374a2e524fde06813d3cdee123914adfc2704a7e95bb6a902860f1a12
candidate_907,False,ok,0,3,CH01,G2,4,1001,1001,1001,907,1.3,3.0,1.0,EQ08,EQ108,boss_defeated,44.9166666666654,11.906522,0.703374777975133,2839.0,573.0,0.0,0.0,2695,a5bffedfcfae43232c589aa5e133625412f5a4d94f5ca880ab93edadda96d945,195e14d674368551fb3aa5defe9dabea58850ded988f2612f10a3d3c111a1520
candidate_907,False,ok,0,3,CH01,G2,4,1005,1005,1005,907,1.3,3.0,1.0,EQ08,EQ108,boss_defeated,38.0833333333325,10.624102,0.944624386166545,530.0,1544.0,0.0,1.85,2285,a5bffedfcfae43232c589aa5e133625412f5a4d94f5ca880ab93edadda96d945,195e14d674368551fb3aa5defe9dabea58850ded988f2612f10a3d3c111a1520
candidate_907,False,ok,0,3,CH01,G2,4,1010,1010,1010,907,1.3,3.0,1.0,EQ08,EQ108,boss_defeated,41.8999999999989,12.373817,0.857904085257549,1360.0,1513.0,0.0,0.0,2514,a5bffedfcfae43232c589aa5e133625412f5a4d94f5ca880ab93edadda96d945,195e14d674368551fb3aa5defe9dabea58850ded988f2612f10a3d3c111a1520
candidate_907,False,ok,0,3,CH01,P5,4,1001,1001,1001,907,1.3,3.0,1.0,EQ08,EQ108,boss_defeated,42.5833333333322,11.594199,0.767601246105919,1865.0,1370.0,0.0,0.816666666666668,2555,a5bffedfcfae43232c589aa5e133625412f5a4d94f5ca880ab93edadda96d945,195e14d674368551fb3aa5defe9dabea58850ded988f2612f10a3d3c111a1520
candidate_907,False,ok,0,3,CH01,P5,4,1005,1005,1005,907,1.3,3.0,1.0,EQ08,EQ108,boss_defeated,41.4666666666656,11.167242,0.721121495327103,2238.0,483.0,0.0,6.19999999999998,2488,a5bffedfcfae43232c589aa5e133625412f5a4d94f5ca880ab93edadda96d945,195e14d674368551fb3aa5defe9dabea58850ded988f2612f10a3d3c111a1520
candidate_907,False,ok,0,3,CH01,P5,4,1010,1010,1010,907,1.3,3.0,1.0,EQ08,EQ108,boss_defeated,45.6666666666654,11.144051,0.888598130841121,894.0,322.0,0.0,8.13333333333332,2740,a5bffedfcfae43232c589aa5e133625412f5a4d94f5ca880ab93edadda96d945,195e14d674368551fb3aa5defe9dabea58850ded988f2612f10a3d3c111a1520
candidate_907,False,ok,0,3,CH01,lowG2,4,1001,1001,1001,907,1.3,3.0,1.0,EQ08,EQ108,boss_defeated,46.233333333332,12.719997,0.719329110954727,2393.0,269.0,0.0,0.0,2774,a5bffedfcfae43232c589aa5e133625412f5a4d94f5ca880ab93edadda96d945,195e14d674368551fb3aa5defe9dabea58850ded988f2612f10a3d3c111a1520
candidate_907,False,ok,0,3,CH01,lowG2,4,1005,1005,1005,907,1.3,3.0,1.0,EQ08,EQ108,boss_defeated,40.5166666666656,10.68806,0.830635702556885,1444.0,853.0,0.0,1.4,2431,a5bffedfcfae43232c589aa5e133625412f5a4d94f5ca880ab93edadda96d945,195e14d674368551fb3aa5defe9dabea58850ded988f2612f10a3d3c111a1520
candidate_907,False,ok,0,3,CH01,lowG2,4,1010,1010,1010,907,1.3,3.0,1.0,EQ08,EQ108,boss_defeated,48.4499999999985,13.568564,0.75029322073657,2129.0,513.0,0.0,0.0,2907,a5bffedfcfae43232c589aa5e133625412f5a4d94f5ca880ab93edadda96d945,195e14d674368551fb3aa5defe9dabea58850ded988f2612f10a3d3c111a1520
candidate_907,False,ok,0,3,CH02,G2,4,1001,1001,1001,907,1.3,3.0,1.0,EQ07,EQ106,boss_defeated,34.6833333333326,10.491814,1.0,0.0,0.0,0.0,0.0,2081,a5bffedfcfae43232c589aa5e133625412f5a4d94f5ca880ab93edadda96d945,195e14d674368551fb3aa5defe9dabea58850ded988f2612f10a3d3c111a1520
candidate_907,False,ok,0,3,CH02,G2,4,1005,1005,1005,907,1.3,3.0,1.0,EQ07,EQ106,boss_defeated,31.0833333333328,10.197303,1.0,0.0,0.0,0.0,0.0,1865,a5bffedfcfae43232c589aa5e133625412f5a4d94f5ca880ab93edadda96d945,195e14d674368551fb3aa5defe9dabea58850ded988f2612f10a3d3c111a1520
candidate_907,False,ok,0,3,CH02,G2,4,1010,1010,1010,907,1.3,3.0,1.0,EQ07,EQ106,boss_defeated,33.7499999999994,10.394146,0.812414308862022,1505.0,0.0,0.0,0.0,2025,a5bffedfcfae43232c589aa5e133625412f5a4d94f5ca880ab93edadda96d945,195e14d674368551fb3aa5defe9dabea58850ded988f2612f10a3d3c111a1520
candidate_907,False,ok,0,3,CH02,P5,4,1001,1001,1001,907,1.3,3.0,1.0,EQ07,EQ106,boss_defeated,37.4833333333325,11.721223,1.0,0.0,0.0,0.0,0.0,2249,a5bffedfcfae43232c589aa5e133625412f5a4d94f5ca880ab93edadda96d945,195e14d674368551fb3aa5defe9dabea58850ded988f2612f10a3d3c111a1520
candidate_907,False,ok,0,3,CH02,P5,4,1005,1005,1005,907,1.3,3.0,1.0,EQ07,EQ106,boss_defeated,31.7666666666661,9.596255,0.837792894935752,1073.0,198.0,0.0,0.0,1906,a5bffedfcfae43232c589aa5e133625412f5a4d94f5ca880ab93edadda96d945,195e14d674368551fb3aa5defe9dabea58850ded988f2612f10a3d3c111a1520
candidate_907,False,ok,0,3,CH02,P5,4,1010,1010,1010,907,1.3,3.0,1.0,EQ07,EQ106,boss_defeated,34.866666666666,11.317005,1.0,0.0,0.0,0.0,0.0,2092,a5bffedfcfae43232c589aa5e133625412f5a4d94f5ca880ab93edadda96d945,195e14d674368551fb3aa5defe9dabea58850ded988f2612f10a3d3c111a1520
candidate_907,False,ok,0,3,CH02,lowG2,4,1001,1001,1001,907,1.3,3.0,1.0,EQ07,EQ106,boss_defeated,36.6333333333325,11.473074,1.0,0.0,0.0,0.0,0.0,2198,a5bffedfcfae43232c589aa5e133625412f5a4d94f5ca880ab93edadda96d945,195e14d674368551fb3aa5defe9dabea58850ded988f2612f10a3d3c111a1520
candidate_907,False,ok,0,3,CH02,lowG2,4,1005,1005,1005,907,1.3,3.0,1.0,EQ07,EQ106,boss_defeated,30.7166666666662,10.216338,1.0,0.0,0.0,0.0,0.0,1843,a5bffedfcfae43232c589aa5e133625412f5a4d94f5ca880ab93edadda96d945,195e14d674368551fb3aa5defe9dabea58850ded988f2612f10a3d3c111a1520
candidate_907,False,ok,0,3,CH02,lowG2,4,1010,1010,1010,907,1.3,3.0,1.0,EQ07,EQ106,boss_defeated,35.6833333333326,12.130318,1.0,0.0,0.0,0.0,0.0,2141,a5bffedfcfae43232c589aa5e133625412f5a4d94f5ca880ab93edadda96d945,195e14d674368551fb3aa5defe9dabea58850ded988f2612f10a3d3c111a1520
