id,chapter,level,rank,difficulty,primary_role,max_hp,damage,ability_power,skill_base_power,armor,magic_resist,crit_chance,crit_multiplier
BO01,1,5,boss,0,boss,19575,270,0,0,180,180,0.25,2.0
BO01,1,5,boss,1,boss,27405,324,0,0,210,210,0.25,2.0
BO01,1,5,boss,2,boss,39150,405,0,0,240,240,0.25,2.0
BO01,1,5,boss,3,boss,54810,500,0,0,270,270,0.25,2.0
BO01,1,5,boss,4,boss,78300,621,0,0,300,300,0.25,2.0
M01,1,1,elite,0,warrior,1555,339,0,0,0,81,0.25,2.0
M01,1,1,elite,1,warrior,2177,406,0,0,20,104,0.25,2.0
M01,1,1,elite,2,warrior,3110,508,0,0,40,127,0.25,2.0
M01,1,1,elite,3,warrior,4355,627,0,0,60,150,0.25,2.0
M01,1,1,elite,4,warrior,6221,779,0,0,80,173,0.25,2.0
M01,1,1,normal,0,warrior,1296,302,0,0,0,35,0.25,2.0
M01,1,1,normal,1,warrior,1814,363,0,0,20,58,0.25,2.0
M01,1,1,normal,2,warrior,2592,454,0,0,40,81,0.25,2.0
M01,1,1,normal,3,warrior,3629,559,0,0,60,104,0.25,2.0
M01,1,1,normal,4,warrior,5184,696,0,0,80,127,0.25,2.0
M01,1,3,elite,0,warrior,1726,356,0,0,10,92,0.25,2.0
M01,1,3,elite,1,warrior,2417,427,0,0,30,115,0.25,2.0
M01,1,3,elite,2,warrior,3453,533,0,0,50,138,0.25,2.0
M01,1,3,elite,3,warrior,4834,658,0,0,70,161,0.25,2.0
M01,1,3,elite,4,warrior,6905,818,0,0,90,184,0.25,2.0
M01,1,3,normal,0,warrior,1439,318,0,0,10,46,0.25,2.0
M01,1,3,normal,1,warrior,2014,381,0,0,30,69,0.25,2.0
M01,1,3,normal,2,warrior,2877,476,0,0,50,92,0.25,2.0
M01,1,3,normal,3,warrior,4028,587,0,0,70,115,0.25,2.0
M01,1,3,normal,4,warrior,5754,730,0,0,90,138,0.25,2.0
M01,1,5,elite,0,warrior,1897,373,0,0,40,115,0.25,2.0
M01,1,5,elite,1,warrior,2656,447,0,0,60,138,0.25,2.0
M01,1,5,elite,2,warrior,3795,559,0,0,80,161,0.25,2.0
M01,1,5,elite,3,warrior,5313,689,0,0,100,184,0.25,2.0
M01,1,5,elite,4,warrior,7589,857,0,0,120,207,0.25,2.0
M01,1,5,normal,0,warrior,1581,333,0,0,40,69,0.25,2.0
M01,1,5,normal,1,warrior,2214,399,0,0,60,92,0.25,2.0
M01,1,5,normal,2,warrior,3162,499,0,0,80,115,0.25,2.0
M01,1,5,normal,3,warrior,4427,615,0,0,100,138,0.25,2.0
M01,1,5,normal,4,warrior,6324,765,0,0,120,161,0.25,2.0
M02,1,1,elite,0,warrior,2022,387,0,0,30,81,0.25,2.0
M02,1,1,elite,1,warrior,2830,464,0,0,50,104,0.25,2.0
M02,1,1,elite,2,warrior,4044,581,0,0,70,127,0.25,2.0
M02,1,1,elite,3,warrior,5661,716,0,0,90,150,0.25,2.0
M02,1,1,elite,4,warrior,8087,890,0,0,110,173,0.25,2.0
M02,1,1,normal,0,warrior,1685,346,0,0,30,35,0.25,2.0
M02,1,1,normal,1,warrior,2359,415,0,0,50,58,0.25,2.0
M02,1,1,normal,2,warrior,3370,518,0,0,70,81,0.25,2.0
M02,1,1,normal,3,warrior,4717,639,0,0,90,104,0.25,2.0
M02,1,1,normal,4,warrior,6739,795,0,0,110,127,0.25,2.0
M02,1,3,elite,0,warrior,2244,406,0,0,40,92,0.25,2.0
M02,1,3,elite,1,warrior,3142,488,0,0,60,115,0.25,2.0
M02,1,3,elite,2,warrior,4488,610,0,0,80,138,0.25,2.0
M02,1,3,elite,3,warrior,6284,752,0,0,100,161,0.25,2.0
M02,1,3,elite,4,warrior,8977,935,0,0,120,184,0.25,2.0
M02,1,3,normal,0,warrior,1870,363,0,0,40,46,0.25,2.0
M02,1,3,normal,1,warrior,2618,435,0,0,60,69,0.25,2.0
M02,1,3,normal,2,warrior,3740,544,0,0,80,92,0.25,2.0
M02,1,3,normal,3,warrior,5236,671,0,0,100,115,0.25,2.0
M02,1,3,normal,4,warrior,7481,835,0,0,120,138,0.25,2.0
M02,1,5,elite,0,warrior,2467,426,0,0,70,115,0.25,2.0
M02,1,5,elite,1,warrior,3453,511,0,0,90,138,0.25,2.0
M02,1,5,elite,2,warrior,4933,639,0,0,110,161,0.25,2.0
M02,1,5,elite,3,warrior,6906,788,0,0,130,184,0.25,2.0
M02,1,5,elite,4,warrior,9866,979,0,0,150,207,0.25,2.0
M02,1,5,normal,0,warrior,2055,380,0,0,70,69,0.25,2.0
M02,1,5,normal,1,warrior,2878,456,0,0,90,92,0.25,2.0
M02,1,5,normal,2,warrior,4111,570,0,0,110,115,0.25,2.0
M02,1,5,normal,3,warrior,5755,703,0,0,130,138,0.25,2.0
M02,1,5,normal,4,warrior,8222,874,0,0,150,161,0.25,2.0
M03,1,1,elite,0,ranged,933,364,0,0,0,70,0.35,2.25
M03,1,1,elite,1,ranged,1306,436,0,0,20,90,0.35,2.25
M03,1,1,elite,2,ranged,1866,545,0,0,40,110,0.35,2.25
M03,1,1,elite,3,ranged,2613,673,0,0,60,130,0.35,2.25
M03,1,1,elite,4,ranged,3732,836,0,0,80,150,0.35,2.25
M03,1,1,normal,0,ranged,778,325,0,0,0,30,0.35,2.25
M03,1,1,normal,1,ranged,1089,390,0,0,20,50,0.35,2.25
M03,1,1,normal,2,ranged,1555,487,0,0,40,70,0.35,2.25
M03,1,1,normal,3,ranged,2177,601,0,0,60,90,0.35,2.25
M03,1,1,normal,4,ranged,3110,747,0,0,80,110,0.35,2.25
M03,1,3,elite,0,ranged,1036,382,0,0,10,80,0.35,2.25
M03,1,3,elite,1,ranged,1450,458,0,0,30,100,0.35,2.25
M03,1,3,elite,2,ranged,2072,573,0,0,50,120,0.35,2.25
M03,1,3,elite,3,ranged,2900,706,0,0,70,140,0.35,2.25
M03,1,3,elite,4,ranged,4143,878,0,0,90,160,0.35,2.25
M03,1,3,normal,0,ranged,863,341,0,0,10,40,0.35,2.25
M03,1,3,normal,1,ranged,1208,409,0,0,30,60,0.35,2.25
M03,1,3,normal,2,ranged,1726,511,0,0,50,80,0.35,2.25
M03,1,3,normal,3,ranged,2417,631,0,0,70,100,0.35,2.25
M03,1,3,normal,4,ranged,3453,784,0,0,90,120,0.35,2.25
M03,1,5,elite,0,ranged,1138,400,0,0,40,100,0.35,2.25
M03,1,5,elite,1,ranged,1594,480,0,0,60,120,0.35,2.25
M03,1,5,elite,2,ranged,2277,600,0,0,80,140,0.35,2.25
M03,1,5,elite,3,ranged,3188,740,0,0,100,160,0.35,2.25
M03,1,5,elite,4,ranged,4554,920,0,0,120,180,0.35,2.25
M03,1,5,normal,0,ranged,949,357,0,0,40,60,0.35,2.25
M03,1,5,normal,1,ranged,1328,429,0,0,60,80,0.35,2.25
M03,1,5,normal,2,ranged,1897,536,0,0,80,100,0.35,2.25
M03,1,5,normal,3,ranged,2656,661,0,0,100,120,0.35,2.25
M03,1,5,normal,4,ranged,3795,821,0,0,120,140,0.35,2.25
M04,1,1,elite,0,warrior,726,194,0,0,0,81,0.25,2.0
M04,1,1,elite,1,warrior,1016,232,0,0,20,104,0.25,2.0
M04,1,1,elite,2,warrior,1452,290,0,0,40,127,0.25,2.0
M04,1,1,elite,3,warrior,2032,358,0,0,60,150,0.25,2.0
M04,1,1,elite,4,warrior,2903,445,0,0,80,173,0.25,2.0
M04,1,1,normal,0,warrior,605,173,0,0,0,35,0.25,2.0
M04,1,1,normal,1,warrior,847,207,0,0,20,58,0.25,2.0
M04,1,1,normal,2,warrior,1210,259,0,0,40,81,0.25,2.0
M04,1,1,normal,3,warrior,1693,320,0,0,60,104,0.25,2.0
M04,1,1,normal,4,warrior,2419,397,0,0,80,127,0.25,2.0
M04,1,3,elite,0,warrior,806,203,0,0,10,92,0.25,2.0
M04,1,3,elite,1,warrior,1128,244,0,0,30,115,0.25,2.0
M04,1,3,elite,2,warrior,1611,305,0,0,50,138,0.25,2.0
M04,1,3,elite,3,warrior,2256,376,0,0,70,161,0.25,2.0
M04,1,3,elite,4,warrior,3222,467,0,0,90,184,0.25,2.0
M04,1,3,normal,0,warrior,671,181,0,0,10,46,0.25,2.0
M04,1,3,normal,1,warrior,940,218,0,0,30,69,0.25,2.0
M04,1,3,normal,2,warrior,1343,272,0,0,50,92,0.25,2.0
M04,1,3,normal,3,warrior,1880,336,0,0,70,115,0.25,2.0
M04,1,3,normal,4,warrior,2685,417,0,0,90,138,0.25,2.0
M04,1,5,elite,0,warrior,885,213,0,0,40,115,0.25,2.0
M04,1,5,elite,1,warrior,1240,255,0,0,60,138,0.25,2.0
M04,1,5,elite,2,warrior,1771,319,0,0,80,161,0.25,2.0
M04,1,5,elite,3,warrior,2479,394,0,0,100,184,0.25,2.0
M04,1,5,elite,4,warrior,3542,490,0,0,120,207,0.25,2.0
M04,1,5,normal,0,warrior,738,190,0,0,40,69,0.25,2.0
M04,1,5,normal,1,warrior,1033,228,0,0,60,92,0.25,2.0
M04,1,5,normal,2,warrior,1476,285,0,0,80,115,0.25,2.0
M04,1,5,normal,3,warrior,2066,352,0,0,100,138,0.25,2.0
M04,1,5,normal,4,warrior,2951,437,0,0,120,161,0.25,2.0
M05,1,1,elite,0,warrior,2022,387,0,0,30,81,0.25,2.0
M05,1,1,elite,1,warrior,2830,464,0,0,50,104,0.25,2.0
M05,1,1,elite,2,warrior,4044,581,0,0,70,127,0.25,2.0
M05,1,1,elite,3,warrior,5661,716,0,0,90,150,0.25,2.0
M05,1,1,elite,4,warrior,8087,890,0,0,110,173,0.25,2.0
M05,1,1,normal,0,warrior,1685,346,0,0,30,35,0.25,2.0
M05,1,1,normal,1,warrior,2359,415,0,0,50,58,0.25,2.0
M05,1,1,normal,2,warrior,3370,518,0,0,70,81,0.25,2.0
M05,1,1,normal,3,warrior,4717,639,0,0,90,104,0.25,2.0
M05,1,1,normal,4,warrior,6739,795,0,0,110,127,0.25,2.0
M05,1,3,elite,0,warrior,2244,406,0,0,40,92,0.25,2.0
M05,1,3,elite,1,warrior,3142,488,0,0,60,115,0.25,2.0
M05,1,3,elite,2,warrior,4488,610,0,0,80,138,0.25,2.0
M05,1,3,elite,3,warrior,6284,752,0,0,100,161,0.25,2.0
M05,1,3,elite,4,warrior,8977,935,0,0,120,184,0.25,2.0
M05,1,3,normal,0,warrior,1870,363,0,0,40,46,0.25,2.0
M05,1,3,normal,1,warrior,2618,435,0,0,60,69,0.25,2.0
M05,1,3,normal,2,warrior,3740,544,0,0,80,92,0.25,2.0
M05,1,3,normal,3,warrior,5236,671,0,0,100,115,0.25,2.0
M05,1,3,normal,4,warrior,7481,835,0,0,120,138,0.25,2.0
M05,1,5,elite,0,warrior,2467,426,0,0,70,115,0.25,2.0
M05,1,5,elite,1,warrior,3453,511,0,0,90,138,0.25,2.0
M05,1,5,elite,2,warrior,4933,639,0,0,110,161,0.25,2.0
M05,1,5,elite,3,warrior,6906,788,0,0,130,184,0.25,2.0
M05,1,5,elite,4,warrior,9866,979,0,0,150,207,0.25,2.0
M05,1,5,normal,0,warrior,2055,380,0,0,70,69,0.25,2.0
M05,1,5,normal,1,warrior,2878,456,0,0,90,92,0.25,2.0
M05,1,5,normal,2,warrior,4111,570,0,0,110,115,0.25,2.0
M05,1,5,normal,3,warrior,5755,703,0,0,130,138,0.25,2.0
M05,1,5,normal,4,warrior,8222,874,0,0,150,161,0.25,2.0
M06,1,1,elite,0,support,1928,136,0,0,72,168,0.25,2.0
M06,1,1,elite,1,support,2700,163,0,0,96,192,0.25,2.0
M06,1,1,elite,2,support,3857,204,0,0,120,216,0.25,2.0
M06,1,1,elite,3,support,5400,252,0,0,144,240,0.25,2.0
M06,1,1,elite,4,support,7714,313,0,0,168,264,0.25,2.0
M06,1,1,normal,0,support,1607,122,0,0,72,120,0.25,2.0
M06,1,1,normal,1,support,2250,146,0,0,96,144,0.25,2.0
M06,1,1,normal,2,support,3214,182,0,0,120,168,0.25,2.0
M06,1,1,normal,3,support,4500,225,0,0,144,192,0.25,2.0
M06,1,1,normal,4,support,6428,279,0,0,168,216,0.25,2.0
M06,1,3,elite,0,support,2141,143,0,0,84,180,0.25,2.0
M06,1,3,elite,1,support,2997,171,0,0,108,204,0.25,2.0
M06,1,3,elite,2,support,4281,214,0,0,132,228,0.25,2.0
M06,1,3,elite,3,support,5994,264,0,0,156,252,0.25,2.0
M06,1,3,elite,4,support,8562,329,0,0,180,276,0.25,2.0
M06,1,3,normal,0,support,1784,128,0,0,84,132,0.25,2.0
M06,1,3,normal,1,support,2497,153,0,0,108,156,0.25,2.0
M06,1,3,normal,2,support,3568,191,0,0,132,180,0.25,2.0
M06,1,3,normal,3,support,4995,236,0,0,156,204,0.25,2.0
M06,1,3,normal,4,support,7135,293,0,0,180,228,0.25,2.0
M06,1,5,elite,0,support,2353,150,0,0,108,210,0.25,2.0
M06,1,5,elite,1,support,3294,180,0,0,132,234,0.25,2.0
M06,1,5,elite,2,support,4705,225,0,0,156,258,0.25,2.0
M06,1,5,elite,3,support,6588,277,0,0,180,282,0.25,2.0
M06,1,5,elite,4,support,9411,344,0,0,204,306,0.25,2.0
M06,1,5,normal,0,support,1961,134,0,0,108,162,0.25,2.0
M06,1,5,normal,1,support,2745,160,0,0,132,186,0.25,2.0
M06,1,5,normal,2,support,3921,200,0,0,156,210,0.25,2.0
M06,1,5,normal,3,support,5490,247,0,0,180,234,0.25,2.0
M06,1,5,normal,4,support,7842,307,0,0,204,258,0.25,2.0
M07,1,1,elite,0,warrior,1659,266,0,0,20,81,0.25,2.0
M07,1,1,elite,1,warrior,2322,319,0,0,40,104,0.25,2.0
M07,1,1,elite,2,warrior,3318,399,0,0,60,127,0.25,2.0
M07,1,1,elite,3,warrior,4645,492,0,0,80,150,0.25,2.0
M07,1,1,elite,4,warrior,6636,612,0,0,100,173,0.25,2.0
M07,1,1,normal,0,warrior,1382,238,0,0,20,35,0.25,2.0
M07,1,1,normal,1,warrior,1935,285,0,0,40,58,0.25,2.0
M07,1,1,normal,2,warrior,2765,356,0,0,60,81,0.25,2.0
M07,1,1,normal,3,warrior,3871,440,0,0,80,104,0.25,2.0
M07,1,1,normal,4,warrior,5530,546,0,0,100,127,0.25,2.0
M07,1,3,elite,0,warrior,1841,279,0,0,30,92,0.25,2.0
M07,1,3,elite,1,warrior,2578,335,0,0,50,115,0.25,2.0
M07,1,3,elite,2,warrior,3683,419,0,0,70,138,0.25,2.0
M07,1,3,elite,3,warrior,5156,517,0,0,90,161,0.25,2.0
M07,1,3,elite,4,warrior,7365,643,0,0,110,184,0.25,2.0
M07,1,3,normal,0,warrior,1534,249,0,0,30,46,0.25,2.0
M07,1,3,normal,1,warrior,2148,299,0,0,50,69,0.25,2.0
M07,1,3,normal,2,warrior,3069,374,0,0,70,92,0.25,2.0
M07,1,3,normal,3,warrior,4296,462,0,0,90,115,0.25,2.0
M07,1,3,normal,4,warrior,6138,574,0,0,110,138,0.25,2.0
M07,1,5,elite,0,warrior,2024,293,0,0,60,115,0.25,2.0
M07,1,5,elite,1,warrior,2833,351,0,0,80,138,0.25,2.0
M07,1,5,elite,2,warrior,4048,439,0,0,100,161,0.25,2.0
M07,1,5,elite,3,warrior,5667,542,0,0,120,184,0.25,2.0
M07,1,5,elite,4,warrior,8095,673,0,0,140,207,0.25,2.0
M07,1,5,normal,0,warrior,1687,261,0,0,60,69,0.25,2.0
M07,1,5,normal,1,warrior,2361,314,0,0,80,92,0.25,2.0
M07,1,5,normal,2,warrior,3373,392,0,0,100,115,0.25,2.0
M07,1,5,normal,3,warrior,4722,484,0,0,120,138,0.25,2.0
M07,1,5,normal,4,warrior,6746,601,0,0,140,161,0.25,2.0
M08,1,1,elite,0,tank,2842,177,0,0,208,156,0.25,2.0
M08,1,1,elite,1,tank,3979,212,0,0,234,182,0.25,2.0
M08,1,1,elite,2,tank,5684,265,0,0,260,208,0.25,2.0
M08,1,1,elite,3,tank,7958,327,0,0,286,234,0.25,2.0
M08,1,1,elite,4,tank,11369,407,0,0,312,260,0.25,2.0
M08,1,1,normal,0,tank,2368,158,0,0,208,104,0.25,2.0
M08,1,1,normal,1,tank,3316,190,0,0,234,130,0.25,2.0
M08,1,1,normal,2,tank,4737,237,0,0,260,156,0.25,2.0
M08,1,1,normal,3,tank,6632,292,0,0,286,182,0.25,2.0
M08,1,1,normal,4,tank,9474,363,0,0,312,208,0.25,2.0
M08,1,3,elite,0,tank,3155,186,0,0,221,169,0.25,2.0
M08,1,3,elite,1,tank,4417,223,0,0,247,195,0.25,2.0
M08,1,3,elite,2,tank,6310,279,0,0,273,221,0.25,2.0
M08,1,3,elite,3,tank,8833,344,0,0,299,247,0.25,2.0
M08,1,3,elite,4,tank,12619,427,0,0,325,273,0.25,2.0
M08,1,3,normal,0,tank,2629,166,0,0,221,117,0.25,2.0
M08,1,3,normal,1,tank,3681,199,0,0,247,143,0.25,2.0
M08,1,3,normal,2,tank,5258,249,0,0,273,169,0.25,2.0
M08,1,3,normal,3,tank,7361,307,0,0,299,195,0.25,2.0
M08,1,3,normal,4,tank,10516,381,0,0,325,221,0.25,2.0
M08,1,5,elite,0,tank,3467,195,0,0,260,195,0.25,2.0
M08,1,5,elite,1,tank,4854,234,0,0,286,221,0.25,2.0
M08,1,5,elite,2,tank,6935,292,0,0,312,247,0.25,2.0
M08,1,5,elite,3,tank,9709,360,0,0,338,273,0.25,2.0
M08,1,5,elite,4,tank,13870,448,0,0,364,299,0.25,2.0
M08,1,5,normal,0,tank,2889,174,0,0,260,143,0.25,2.0
M08,1,5,normal,1,tank,4045,208,0,0,286,169,0.25,2.0
M08,1,5,normal,2,tank,5779,261,0,0,312,195,0.25,2.0
M08,1,5,normal,3,tank,8091,321,0,0,338,221,0.25,2.0
M08,1,5,normal,4,tank,11558,400,0,0,364,247,0.25,2.0
M09,1,1,elite,0,support,1253,95,0,0,0,168,0.25,2.0
M09,1,1,elite,1,support,1755,114,0,0,24,192,0.25,2.0
M09,1,1,elite,2,support,2507,143,0,0,48,216,0.25,2.0
M09,1,1,elite,3,support,3510,176,0,0,72,240,0.25,2.0
M09,1,1,elite,4,support,5014,219,0,0,96,264,0.25,2.0
M09,1,1,normal,0,support,1045,85,0,0,0,120,0.25,2.0
M09,1,1,normal,1,support,1462,102,0,0,24,144,0.25,2.0
M09,1,1,normal,2,support,2089,128,0,0,48,168,0.25,2.0
M09,1,1,normal,3,support,2925,157,0,0,72,192,0.25,2.0
M09,1,1,normal,4,support,4178,196,0,0,96,216,0.25,2.0
M09,1,3,elite,0,support,1391,100,0,0,12,180,0.25,2.0
M09,1,3,elite,1,support,1948,120,0,0,36,204,0.25,2.0
M09,1,3,elite,2,support,2783,150,0,0,60,228,0.25,2.0
M09,1,3,elite,3,support,3896,185,0,0,84,252,0.25,2.0
M09,1,3,elite,4,support,5566,230,0,0,108,276,0.25,2.0
M09,1,3,normal,0,support,1159,89,0,0,12,132,0.25,2.0
M09,1,3,normal,1,support,1623,107,0,0,36,156,0.25,2.0
M09,1,3,normal,2,support,2319,134,0,0,60,180,0.25,2.0
M09,1,3,normal,3,support,3247,165,0,0,84,204,0.25,2.0
M09,1,3,normal,4,support,4638,205,0,0,108,228,0.25,2.0
M09,1,5,elite,0,support,1529,105,0,0,36,210,0.25,2.0
M09,1,5,elite,1,support,2141,126,0,0,60,234,0.25,2.0
M09,1,5,elite,2,support,3059,157,0,0,84,258,0.25,2.0
M09,1,5,elite,3,support,4282,194,0,0,108,282,0.25,2.0
M09,1,5,elite,4,support,6117,241,0,0,132,306,0.25,2.0
M09,1,5,normal,0,support,1274,94,0,0,36,162,0.25,2.0
M09,1,5,normal,1,support,1784,112,0,0,60,186,0.25,2.0
M09,1,5,normal,2,support,2549,140,0,0,84,210,0.25,2.0
M09,1,5,normal,3,support,3568,173,0,0,108,234,0.25,2.0
M09,1,5,normal,4,support,5098,215,0,0,132,258,0.25,2.0
BO02,2,10,boss,0,boss,24494,292,0,0,200,200,0.25,2.0
BO02,2,10,boss,1,boss,34292,350,0,0,230,230,0.25,2.0
BO02,2,10,boss,2,boss,48989,438,0,0,260,260,0.25,2.0
BO02,2,10,boss,3,boss,68584,540,0,0,290,290,0.25,2.0
BO02,2,10,boss,4,boss,97978,672,0,0,320,320,0.25,2.0
M10,2,6,elite,0,assassin,999,633,0,0,40,80,0.4,2.5
M10,2,6,elite,1,assassin,1399,759,0,0,60,100,0.4,2.5
M10,2,6,elite,2,assassin,1999,949,0,0,80,120,0.4,2.5
M10,2,6,elite,3,assassin,2798,1170,0,0,100,140,0.4,2.5
M10,2,6,elite,4,assassin,3997,1455,0,0,120,160,0.4,2.5
M10,2,6,normal,0,assassin,833,565,0,0,40,40,0.4,2.5
M10,2,6,normal,1,assassin,1166,678,0,0,60,60,0.4,2.5
M10,2,6,normal,2,assassin,1666,847,0,0,80,80,0.4,2.5
M10,2,6,normal,3,assassin,2332,1045,0,0,100,100,0.4,2.5
M10,2,6,normal,4,assassin,3331,1299,0,0,120,120,0.4,2.5
M10,2,8,elite,0,assassin,1086,661,0,0,50,90,0.4,2.5
M10,2,8,elite,1,assassin,1520,793,0,0,70,110,0.4,2.5
M10,2,8,elite,2,assassin,2171,991,0,0,90,130,0.4,2.5
M10,2,8,elite,3,assassin,3040,1222,0,0,110,150,0.4,2.5
M10,2,8,elite,4,assassin,4342,1520,0,0,130,170,0.4,2.5
M10,2,8,normal,0,assassin,905,590,0,0,50,50,0.4,2.5
M10,2,8,normal,1,assassin,1267,708,0,0,70,70,0.4,2.5
M10,2,8,normal,2,assassin,1809,885,0,0,90,90,0.4,2.5
M10,2,8,normal,3,assassin,2533,1092,0,0,110,110,0.4,2.5
M10,2,8,normal,4,assassin,3619,1357,0,0,130,130,0.4,2.5
M10,2,10,elite,0,assassin,1172,689,0,0,65,105,0.4,2.5
M10,2,10,elite,1,assassin,1641,827,0,0,85,125,0.4,2.5
M10,2,10,elite,2,assassin,2344,1033,0,0,105,145,0.4,2.5
M10,2,10,elite,3,assassin,3281,1275,0,0,125,165,0.4,2.5
M10,2,10,elite,4,assassin,4687,1585,0,0,145,185,0.4,2.5
M10,2,10,normal,0,assassin,977,615,0,0,65,65,0.4,2.5
M10,2,10,normal,1,assassin,1367,738,0,0,85,85,0.4,2.5
M10,2,10,normal,2,assassin,1953,923,0,0,105,105,0.4,2.5
M10,2,10,normal,3,assassin,2734,1138,0,0,125,125,0.4,2.5
M10,2,10,normal,4,assassin,3906,1415,0,0,145,145,0.4,2.5
M11,2,6,elite,0,caster,1432,166,511,64,55,282,0.25,2.0
M11,2,6,elite,1,caster,2005,199,614,77,75,306,0.25,2.0
M11,2,6,elite,2,caster,2865,249,767,96,95,330,0.25,2.0
M11,2,6,elite,3,caster,4011,308,946,118,115,354,0.25,2.0
M11,2,6,elite,4,caster,5730,382,1176,147,135,378,0.25,2.0
M11,2,6,normal,0,caster,1194,148,457,57,55,234,0.25,2.0
M11,2,6,normal,1,caster,1671,178,548,68,75,258,0.25,2.0
M11,2,6,normal,2,caster,2387,223,685,86,95,282,0.25,2.0
M11,2,6,normal,3,caster,3342,275,845,106,115,306,0.25,2.0
M11,2,6,normal,4,caster,4775,341,1050,131,135,330,0.25,2.0
M11,2,8,elite,0,caster,1556,174,534,67,65,294,0.25,2.0
M11,2,8,elite,1,caster,2178,208,641,80,85,318,0.25,2.0
M11,2,8,elite,2,caster,3112,260,801,100,105,342,0.25,2.0
M11,2,8,elite,3,caster,4357,321,988,124,125,366,0.25,2.0
M11,2,8,elite,4,caster,6224,399,1229,154,145,390,0.25,2.0
M11,2,8,normal,0,caster,1297,155,477,60,65,246,0.25,2.0
M11,2,8,normal,1,caster,1815,186,572,72,85,270,0.25,2.0
M11,2,8,normal,2,caster,2593,233,715,89,105,294,0.25,2.0
M11,2,8,normal,3,caster,3631,287,882,110,125,318,0.25,2.0
M11,2,8,normal,4,caster,5187,357,1097,137,145,342,0.25,2.0
M11,2,10,elite,0,caster,1680,181,557,70,85,330,0.25,2.0
M11,2,10,elite,1,caster,2351,217,668,84,105,354,0.25,2.0
M11,2,10,elite,2,caster,3359,271,835,104,125,378,0.25,2.0
M11,2,10,elite,3,caster,4703,335,1030,129,145,402,0.25,2.0
M11,2,10,elite,4,caster,6718,416,1281,160,165,426,0.25,2.0
M11,2,10,normal,0,caster,1400,162,497,62,85,282,0.25,2.0
M11,2,10,normal,1,caster,1960,194,597,75,105,306,0.25,2.0
M11,2,10,normal,2,caster,2799,242,746,93,125,330,0.25,2.0
M11,2,10,normal,3,caster,3919,299,920,115,145,354,0.25,2.0
M11,2,10,normal,4,caster,5599,372,1144,143,165,378,0.25,2.0
M12,2,6,elite,0,support,2237,132,0,0,78,228,0.25,2.0
M12,2,6,elite,1,support,3132,159,0,0,102,252,0.25,2.0
M12,2,6,elite,2,support,4475,198,0,0,126,276,0.25,2.0
M12,2,6,elite,3,support,6265,245,0,0,150,300,0.25,2.0
M12,2,6,elite,4,support,8950,304,0,0,174,324,0.25,2.0
M12,2,6,normal,0,support,1865,118,0,0,78,180,0.25,2.0
M12,2,6,normal,1,support,2610,142,0,0,102,204,0.25,2.0
M12,2,6,normal,2,support,3729,177,0,0,126,228,0.25,2.0
M12,2,6,normal,3,support,5221,218,0,0,150,252,0.25,2.0
M12,2,6,normal,4,support,7458,272,0,0,174,276,0.25,2.0
M12,2,8,elite,0,support,2431,138,0,0,90,240,0.25,2.0
M12,2,8,elite,1,support,3403,166,0,0,114,264,0.25,2.0
M12,2,8,elite,2,support,4861,207,0,0,138,288,0.25,2.0
M12,2,8,elite,3,support,6805,256,0,0,162,312,0.25,2.0
M12,2,8,elite,4,support,9722,318,0,0,186,336,0.25,2.0
M12,2,8,normal,0,support,2025,123,0,0,90,192,0.25,2.0
M12,2,8,normal,1,support,2836,148,0,0,114,216,0.25,2.0
M12,2,8,normal,2,support,4051,185,0,0,138,240,0.25,2.0
M12,2,8,normal,3,support,5671,228,0,0,162,264,0.25,2.0
M12,2,8,normal,4,support,8102,284,0,0,186,288,0.25,2.0
M12,2,10,elite,0,support,2624,144,0,0,114,270,0.25,2.0
M12,2,10,elite,1,support,3673,173,0,0,138,294,0.25,2.0
M12,2,10,elite,2,support,5247,216,0,0,162,318,0.25,2.0
M12,2,10,elite,3,support,7346,266,0,0,186,342,0.25,2.0
M12,2,10,elite,4,support,10494,331,0,0,210,366,0.25,2.0
M12,2,10,normal,0,support,2186,129,0,0,114,222,0.25,2.0
M12,2,10,normal,1,support,3061,154,0,0,138,246,0.25,2.0
M12,2,10,normal,2,support,4373,193,0,0,162,270,0.25,2.0
M12,2,10,normal,3,support,6122,238,0,0,186,294,0.25,2.0
M12,2,10,normal,4,support,8745,296,0,0,210,318,0.25,2.0
M13,2,6,elite,0,assassin,899,565,0,0,40,80,0.4,2.5
M13,2,6,elite,1,assassin,1259,678,0,0,60,100,0.4,2.5
M13,2,6,elite,2,assassin,1799,847,0,0,80,120,0.4,2.5
M13,2,6,elite,3,assassin,2518,1045,0,0,100,140,0.4,2.5
M13,2,6,elite,4,assassin,3598,1299,0,0,120,160,0.4,2.5
M13,2,6,normal,0,assassin,750,504,0,0,40,40,0.4,2.5
M13,2,6,normal,1,assassin,1049,605,0,0,60,60,0.4,2.5
M13,2,6,normal,2,assassin,1499,757,0,0,80,80,0.4,2.5
M13,2,6,normal,3,assassin,2099,933,0,0,100,100,0.4,2.5
M13,2,6,normal,4,assassin,2998,1160,0,0,120,120,0.4,2.5
M13,2,8,elite,0,assassin,977,590,0,0,50,90,0.4,2.5
M13,2,8,elite,1,assassin,1368,708,0,0,70,110,0.4,2.5
M13,2,8,elite,2,assassin,1954,885,0,0,90,130,0.4,2.5
M13,2,8,elite,3,assassin,2736,1092,0,0,110,150,0.4,2.5
M13,2,8,elite,4,assassin,3908,1357,0,0,130,170,0.4,2.5
M13,2,8,normal,0,assassin,814,527,0,0,50,50,0.4,2.5
M13,2,8,normal,1,assassin,1140,632,0,0,70,70,0.4,2.5
M13,2,8,normal,2,assassin,1628,790,0,0,90,90,0.4,2.5
M13,2,8,normal,3,assassin,2280,975,0,0,110,110,0.4,2.5
M13,2,8,normal,4,assassin,3257,1212,0,0,130,130,0.4,2.5
M13,2,10,elite,0,assassin,1055,615,0,0,65,105,0.4,2.5
M13,2,10,elite,1,assassin,1476,738,0,0,85,125,0.4,2.5
M13,2,10,elite,2,assassin,2109,923,0,0,105,145,0.4,2.5
M13,2,10,elite,3,assassin,2953,1138,0,0,125,165,0.4,2.5
M13,2,10,elite,4,assassin,4219,1415,0,0,145,185,0.4,2.5
M13,2,10,normal,0,assassin,879,549,0,0,65,65,0.4,2.5
M13,2,10,normal,1,assassin,1230,659,0,0,85,85,0.4,2.5
M13,2,10,normal,2,assassin,1758,824,0,0,105,105,0.4,2.5
M13,2,10,normal,3,assassin,2461,1016,0,0,125,125,0.4,2.5
M13,2,10,normal,4,assassin,3515,1263,0,0,145,145,0.4,2.5
M14,2,6,elite,0,warrior,1036,235,0,0,55,132,0.25,2.0
M14,2,6,elite,1,warrior,1451,282,0,0,75,155,0.25,2.0
M14,2,6,elite,2,warrior,2073,353,0,0,95,178,0.25,2.0
M14,2,6,elite,3,warrior,2902,435,0,0,115,201,0.25,2.0
M14,2,6,elite,4,warrior,4146,541,0,0,135,224,0.25,2.0
M14,2,6,normal,0,warrior,864,210,0,0,55,86,0.25,2.0
M14,2,6,normal,1,warrior,1209,252,0,0,75,109,0.25,2.0
M14,2,6,normal,2,warrior,1727,315,0,0,95,132,0.25,2.0
M14,2,6,normal,3,warrior,2418,388,0,0,115,155,0.25,2.0
M14,2,6,normal,4,warrior,3455,483,0,0,135,178,0.25,2.0
M14,2,8,elite,0,warrior,1126,246,0,0,65,144,0.25,2.0
M14,2,8,elite,1,warrior,1576,295,0,0,85,167,0.25,2.0
M14,2,8,elite,2,warrior,2252,368,0,0,105,190,0.25,2.0
M14,2,8,elite,3,warrior,3152,454,0,0,125,213,0.25,2.0
M14,2,8,elite,4,warrior,4503,565,0,0,145,236,0.25,2.0
M14,2,8,normal,0,warrior,938,219,0,0,65,98,0.25,2.0
M14,2,8,normal,1,warrior,1313,263,0,0,85,121,0.25,2.0
M14,2,8,normal,2,warrior,1876,329,0,0,105,144,0.25,2.0
M14,2,8,normal,3,warrior,2627,406,0,0,125,167,0.25,2.0
M14,2,8,normal,4,warrior,3753,504,0,0,145,190,0.25,2.0
M14,2,10,elite,0,warrior,1215,256,0,0,95,167,0.25,2.0
M14,2,10,elite,1,warrior,1701,307,0,0,115,190,0.25,2.0
M14,2,10,elite,2,warrior,2430,384,0,0,135,213,0.25,2.0
M14,2,10,elite,3,warrior,3403,474,0,0,155,236,0.25,2.0
M14,2,10,elite,4,warrior,4861,589,0,0,175,259,0.25,2.0
M14,2,10,normal,0,warrior,1013,229,0,0,95,121,0.25,2.0
M14,2,10,normal,1,warrior,1418,274,0,0,115,144,0.25,2.0
M14,2,10,normal,2,warrior,2025,343,0,0,135,167,0.25,2.0
M14,2,10,normal,3,warrior,2835,423,0,0,155,190,0.25,2.0
M14,2,10,normal,4,warrior,4051,526,0,0,175,213,0.25,2.0
M15,2,6,elite,0,assassin,999,633,0,0,43,80,0.4,2.5
M15,2,6,elite,1,assassin,1399,759,0,0,63,100,0.4,2.5
M15,2,6,elite,2,assassin,1999,949,0,0,83,120,0.4,2.5
M15,2,6,elite,3,assassin,2798,1170,0,0,103,140,0.4,2.5
M15,2,6,elite,4,assassin,3997,1455,0,0,123,160,0.4,2.5
M15,2,6,normal,0,assassin,833,565,0,0,43,40,0.4,2.5
M15,2,6,normal,1,assassin,1166,678,0,0,63,60,0.4,2.5
M15,2,6,normal,2,assassin,1666,847,0,0,83,80,0.4,2.5
M15,2,6,normal,3,assassin,2332,1045,0,0,103,100,0.4,2.5
M15,2,6,normal,4,assassin,3331,1299,0,0,123,120,0.4,2.5
M15,2,8,elite,0,assassin,1086,661,0,0,53,90,0.4,2.5
M15,2,8,elite,1,assassin,1520,793,0,0,73,110,0.4,2.5
M15,2,8,elite,2,assassin,2171,991,0,0,93,130,0.4,2.5
M15,2,8,elite,3,assassin,3040,1222,0,0,113,150,0.4,2.5
M15,2,8,elite,4,assassin,4342,1520,0,0,133,170,0.4,2.5
M15,2,8,normal,0,assassin,905,590,0,0,53,50,0.4,2.5
M15,2,8,normal,1,assassin,1267,708,0,0,73,70,0.4,2.5
M15,2,8,normal,2,assassin,1809,885,0,0,93,90,0.4,2.5
M15,2,8,normal,3,assassin,2533,1092,0,0,113,110,0.4,2.5
M15,2,8,normal,4,assassin,3619,1357,0,0,133,130,0.4,2.5
M15,2,10,elite,0,assassin,1172,689,0,0,68,105,0.4,2.5
M15,2,10,elite,1,assassin,1641,827,0,0,88,125,0.4,2.5
M15,2,10,elite,2,assassin,2344,1033,0,0,108,145,0.4,2.5
M15,2,10,elite,3,assassin,3281,1275,0,0,128,165,0.4,2.5
M15,2,10,elite,4,assassin,4687,1585,0,0,148,185,0.4,2.5
M15,2,10,normal,0,assassin,977,615,0,0,68,65,0.4,2.5
M15,2,10,normal,1,assassin,1367,738,0,0,88,85,0.4,2.5
M15,2,10,normal,2,assassin,1953,923,0,0,108,105,0.4,2.5
M15,2,10,normal,3,assassin,2734,1138,0,0,128,125,0.4,2.5
M15,2,10,normal,4,assassin,3906,1415,0,0,148,145,0.4,2.5
M16,2,6,elite,0,support,1997,165,0,0,54,228,0.25,2.0
M16,2,6,elite,1,support,2795,198,0,0,78,252,0.25,2.0
M16,2,6,elite,2,support,3993,248,0,0,102,276,0.25,2.0
M16,2,6,elite,3,support,5590,306,0,0,126,300,0.25,2.0
M16,2,6,elite,4,support,7986,380,0,0,150,324,0.25,2.0
M16,2,6,normal,0,support,1664,148,0,0,54,180,0.25,2.0
M16,2,6,normal,1,support,2329,177,0,0,78,204,0.25,2.0
M16,2,6,normal,2,support,3328,221,0,0,102,228,0.25,2.0
M16,2,6,normal,3,support,4659,273,0,0,126,252,0.25,2.0
M16,2,6,normal,4,support,6655,340,0,0,150,276,0.25,2.0
M16,2,8,elite,0,support,2169,173,0,0,66,240,0.25,2.0
M16,2,8,elite,1,support,3036,207,0,0,90,264,0.25,2.0
M16,2,8,elite,2,support,4338,259,0,0,114,288,0.25,2.0
M16,2,8,elite,3,support,6073,319,0,0,138,312,0.25,2.0
M16,2,8,elite,4,support,8675,397,0,0,162,336,0.25,2.0
M16,2,8,normal,0,support,1807,154,0,0,66,192,0.25,2.0
M16,2,8,normal,1,support,2530,185,0,0,90,216,0.25,2.0
M16,2,8,normal,2,support,3615,231,0,0,114,240,0.25,2.0
M16,2,8,normal,3,support,5060,285,0,0,138,264,0.25,2.0
M16,2,8,normal,4,support,7229,355,0,0,162,288,0.25,2.0
M16,2,10,elite,0,support,2341,180,0,0,90,270,0.25,2.0
M16,2,10,elite,1,support,3277,216,0,0,114,294,0.25,2.0
M16,2,10,elite,2,support,4682,270,0,0,138,318,0.25,2.0
M16,2,10,elite,3,support,6555,333,0,0,162,342,0.25,2.0
M16,2,10,elite,4,support,9364,414,0,0,186,366,0.25,2.0
M16,2,10,normal,0,support,1951,161,0,0,90,222,0.25,2.0
M16,2,10,normal,1,support,2731,193,0,0,114,246,0.25,2.0
M16,2,10,normal,2,support,3902,241,0,0,138,270,0.25,2.0
M16,2,10,normal,3,support,5462,297,0,0,162,294,0.25,2.0
M16,2,10,normal,4,support,7803,370,0,0,186,318,0.25,2.0
M17,2,6,elite,0,support,1997,99,0,0,54,228,0.25,2.0
M17,2,6,elite,1,support,2795,119,0,0,78,252,0.25,2.0
M17,2,6,elite,2,support,3993,149,0,0,102,276,0.25,2.0
M17,2,6,elite,3,support,5590,184,0,0,126,300,0.25,2.0
M17,2,6,elite,4,support,7986,228,0,0,150,324,0.25,2.0
M17,2,6,normal,0,support,1664,89,0,0,54,180,0.25,2.0
M17,2,6,normal,1,support,2329,106,0,0,78,204,0.25,2.0
M17,2,6,normal,2,support,3328,133,0,0,102,228,0.25,2.0
M17,2,6,normal,3,support,4659,164,0,0,126,252,0.25,2.0
M17,2,6,normal,4,support,6655,204,0,0,150,276,0.25,2.0
M17,2,8,elite,0,support,2169,104,0,0,66,240,0.25,2.0
M17,2,8,elite,1,support,3036,124,0,0,90,264,0.25,2.0
M17,2,8,elite,2,support,4338,155,0,0,114,288,0.25,2.0
M17,2,8,elite,3,support,6073,192,0,0,138,312,0.25,2.0
M17,2,8,elite,4,support,8675,238,0,0,162,336,0.25,2.0
M17,2,8,normal,0,support,1807,93,0,0,66,192,0.25,2.0
M17,2,8,normal,1,support,2530,111,0,0,90,216,0.25,2.0
M17,2,8,normal,2,support,3615,139,0,0,114,240,0.25,2.0
M17,2,8,normal,3,support,5060,171,0,0,138,264,0.25,2.0
M17,2,8,normal,4,support,7229,213,0,0,162,288,0.25,2.0
M17,2,10,elite,0,support,2341,108,0,0,90,270,0.25,2.0
M17,2,10,elite,1,support,3277,130,0,0,114,294,0.25,2.0
M17,2,10,elite,2,support,4682,162,0,0,138,318,0.25,2.0
M17,2,10,elite,3,support,6555,200,0,0,162,342,0.25,2.0
M17,2,10,elite,4,support,9364,248,0,0,186,366,0.25,2.0
M17,2,10,normal,0,support,1951,96,0,0,90,222,0.25,2.0
M17,2,10,normal,1,support,2731,116,0,0,114,246,0.25,2.0
M17,2,10,normal,2,support,3902,145,0,0,138,270,0.25,2.0
M17,2,10,normal,3,support,5462,178,0,0,162,294,0.25,2.0
M17,2,10,normal,4,support,7803,222,0,0,186,318,0.25,2.0
M18,2,6,elite,0,tank,3681,231,0,0,228,215,0.25,2.0
M18,2,6,elite,1,tank,5153,278,0,0,254,241,0.25,2.0
M18,2,6,elite,2,tank,7362,347,0,0,280,267,0.25,2.0
M18,2,6,elite,3,tank,10307,428,0,0,306,293,0.25,2.0
M18,2,6,elite,4,tank,14724,532,0,0,332,319,0.25,2.0
M18,2,6,normal,0,tank,3068,207,0,0,228,163,0.25,2.0
M18,2,6,normal,1,tank,4295,248,0,0,254,189,0.25,2.0
M18,2,6,normal,2,tank,6135,310,0,0,280,215,0.25,2.0
M18,2,6,normal,3,tank,8589,382,0,0,306,241,0.25,2.0
M18,2,6,normal,4,tank,12270,475,0,0,332,267,0.25,2.0
M18,2,8,elite,0,tank,3999,242,0,0,241,228,0.25,2.0
M18,2,8,elite,1,tank,5598,290,0,0,267,254,0.25,2.0
M18,2,8,elite,2,tank,7997,363,0,0,293,280,0.25,2.0
M18,2,8,elite,3,tank,11196,447,0,0,319,306,0.25,2.0
M18,2,8,elite,4,tank,15994,556,0,0,345,332,0.25,2.0
M18,2,8,normal,0,tank,3332,216,0,0,241,176,0.25,2.0
M18,2,8,normal,1,tank,4665,259,0,0,267,202,0.25,2.0
M18,2,8,normal,2,tank,6664,324,0,0,293,228,0.25,2.0
M18,2,8,normal,3,tank,9330,399,0,0,319,254,0.25,2.0
M18,2,8,normal,4,tank,13329,496,0,0,345,280,0.25,2.0
M18,2,10,elite,0,tank,4316,252,0,0,280,254,0.25,2.0
M18,2,10,elite,1,tank,6043,302,0,0,306,280,0.25,2.0
M18,2,10,elite,2,tank,8632,378,0,0,332,306,0.25,2.0
M18,2,10,elite,3,tank,12085,466,0,0,358,332,0.25,2.0
M18,2,10,elite,4,tank,17265,580,0,0,384,358,0.25,2.0
M18,2,10,normal,0,tank,3597,225,0,0,280,202,0.25,2.0
M18,2,10,normal,1,tank,5036,270,0,0,306,228,0.25,2.0
M18,2,10,normal,2,tank,7194,338,0,0,332,254,0.25,2.0
M18,2,10,normal,3,tank,10071,416,0,0,358,280,0.25,2.0
M18,2,10,normal,4,tank,14387,518,0,0,384,306,0.25,2.0
M37,2,6,elite,0,caster,1385,166,511,64,55,258,0.25,2.0
M37,2,6,elite,1,caster,1939,199,614,77,75,282,0.25,2.0
M37,2,6,elite,2,caster,2769,249,767,96,95,306,0.25,2.0
M37,2,6,elite,3,caster,3877,308,946,118,115,330,0.25,2.0
M37,2,6,elite,4,caster,5539,382,1176,147,135,354,0.25,2.0
M37,2,6,normal,0,caster,1154,148,457,57,55,210,0.25,2.0
M37,2,6,normal,1,caster,1615,178,548,68,75,234,0.25,2.0
M37,2,6,normal,2,caster,2308,223,685,86,95,258,0.25,2.0
M37,2,6,normal,3,caster,3231,275,845,106,115,282,0.25,2.0
M37,2,6,normal,4,caster,4616,341,1050,131,135,306,0.25,2.0
M37,2,8,elite,0,caster,1504,174,534,67,65,270,0.25,2.0
M37,2,8,elite,1,caster,2106,208,641,80,85,294,0.25,2.0
M37,2,8,elite,2,caster,3008,260,801,100,105,318,0.25,2.0
M37,2,8,elite,3,caster,4212,321,988,124,125,342,0.25,2.0
M37,2,8,elite,4,caster,6017,399,1229,154,145,366,0.25,2.0
M37,2,8,normal,0,caster,1253,155,477,60,65,222,0.25,2.0
M37,2,8,normal,1,caster,1755,186,572,72,85,246,0.25,2.0
M37,2,8,normal,2,caster,2507,233,715,89,105,270,0.25,2.0
M37,2,8,normal,3,caster,3510,287,882,110,125,294,0.25,2.0
M37,2,8,normal,4,caster,5014,357,1097,137,145,318,0.25,2.0
M37,2,10,elite,0,caster,1624,181,557,70,85,306,0.25,2.0
M37,2,10,elite,1,caster,2273,217,668,84,105,330,0.25,2.0
M37,2,10,elite,2,caster,3247,271,835,104,125,354,0.25,2.0
M37,2,10,elite,3,caster,4546,335,1030,129,145,378,0.25,2.0
M37,2,10,elite,4,caster,6494,416,1281,160,165,402,0.25,2.0
M37,2,10,normal,0,caster,1353,162,497,62,85,258,0.25,2.0
M37,2,10,normal,1,caster,1894,194,597,75,105,282,0.25,2.0
M37,2,10,normal,2,caster,2706,242,746,93,125,306,0.25,2.0
M37,2,10,normal,3,caster,3788,299,920,115,145,330,0.25,2.0
M37,2,10,normal,4,caster,5412,372,1144,143,165,354,0.25,2.0
M38,2,6,elite,0,caster,1385,166,511,64,55,258,0.25,2.0
M38,2,6,elite,1,caster,1939,199,614,77,75,282,0.25,2.0
M38,2,6,elite,2,caster,2769,249,767,96,95,306,0.25,2.0
M38,2,6,elite,3,caster,3877,308,946,118,115,330,0.25,2.0
M38,2,6,elite,4,caster,5539,382,1176,147,135,354,0.25,2.0
M38,2,6,normal,0,caster,1154,148,457,57,55,210,0.25,2.0
M38,2,6,normal,1,caster,1615,178,548,68,75,234,0.25,2.0
M38,2,6,normal,2,caster,2308,223,685,86,95,258,0.25,2.0
M38,2,6,normal,3,caster,3231,275,845,106,115,282,0.25,2.0
M38,2,6,normal,4,caster,4616,341,1050,131,135,306,0.25,2.0
M38,2,8,elite,0,caster,1504,174,534,67,65,270,0.25,2.0
M38,2,8,elite,1,caster,2106,208,641,80,85,294,0.25,2.0
M38,2,8,elite,2,caster,3008,260,801,100,105,318,0.25,2.0
M38,2,8,elite,3,caster,4212,321,988,124,125,342,0.25,2.0
M38,2,8,elite,4,caster,6017,399,1229,154,145,366,0.25,2.0
M38,2,8,normal,0,caster,1253,155,477,60,65,222,0.25,2.0
M38,2,8,normal,1,caster,1755,186,572,72,85,246,0.25,2.0
M38,2,8,normal,2,caster,2507,233,715,89,105,270,0.25,2.0
M38,2,8,normal,3,caster,3510,287,882,110,125,294,0.25,2.0
M38,2,8,normal,4,caster,5014,357,1097,137,145,318,0.25,2.0
M38,2,10,elite,0,caster,1624,181,557,70,85,306,0.25,2.0
M38,2,10,elite,1,caster,2273,217,668,84,105,330,0.25,2.0
M38,2,10,elite,2,caster,3247,271,835,104,125,354,0.25,2.0
M38,2,10,elite,3,caster,4546,335,1030,129,145,378,0.25,2.0
M38,2,10,elite,4,caster,6494,416,1281,160,165,402,0.25,2.0
M38,2,10,normal,0,caster,1353,162,497,62,85,258,0.25,2.0
M38,2,10,normal,1,caster,1894,194,597,75,105,282,0.25,2.0
M38,2,10,normal,2,caster,2706,242,746,93,125,306,0.25,2.0
M38,2,10,normal,3,caster,3788,299,920,115,145,330,0.25,2.0
M38,2,10,normal,4,caster,5412,372,1144,143,165,354,0.25,2.0
M39,2,6,elite,0,tank,3681,215,0,0,267,176,0.25,2.0
M39,2,6,elite,1,tank,5153,258,0,0,293,202,0.25,2.0
M39,2,6,elite,2,tank,7362,322,0,0,319,228,0.25,2.0
M39,2,6,elite,3,tank,10307,398,0,0,345,254,0.25,2.0
M39,2,6,elite,4,tank,14724,494,0,0,371,280,0.25,2.0
M39,2,6,normal,0,tank,3068,192,0,0,267,124,0.25,2.0
M39,2,6,normal,1,tank,4295,230,0,0,293,150,0.25,2.0
M39,2,6,normal,2,tank,6135,288,0,0,319,176,0.25,2.0
M39,2,6,normal,3,tank,8589,355,0,0,345,202,0.25,2.0
M39,2,6,normal,4,tank,12270,441,0,0,371,228,0.25,2.0
M39,2,8,elite,0,tank,3999,224,0,0,280,189,0.25,2.0
M39,2,8,elite,1,tank,5598,269,0,0,306,215,0.25,2.0
M39,2,8,elite,2,tank,7997,337,0,0,332,241,0.25,2.0
M39,2,8,elite,3,tank,11196,415,0,0,358,267,0.25,2.0
M39,2,8,elite,4,tank,15994,516,0,0,384,293,0.25,2.0
M39,2,8,normal,0,tank,3332,200,0,0,280,137,0.25,2.0
M39,2,8,normal,1,tank,4665,241,0,0,306,163,0.25,2.0
M39,2,8,normal,2,tank,6664,301,0,0,332,189,0.25,2.0
M39,2,8,normal,3,tank,9330,371,0,0,358,215,0.25,2.0
M39,2,8,normal,4,tank,13329,461,0,0,384,241,0.25,2.0
M39,2,10,elite,0,tank,4316,234,0,0,319,215,0.25,2.0
M39,2,10,elite,1,tank,6043,281,0,0,345,241,0.25,2.0
M39,2,10,elite,2,tank,8632,351,0,0,371,267,0.25,2.0
M39,2,10,elite,3,tank,12085,433,0,0,397,293,0.25,2.0
M39,2,10,elite,4,tank,17265,538,0,0,423,319,0.25,2.0
M39,2,10,normal,0,tank,3597,209,0,0,319,163,0.25,2.0
M39,2,10,normal,1,tank,5036,251,0,0,345,189,0.25,2.0
M39,2,10,normal,2,tank,7194,313,0,0,371,215,0.25,2.0
M39,2,10,normal,3,tank,10071,387,0,0,397,241,0.25,2.0
M39,2,10,normal,4,tank,14387,481,0,0,423,267,0.25,2.0
BO03,3,15,boss,0,boss,28168,315,0,0,220,220,0.25,2.0
BO03,3,15,boss,1,boss,39435,378,0,0,250,250,0.25,2.0
BO03,3,15,boss,2,boss,56336,473,0,0,280,280,0.25,2.0
BO03,3,15,boss,3,boss,78870,583,0,0,310,310,0.25,2.0
BO03,3,15,boss,4,boss,112672,725,0,0,340,340,0.25,2.0
M19,3,11,elite,0,support,2409,138,0,0,108,288,0.25,2.0
M19,3,11,elite,1,support,3373,166,0,0,132,312,0.25,2.0
M19,3,11,elite,2,support,4818,207,0,0,156,336,0.25,2.0
M19,3,11,elite,3,support,6746,256,0,0,180,360,0.25,2.0
M19,3,11,elite,4,support,9637,318,0,0,204,384,0.25,2.0
M19,3,11,normal,0,support,2008,123,0,0,108,240,0.25,2.0
M19,3,11,normal,1,support,2811,148,0,0,132,264,0.25,2.0
M19,3,11,normal,2,support,4015,185,0,0,156,288,0.25,2.0
M19,3,11,normal,3,support,5621,228,0,0,180,312,0.25,2.0
M19,3,11,normal,4,support,8031,284,0,0,204,336,0.25,2.0
M19,3,13,elite,0,support,2580,144,0,0,120,300,0.25,2.0
M19,3,13,elite,1,support,3612,172,0,0,144,324,0.25,2.0
M19,3,13,elite,2,support,5160,215,0,0,168,348,0.25,2.0
M19,3,13,elite,3,support,7225,266,0,0,192,372,0.25,2.0
M19,3,13,elite,4,support,10321,330,0,0,216,396,0.25,2.0
M19,3,13,normal,0,support,2150,128,0,0,120,252,0.25,2.0
M19,3,13,normal,1,support,3010,154,0,0,144,276,0.25,2.0
M19,3,13,normal,2,support,4300,192,0,0,168,300,0.25,2.0
M19,3,13,normal,3,support,6020,237,0,0,192,324,0.25,2.0
M19,3,13,normal,4,support,8601,295,0,0,216,348,0.25,2.0
M19,3,15,elite,0,support,2751,149,0,0,144,330,0.25,2.0
M19,3,15,elite,1,support,3852,179,0,0,168,354,0.25,2.0
M19,3,15,elite,2,support,5502,224,0,0,192,378,0.25,2.0
M19,3,15,elite,3,support,7703,276,0,0,216,402,0.25,2.0
M19,3,15,elite,4,support,11005,343,0,0,240,426,0.25,2.0
M19,3,15,normal,0,support,2293,133,0,0,144,282,0.25,2.0
M19,3,15,normal,1,support,3210,160,0,0,168,306,0.25,2.0
M19,3,15,normal,2,support,4585,200,0,0,192,330,0.25,2.0
M19,3,15,normal,3,support,6419,246,0,0,216,354,0.25,2.0
M19,3,15,normal,4,support,9171,306,0,0,240,378,0.25,2.0
M20,3,11,elite,0,ranged,1793,527,0,0,110,160,0.35,2.25
M20,3,11,elite,1,ranged,2511,633,0,0,130,180,0.35,2.25
M20,3,11,elite,2,ranged,3587,791,0,0,150,200,0.35,2.25
M20,3,11,elite,3,ranged,5022,975,0,0,170,220,0.35,2.25
M20,3,11,elite,4,ranged,7174,1213,0,0,190,240,0.35,2.25
M20,3,11,normal,0,ranged,1495,471,0,0,110,120,0.35,2.25
M20,3,11,normal,1,ranged,2092,565,0,0,130,140,0.35,2.25
M20,3,11,normal,2,ranged,2989,706,0,0,150,160,0.35,2.25
M20,3,11,normal,3,ranged,4185,871,0,0,170,180,0.35,2.25
M20,3,11,normal,4,ranged,5978,1083,0,0,190,200,0.35,2.25
M20,3,13,elite,0,ranged,1921,548,0,0,120,170,0.35,2.25
M20,3,13,elite,1,ranged,2689,658,0,0,140,190,0.35,2.25
M20,3,13,elite,2,ranged,3841,823,0,0,160,210,0.35,2.25
M20,3,13,elite,3,ranged,5378,1014,0,0,180,230,0.35,2.25
M20,3,13,elite,4,ranged,7683,1261,0,0,200,250,0.35,2.25
M20,3,13,normal,0,ranged,1601,490,0,0,120,130,0.35,2.25
M20,3,13,normal,1,ranged,2241,588,0,0,140,150,0.35,2.25
M20,3,13,normal,2,ranged,3201,734,0,0,160,170,0.35,2.25
M20,3,13,normal,3,ranged,4482,906,0,0,180,190,0.35,2.25
M20,3,13,normal,4,ranged,6402,1126,0,0,200,210,0.35,2.25
M20,3,15,elite,0,ranged,2048,569,0,0,150,190,0.35,2.25
M20,3,15,elite,1,ranged,2867,683,0,0,170,210,0.35,2.25
M20,3,15,elite,2,ranged,4096,854,0,0,190,230,0.35,2.25
M20,3,15,elite,3,ranged,5734,1053,0,0,210,250,0.35,2.25
M20,3,15,elite,4,ranged,8192,1310,0,0,230,270,0.35,2.25
M20,3,15,normal,0,ranged,1707,508,0,0,150,150,0.35,2.25
M20,3,15,normal,1,ranged,2389,610,0,0,170,170,0.35,2.25
M20,3,15,normal,2,ranged,3413,763,0,0,190,190,0.35,2.25
M20,3,15,normal,3,ranged,4779,941,0,0,210,210,0.35,2.25
M20,3,15,normal,4,ranged,6827,1169,0,0,230,230,0.35,2.25
M21,3,11,elite,0,warrior,2989,491,0,0,120,184,0.25,2.0
M21,3,11,elite,1,warrior,4185,589,0,0,140,207,0.25,2.0
M21,3,11,elite,2,warrior,5978,737,0,0,160,230,0.25,2.0
M21,3,11,elite,3,warrior,8369,909,0,0,180,253,0.25,2.0
M21,3,11,elite,4,warrior,11956,1130,0,0,200,276,0.25,2.0
M21,3,11,normal,0,warrior,2491,438,0,0,120,138,0.25,2.0
M21,3,11,normal,1,warrior,3487,526,0,0,140,161,0.25,2.0
M21,3,11,normal,2,warrior,4982,658,0,0,160,184,0.25,2.0
M21,3,11,normal,3,warrior,6975,811,0,0,180,207,0.25,2.0
M21,3,11,normal,4,warrior,9964,1009,0,0,200,230,0.25,2.0
M21,3,13,elite,0,warrior,3201,511,0,0,130,196,0.25,2.0
M21,3,13,elite,1,warrior,4482,613,0,0,150,219,0.25,2.0
M21,3,13,elite,2,warrior,6402,766,0,0,170,242,0.25,2.0
M21,3,13,elite,3,warrior,8963,945,0,0,190,265,0.25,2.0
M21,3,13,elite,4,warrior,12805,1175,0,0,210,288,0.25,2.0
M21,3,13,normal,0,warrior,2668,456,0,0,130,150,0.25,2.0
M21,3,13,normal,1,warrior,3735,547,0,0,150,173,0.25,2.0
M21,3,13,normal,2,warrior,5335,684,0,0,170,196,0.25,2.0
M21,3,13,normal,3,warrior,7470,844,0,0,190,219,0.25,2.0
M21,3,13,normal,4,warrior,10671,1049,0,0,210,242,0.25,2.0
M21,3,15,elite,0,warrior,3413,530,0,0,160,219,0.25,2.0
M21,3,15,elite,1,warrior,4779,636,0,0,180,242,0.25,2.0
M21,3,15,elite,2,warrior,6827,796,0,0,200,265,0.25,2.0
M21,3,15,elite,3,warrior,9557,981,0,0,220,288,0.25,2.0
M21,3,15,elite,4,warrior,13653,1220,0,0,240,311,0.25,2.0
M21,3,15,normal,0,warrior,2844,474,0,0,160,173,0.25,2.0
M21,3,15,normal,1,warrior,3982,568,0,0,180,196,0.25,2.0
M21,3,15,normal,2,warrior,5689,710,0,0,200,219,0.25,2.0
M21,3,15,normal,3,warrior,7964,876,0,0,220,242,0.25,2.0
M21,3,15,normal,4,warrior,11378,1089,0,0,240,265,0.25,2.0
M22,3,11,elite,0,caster,1928,198,610,76,100,348,0.25,2.0
M22,3,11,elite,1,caster,2699,238,732,92,120,372,0.25,2.0
M22,3,11,elite,2,caster,3856,298,916,114,140,396,0.25,2.0
M22,3,11,elite,3,caster,5398,367,1129,141,160,420,0.25,2.0
M22,3,11,elite,4,caster,7712,456,1404,175,180,444,0.25,2.0
M22,3,11,normal,0,caster,1607,177,545,68,100,300,0.25,2.0
M22,3,11,normal,1,caster,2249,213,654,82,120,324,0.25,2.0
M22,3,11,normal,2,caster,3213,266,817,102,140,348,0.25,2.0
M22,3,11,normal,3,caster,4499,328,1008,126,160,372,0.25,2.0
M22,3,11,normal,4,caster,6427,407,1253,157,180,396,0.25,2.0
M22,3,13,elite,0,caster,2065,206,635,79,110,360,0.25,2.0
M22,3,13,elite,1,caster,2891,248,762,95,130,384,0.25,2.0
M22,3,13,elite,2,caster,4130,309,952,119,150,408,0.25,2.0
M22,3,13,elite,3,caster,5781,382,1174,147,170,432,0.25,2.0
M22,3,13,elite,4,caster,8259,474,1460,182,190,456,0.25,2.0
M22,3,13,normal,0,caster,1721,184,567,71,110,312,0.25,2.0
M22,3,13,normal,1,caster,2409,221,680,85,130,336,0.25,2.0
M22,3,13,normal,2,caster,3441,276,850,106,150,360,0.25,2.0
M22,3,13,normal,3,caster,4818,341,1049,131,170,384,0.25,2.0
M22,3,13,normal,4,caster,6883,424,1304,163,190,408,0.25,2.0
M22,3,15,elite,0,caster,2202,214,659,82,130,396,0.25,2.0
M22,3,15,elite,1,caster,3082,257,791,99,150,420,0.25,2.0
M22,3,15,elite,2,caster,4403,321,989,124,170,444,0.25,2.0
M22,3,15,elite,3,caster,6165,396,1220,152,190,468,0.25,2.0
M22,3,15,elite,4,caster,8806,493,1516,190,210,492,0.25,2.0
M22,3,15,normal,0,caster,1835,191,589,74,130,348,0.25,2.0
M22,3,15,normal,1,caster,2569,230,706,88,150,372,0.25,2.0
M22,3,15,normal,2,caster,3669,287,883,110,170,396,0.25,2.0
M22,3,15,normal,3,caster,5137,354,1089,136,190,420,0.25,2.0
M22,3,15,normal,4,caster,7339,440,1354,169,210,444,0.25,2.0
M23,3,11,elite,0,warrior,3188,386,0,0,130,184,0.25,2.0
M23,3,11,elite,1,warrior,4464,463,0,0,150,207,0.25,2.0
M23,3,11,elite,2,warrior,6377,579,0,0,170,230,0.25,2.0
M23,3,11,elite,3,warrior,8927,714,0,0,190,253,0.25,2.0
M23,3,11,elite,4,warrior,12753,887,0,0,210,276,0.25,2.0
M23,3,11,normal,0,warrior,2657,345,0,0,130,138,0.25,2.0
M23,3,11,normal,1,warrior,3720,413,0,0,150,161,0.25,2.0
M23,3,11,normal,2,warrior,5314,517,0,0,170,184,0.25,2.0
M23,3,11,normal,3,warrior,7440,637,0,0,190,207,0.25,2.0
M23,3,11,normal,4,warrior,10628,792,0,0,210,230,0.25,2.0
M23,3,13,elite,0,warrior,3415,401,0,0,140,196,0.25,2.0
M23,3,13,elite,1,warrior,4780,482,0,0,160,219,0.25,2.0
M23,3,13,elite,2,warrior,6829,602,0,0,180,242,0.25,2.0
M23,3,13,elite,3,warrior,9561,742,0,0,200,265,0.25,2.0
M23,3,13,elite,4,warrior,13659,923,0,0,220,288,0.25,2.0
M23,3,13,normal,0,warrior,2846,358,0,0,140,150,0.25,2.0
M23,3,13,normal,1,warrior,3984,430,0,0,160,173,0.25,2.0
M23,3,13,normal,2,warrior,5691,537,0,0,180,196,0.25,2.0
M23,3,13,normal,3,warrior,7967,663,0,0,200,219,0.25,2.0
M23,3,13,normal,4,warrior,11382,824,0,0,220,242,0.25,2.0
M23,3,15,elite,0,warrior,3641,417,0,0,170,219,0.25,2.0
M23,3,15,elite,1,warrior,5097,500,0,0,190,242,0.25,2.0
M23,3,15,elite,2,warrior,7282,625,0,0,210,265,0.25,2.0
M23,3,15,elite,3,warrior,10195,771,0,0,230,288,0.25,2.0
M23,3,15,elite,4,warrior,14564,958,0,0,250,311,0.25,2.0
M23,3,15,normal,0,warrior,3034,372,0,0,170,173,0.25,2.0
M23,3,15,normal,1,warrior,4248,446,0,0,190,196,0.25,2.0
M23,3,15,normal,2,warrior,6068,558,0,0,210,219,0.25,2.0
M23,3,15,normal,3,warrior,8495,688,0,0,230,242,0.25,2.0
M23,3,15,normal,4,warrior,12136,856,0,0,250,265,0.25,2.0
M24,3,11,elite,0,caster,1542,215,661,83,90,348,0.25,2.0
M24,3,11,elite,1,caster,2159,258,793,99,110,372,0.25,2.0
M24,3,11,elite,2,caster,3085,322,992,124,130,396,0.25,2.0
M24,3,11,elite,3,caster,4319,398,1223,153,150,420,0.25,2.0
M24,3,11,elite,4,caster,6169,494,1521,190,170,444,0.25,2.0
M24,3,11,normal,0,caster,1285,192,590,74,90,300,0.25,2.0
M24,3,11,normal,1,caster,1799,230,708,89,110,324,0.25,2.0
M24,3,11,normal,2,caster,2571,288,886,111,130,348,0.25,2.0
M24,3,11,normal,3,caster,3599,355,1092,137,150,372,0.25,2.0
M24,3,11,normal,4,caster,5141,441,1358,170,170,396,0.25,2.0
M24,3,13,elite,0,caster,1652,223,688,86,100,360,0.25,2.0
M24,3,13,elite,1,caster,2313,268,825,103,120,384,0.25,2.0
M24,3,13,elite,2,caster,3304,335,1032,129,140,408,0.25,2.0
M24,3,13,elite,3,caster,4625,413,1272,159,160,432,0.25,2.0
M24,3,13,elite,4,caster,6607,514,1582,198,180,456,0.25,2.0
M24,3,13,normal,0,caster,1377,200,614,77,100,312,0.25,2.0
M24,3,13,normal,1,caster,1927,239,737,92,120,336,0.25,2.0
M24,3,13,normal,2,caster,2753,299,921,115,140,360,0.25,2.0
M24,3,13,normal,3,caster,3854,369,1136,142,160,384,0.25,2.0
M24,3,13,normal,4,caster,5506,459,1412,177,180,408,0.25,2.0
M24,3,15,elite,0,caster,1761,232,714,89,120,396,0.25,2.0
M24,3,15,elite,1,caster,2466,279,857,107,140,420,0.25,2.0
M24,3,15,elite,2,caster,3523,348,1071,134,160,444,0.25,2.0
M24,3,15,elite,3,caster,4932,429,1321,165,180,468,0.25,2.0
M24,3,15,elite,4,caster,7045,534,1642,205,200,492,0.25,2.0
M24,3,15,normal,0,caster,1468,207,638,80,120,348,0.25,2.0
M24,3,15,normal,1,caster,2055,249,765,96,140,372,0.25,2.0
M24,3,15,normal,2,caster,2935,311,956,120,160,396,0.25,2.0
M24,3,15,normal,3,caster,4110,383,1180,147,180,420,0.25,2.0
M24,3,15,normal,4,caster,5871,477,1467,183,200,444,0.25,2.0
M25,3,11,elite,0,tank,5463,257,0,0,351,273,0.25,2.0
M25,3,11,elite,1,tank,7648,308,0,0,377,299,0.25,2.0
M25,3,11,elite,2,tank,10925,385,0,0,403,325,0.25,2.0
M25,3,11,elite,3,tank,15295,475,0,0,429,351,0.25,2.0
M25,3,11,elite,4,tank,21850,590,0,0,455,377,0.25,2.0
M25,3,11,normal,0,tank,4552,229,0,0,351,221,0.25,2.0
M25,3,11,normal,1,tank,6373,275,0,0,377,247,0.25,2.0
M25,3,11,normal,2,tank,9104,344,0,0,403,273,0.25,2.0
M25,3,11,normal,3,tank,12746,424,0,0,429,299,0.25,2.0
M25,3,11,normal,4,tank,18209,527,0,0,455,325,0.25,2.0
M25,3,13,elite,0,tank,5850,267,0,0,364,286,0.25,2.0
M25,3,13,elite,1,tank,8190,320,0,0,390,312,0.25,2.0
M25,3,13,elite,2,tank,11700,400,0,0,416,338,0.25,2.0
M25,3,13,elite,3,tank,16381,494,0,0,442,364,0.25,2.0
M25,3,13,elite,4,tank,23401,614,0,0,468,390,0.25,2.0
M25,3,13,normal,0,tank,4875,238,0,0,364,234,0.25,2.0
M25,3,13,normal,1,tank,6825,286,0,0,390,260,0.25,2.0
M25,3,13,normal,2,tank,9750,357,0,0,416,286,0.25,2.0
M25,3,13,normal,3,tank,13651,441,0,0,442,312,0.25,2.0
M25,3,13,normal,4,tank,19501,548,0,0,468,338,0.25,2.0
M25,3,15,elite,0,tank,6238,277,0,0,403,312,0.25,2.0
M25,3,15,elite,1,tank,8733,332,0,0,429,338,0.25,2.0
M25,3,15,elite,2,tank,12476,416,0,0,455,364,0.25,2.0
M25,3,15,elite,3,tank,17466,513,0,0,481,390,0.25,2.0
M25,3,15,elite,4,tank,24952,637,0,0,507,416,0.25,2.0
M25,3,15,normal,0,tank,5198,247,0,0,403,260,0.25,2.0
M25,3,15,normal,1,tank,7278,297,0,0,429,286,0.25,2.0
M25,3,15,normal,2,tank,10397,371,0,0,455,312,0.25,2.0
M25,3,15,normal,3,tank,14555,458,0,0,481,338,0.25,2.0
M25,3,15,normal,4,tank,20793,569,0,0,507,364,0.25,2.0
M26,3,11,elite,0,tank,5463,257,0,0,351,273,0.25,2.0
M26,3,11,elite,1,tank,7648,308,0,0,377,299,0.25,2.0
M26,3,11,elite,2,tank,10925,385,0,0,403,325,0.25,2.0
M26,3,11,elite,3,tank,15295,475,0,0,429,351,0.25,2.0
M26,3,11,elite,4,tank,21850,590,0,0,455,377,0.25,2.0
M26,3,11,normal,0,tank,4552,229,0,0,351,221,0.25,2.0
M26,3,11,normal,1,tank,6373,275,0,0,377,247,0.25,2.0
M26,3,11,normal,2,tank,9104,344,0,0,403,273,0.25,2.0
M26,3,11,normal,3,tank,12746,424,0,0,429,299,0.25,2.0
M26,3,11,normal,4,tank,18209,527,0,0,455,325,0.25,2.0
M26,3,13,elite,0,tank,5850,267,0,0,364,286,0.25,2.0
M26,3,13,elite,1,tank,8190,320,0,0,390,312,0.25,2.0
M26,3,13,elite,2,tank,11700,400,0,0,416,338,0.25,2.0
M26,3,13,elite,3,tank,16381,494,0,0,442,364,0.25,2.0
M26,3,13,elite,4,tank,23401,614,0,0,468,390,0.25,2.0
M26,3,13,normal,0,tank,4875,238,0,0,364,234,0.25,2.0
M26,3,13,normal,1,tank,6825,286,0,0,390,260,0.25,2.0
M26,3,13,normal,2,tank,9750,357,0,0,416,286,0.25,2.0
M26,3,13,normal,3,tank,13651,441,0,0,442,312,0.25,2.0
M26,3,13,normal,4,tank,19501,548,0,0,468,338,0.25,2.0
M26,3,15,elite,0,tank,6238,277,0,0,403,312,0.25,2.0
M26,3,15,elite,1,tank,8733,332,0,0,429,338,0.25,2.0
M26,3,15,elite,2,tank,12476,416,0,0,455,364,0.25,2.0
M26,3,15,elite,3,tank,17466,513,0,0,481,390,0.25,2.0
M26,3,15,elite,4,tank,24952,637,0,0,507,416,0.25,2.0
M26,3,15,normal,0,tank,5198,247,0,0,403,260,0.25,2.0
M26,3,15,normal,1,tank,7278,297,0,0,429,286,0.25,2.0
M26,3,15,normal,2,tank,10397,371,0,0,455,312,0.25,2.0
M26,3,15,normal,3,tank,14555,458,0,0,481,338,0.25,2.0
M26,3,15,normal,4,tank,20793,569,0,0,507,364,0.25,2.0
M27,3,11,elite,0,warrior,2989,491,0,0,110,184,0.25,2.0
M27,3,11,elite,1,warrior,4185,589,0,0,130,207,0.25,2.0
M27,3,11,elite,2,warrior,5978,737,0,0,150,230,0.25,2.0
M27,3,11,elite,3,warrior,8369,909,0,0,170,253,0.25,2.0
M27,3,11,elite,4,warrior,11956,1130,0,0,190,276,0.25,2.0
M27,3,11,normal,0,warrior,2491,438,0,0,110,138,0.25,2.0
M27,3,11,normal,1,warrior,3487,526,0,0,130,161,0.25,2.0
M27,3,11,normal,2,warrior,4982,658,0,0,150,184,0.25,2.0
M27,3,11,normal,3,warrior,6975,811,0,0,170,207,0.25,2.0
M27,3,11,normal,4,warrior,9964,1009,0,0,190,230,0.25,2.0
M27,3,13,elite,0,warrior,3201,511,0,0,120,196,0.25,2.0
M27,3,13,elite,1,warrior,4482,613,0,0,140,219,0.25,2.0
M27,3,13,elite,2,warrior,6402,766,0,0,160,242,0.25,2.0
M27,3,13,elite,3,warrior,8963,945,0,0,180,265,0.25,2.0
M27,3,13,elite,4,warrior,12805,1175,0,0,200,288,0.25,2.0
M27,3,13,normal,0,warrior,2668,456,0,0,120,150,0.25,2.0
M27,3,13,normal,1,warrior,3735,547,0,0,140,173,0.25,2.0
M27,3,13,normal,2,warrior,5335,684,0,0,160,196,0.25,2.0
M27,3,13,normal,3,warrior,7470,844,0,0,180,219,0.25,2.0
M27,3,13,normal,4,warrior,10671,1049,0,0,200,242,0.25,2.0
M27,3,15,elite,0,warrior,3413,530,0,0,150,219,0.25,2.0
M27,3,15,elite,1,warrior,4779,636,0,0,170,242,0.25,2.0
M27,3,15,elite,2,warrior,6827,796,0,0,190,265,0.25,2.0
M27,3,15,elite,3,warrior,9557,981,0,0,210,288,0.25,2.0
M27,3,15,elite,4,warrior,13653,1220,0,0,230,311,0.25,2.0
M27,3,15,normal,0,warrior,2844,474,0,0,150,173,0.25,2.0
M27,3,15,normal,1,warrior,3982,568,0,0,170,196,0.25,2.0
M27,3,15,normal,2,warrior,5689,710,0,0,190,219,0.25,2.0
M27,3,15,normal,3,warrior,7964,876,0,0,210,242,0.25,2.0
M27,3,15,normal,4,warrior,11378,1089,0,0,230,265,0.25,2.0
M40,3,11,elite,0,caster,1864,198,610,76,100,324,0.25,2.0
M40,3,11,elite,1,caster,2609,238,732,92,120,348,0.25,2.0
M40,3,11,elite,2,caster,3727,298,916,114,140,372,0.25,2.0
M40,3,11,elite,3,caster,5218,367,1129,141,160,396,0.25,2.0
M40,3,11,elite,4,caster,7455,456,1404,175,180,420,0.25,2.0
M40,3,11,normal,0,caster,1553,177,545,68,100,276,0.25,2.0
M40,3,11,normal,1,caster,2174,213,654,82,120,300,0.25,2.0
M40,3,11,normal,2,caster,3106,266,817,102,140,324,0.25,2.0
M40,3,11,normal,3,caster,4349,328,1008,126,160,348,0.25,2.0
M40,3,11,normal,4,caster,6212,407,1253,157,180,372,0.25,2.0
M40,3,13,elite,0,caster,1996,206,635,79,110,336,0.25,2.0
M40,3,13,elite,1,caster,2794,248,762,95,130,360,0.25,2.0
M40,3,13,elite,2,caster,3992,309,952,119,150,384,0.25,2.0
M40,3,13,elite,3,caster,5589,382,1174,147,170,408,0.25,2.0
M40,3,13,elite,4,caster,7984,474,1460,182,190,432,0.25,2.0
M40,3,13,normal,0,caster,1663,184,567,71,110,288,0.25,2.0
M40,3,13,normal,1,caster,2329,221,680,85,130,312,0.25,2.0
M40,3,13,normal,2,caster,3327,276,850,106,150,336,0.25,2.0
M40,3,13,normal,3,caster,4657,341,1049,131,170,360,0.25,2.0
M40,3,13,normal,4,caster,6653,424,1304,163,190,384,0.25,2.0
M40,3,15,elite,0,caster,2128,214,659,82,130,372,0.25,2.0
M40,3,15,elite,1,caster,2980,257,791,99,150,396,0.25,2.0
M40,3,15,elite,2,caster,4256,321,989,124,170,420,0.25,2.0
M40,3,15,elite,3,caster,5959,396,1220,152,190,444,0.25,2.0
M40,3,15,elite,4,caster,8513,493,1516,190,210,468,0.25,2.0
M40,3,15,normal,0,caster,1774,191,589,74,130,324,0.25,2.0
M40,3,15,normal,1,caster,2483,230,706,88,150,348,0.25,2.0
M40,3,15,normal,2,caster,3547,287,883,110,170,372,0.25,2.0
M40,3,15,normal,3,caster,4966,354,1089,136,190,396,0.25,2.0
M40,3,15,normal,4,caster,7094,440,1354,169,210,420,0.25,2.0
M41,3,11,elite,0,caster,1864,198,610,76,100,324,0.25,2.0
M41,3,11,elite,1,caster,2609,238,732,92,120,348,0.25,2.0
M41,3,11,elite,2,caster,3727,298,916,114,140,372,0.25,2.0
M41,3,11,elite,3,caster,5218,367,1129,141,160,396,0.25,2.0
M41,3,11,elite,4,caster,7455,456,1404,175,180,420,0.25,2.0
M41,3,11,normal,0,caster,1553,177,545,68,100,276,0.25,2.0
M41,3,11,normal,1,caster,2174,213,654,82,120,300,0.25,2.0
M41,3,11,normal,2,caster,3106,266,817,102,140,324,0.25,2.0
M41,3,11,normal,3,caster,4349,328,1008,126,160,348,0.25,2.0
M41,3,11,normal,4,caster,6212,407,1253,157,180,372,0.25,2.0
M41,3,13,elite,0,caster,1996,206,635,79,110,336,0.25,2.0
M41,3,13,elite,1,caster,2794,248,762,95,130,360,0.25,2.0
M41,3,13,elite,2,caster,3992,309,952,119,150,384,0.25,2.0
M41,3,13,elite,3,caster,5589,382,1174,147,170,408,0.25,2.0
M41,3,13,elite,4,caster,7984,474,1460,182,190,432,0.25,2.0
M41,3,13,normal,0,caster,1663,184,567,71,110,288,0.25,2.0
M41,3,13,normal,1,caster,2329,221,680,85,130,312,0.25,2.0
M41,3,13,normal,2,caster,3327,276,850,106,150,336,0.25,2.0
M41,3,13,normal,3,caster,4657,341,1049,131,170,360,0.25,2.0
M41,3,13,normal,4,caster,6653,424,1304,163,190,384,0.25,2.0
M41,3,15,elite,0,caster,2128,214,659,82,130,372,0.25,2.0
M41,3,15,elite,1,caster,2980,257,791,99,150,396,0.25,2.0
M41,3,15,elite,2,caster,4256,321,989,124,170,420,0.25,2.0
M41,3,15,elite,3,caster,5959,396,1220,152,190,444,0.25,2.0
M41,3,15,elite,4,caster,8513,493,1516,190,210,468,0.25,2.0
M41,3,15,normal,0,caster,1774,191,589,74,130,324,0.25,2.0
M41,3,15,normal,1,caster,2483,230,706,88,150,348,0.25,2.0
M41,3,15,normal,2,caster,3547,287,883,110,170,372,0.25,2.0
M41,3,15,normal,3,caster,4966,354,1089,136,190,396,0.25,2.0
M41,3,15,normal,4,caster,7094,440,1354,169,210,420,0.25,2.0
M42,3,11,elite,0,tank,4954,257,0,0,338,234,0.25,2.0
M42,3,11,elite,1,tank,6936,308,0,0,364,260,0.25,2.0
M42,3,11,elite,2,tank,9909,385,0,0,390,286,0.25,2.0
M42,3,11,elite,3,tank,13872,475,0,0,416,312,0.25,2.0
M42,3,11,elite,4,tank,19818,590,0,0,442,338,0.25,2.0
M42,3,11,normal,0,tank,4129,229,0,0,338,182,0.25,2.0
M42,3,11,normal,1,tank,5780,275,0,0,364,208,0.25,2.0
M42,3,11,normal,2,tank,8257,344,0,0,390,234,0.25,2.0
M42,3,11,normal,3,tank,11560,424,0,0,416,260,0.25,2.0
M42,3,11,normal,4,tank,16515,527,0,0,442,286,0.25,2.0
M42,3,13,elite,0,tank,5306,267,0,0,351,247,0.25,2.0
M42,3,13,elite,1,tank,7428,320,0,0,377,273,0.25,2.0
M42,3,13,elite,2,tank,10612,400,0,0,403,299,0.25,2.0
M42,3,13,elite,3,tank,14857,494,0,0,429,325,0.25,2.0
M42,3,13,elite,4,tank,21224,614,0,0,455,351,0.25,2.0
M42,3,13,normal,0,tank,4422,238,0,0,351,195,0.25,2.0
M42,3,13,normal,1,tank,6190,286,0,0,377,221,0.25,2.0
M42,3,13,normal,2,tank,8843,357,0,0,403,247,0.25,2.0
M42,3,13,normal,3,tank,12381,441,0,0,429,273,0.25,2.0
M42,3,13,normal,4,tank,17687,548,0,0,455,299,0.25,2.0
M42,3,15,elite,0,tank,5658,277,0,0,390,273,0.25,2.0
M42,3,15,elite,1,tank,7921,332,0,0,416,299,0.25,2.0
M42,3,15,elite,2,tank,11315,416,0,0,442,325,0.25,2.0
M42,3,15,elite,3,tank,15841,513,0,0,468,351,0.25,2.0
M42,3,15,elite,4,tank,22631,637,0,0,494,377,0.25,2.0
M42,3,15,normal,0,tank,4715,247,0,0,390,221,0.25,2.0
M42,3,15,normal,1,tank,6601,297,0,0,416,247,0.25,2.0
M42,3,15,normal,2,tank,9429,371,0,0,442,273,0.25,2.0
M42,3,15,normal,3,tank,13201,458,0,0,468,299,0.25,2.0
M42,3,15,normal,4,tank,18859,569,0,0,494,325,0.25,2.0
M43,3,11,elite,0,support,3012,217,0,0,144,264,0.25,2.0
M43,3,11,elite,1,support,4216,260,0,0,168,288,0.25,2.0
M43,3,11,elite,2,support,6023,326,0,0,192,312,0.25,2.0
M43,3,11,elite,3,support,8432,402,0,0,216,336,0.25,2.0
M43,3,11,elite,4,support,12046,499,0,0,240,360,0.25,2.0
M43,3,11,normal,0,support,2510,194,0,0,144,216,0.25,2.0
M43,3,11,normal,1,support,3513,233,0,0,168,240,0.25,2.0
M43,3,11,normal,2,support,5019,291,0,0,192,264,0.25,2.0
M43,3,11,normal,3,support,7027,359,0,0,216,288,0.25,2.0
M43,3,11,normal,4,support,10038,446,0,0,240,312,0.25,2.0
M43,3,13,elite,0,support,3225,226,0,0,156,276,0.25,2.0
M43,3,13,elite,1,support,4515,271,0,0,180,300,0.25,2.0
M43,3,13,elite,2,support,6450,339,0,0,204,324,0.25,2.0
M43,3,13,elite,3,support,9031,418,0,0,228,348,0.25,2.0
M43,3,13,elite,4,support,12901,519,0,0,252,372,0.25,2.0
M43,3,13,normal,0,support,2688,202,0,0,156,228,0.25,2.0
M43,3,13,normal,1,support,3763,242,0,0,180,252,0.25,2.0
M43,3,13,normal,2,support,5375,302,0,0,204,276,0.25,2.0
M43,3,13,normal,3,support,7526,373,0,0,228,300,0.25,2.0
M43,3,13,normal,4,support,10751,464,0,0,252,324,0.25,2.0
M43,3,15,elite,0,support,3439,234,0,0,180,306,0.25,2.0
M43,3,15,elite,1,support,4815,281,0,0,204,330,0.25,2.0
M43,3,15,elite,2,support,6878,352,0,0,228,354,0.25,2.0
M43,3,15,elite,3,support,9629,434,0,0,252,378,0.25,2.0
M43,3,15,elite,4,support,13756,539,0,0,276,402,0.25,2.0
M43,3,15,normal,0,support,2866,209,0,0,180,258,0.25,2.0
M43,3,15,normal,1,support,4012,251,0,0,204,282,0.25,2.0
M43,3,15,normal,2,support,5732,314,0,0,228,306,0.25,2.0
M43,3,15,normal,3,support,8024,387,0,0,252,330,0.25,2.0
M43,3,15,normal,4,support,11463,481,0,0,276,354,0.25,2.0
M44,3,11,elite,0,assassin,1076,701,0,0,83,150,0.4,2.5
M44,3,11,elite,1,assassin,1507,841,0,0,103,170,0.4,2.5
M44,3,11,elite,2,assassin,2152,1052,0,0,123,190,0.4,2.5
M44,3,11,elite,3,assassin,3013,1297,0,0,143,210,0.4,2.5
M44,3,11,elite,4,assassin,4304,1613,0,0,163,230,0.4,2.5
M44,3,11,normal,0,assassin,897,626,0,0,83,110,0.4,2.5
M44,3,11,normal,1,assassin,1255,751,0,0,103,130,0.4,2.5
M44,3,11,normal,2,assassin,1793,939,0,0,123,150,0.4,2.5
M44,3,11,normal,3,assassin,2511,1158,0,0,143,170,0.4,2.5
M44,3,11,normal,4,assassin,3587,1440,0,0,163,190,0.4,2.5
M44,3,13,elite,0,assassin,1152,729,0,0,93,160,0.4,2.5
M44,3,13,elite,1,assassin,1613,875,0,0,113,180,0.4,2.5
M44,3,13,elite,2,assassin,2305,1094,0,0,133,200,0.4,2.5
M44,3,13,elite,3,assassin,3227,1349,0,0,153,220,0.4,2.5
M44,3,13,elite,4,assassin,4610,1677,0,0,173,240,0.4,2.5
M44,3,13,normal,0,assassin,960,651,0,0,93,120,0.4,2.5
M44,3,13,normal,1,assassin,1345,781,0,0,113,140,0.4,2.5
M44,3,13,normal,2,assassin,1921,977,0,0,133,160,0.4,2.5
M44,3,13,normal,3,assassin,2689,1204,0,0,153,180,0.4,2.5
M44,3,13,normal,4,assassin,3841,1497,0,0,173,200,0.4,2.5
M44,3,15,elite,0,assassin,1229,757,0,0,108,175,0.4,2.5
M44,3,15,elite,1,assassin,1720,909,0,0,128,195,0.4,2.5
M44,3,15,elite,2,assassin,2458,1136,0,0,148,215,0.4,2.5
M44,3,15,elite,3,assassin,3441,1401,0,0,168,235,0.4,2.5
M44,3,15,elite,4,assassin,4915,1742,0,0,188,255,0.4,2.5
M44,3,15,normal,0,assassin,1024,676,0,0,108,135,0.4,2.5
M44,3,15,normal,1,assassin,1434,811,0,0,128,155,0.4,2.5
M44,3,15,normal,2,assassin,2048,1014,0,0,148,175,0.4,2.5
M44,3,15,normal,3,assassin,2867,1251,0,0,168,195,0.4,2.5
M44,3,15,normal,4,assassin,4096,1555,0,0,188,215,0.4,2.5
M45,3,11,elite,0,support,3012,217,0,0,144,264,0.25,2.0
M45,3,11,elite,1,support,4216,260,0,0,168,288,0.25,2.0
M45,3,11,elite,2,support,6023,326,0,0,192,312,0.25,2.0
M45,3,11,elite,3,support,8432,402,0,0,216,336,0.25,2.0
M45,3,11,elite,4,support,12046,499,0,0,240,360,0.25,2.0
M45,3,11,normal,0,support,2510,194,0,0,144,216,0.25,2.0
M45,3,11,normal,1,support,3513,233,0,0,168,240,0.25,2.0
M45,3,11,normal,2,support,5019,291,0,0,192,264,0.25,2.0
M45,3,11,normal,3,support,7027,359,0,0,216,288,0.25,2.0
M45,3,11,normal,4,support,10038,446,0,0,240,312,0.25,2.0
M45,3,13,elite,0,support,3225,226,0,0,156,276,0.25,2.0
M45,3,13,elite,1,support,4515,271,0,0,180,300,0.25,2.0
M45,3,13,elite,2,support,6450,339,0,0,204,324,0.25,2.0
M45,3,13,elite,3,support,9031,418,0,0,228,348,0.25,2.0
M45,3,13,elite,4,support,12901,519,0,0,252,372,0.25,2.0
M45,3,13,normal,0,support,2688,202,0,0,156,228,0.25,2.0
M45,3,13,normal,1,support,3763,242,0,0,180,252,0.25,2.0
M45,3,13,normal,2,support,5375,302,0,0,204,276,0.25,2.0
M45,3,13,normal,3,support,7526,373,0,0,228,300,0.25,2.0
M45,3,13,normal,4,support,10751,464,0,0,252,324,0.25,2.0
M45,3,15,elite,0,support,3439,234,0,0,180,306,0.25,2.0
M45,3,15,elite,1,support,4815,281,0,0,204,330,0.25,2.0
M45,3,15,elite,2,support,6878,352,0,0,228,354,0.25,2.0
M45,3,15,elite,3,support,9629,434,0,0,252,378,0.25,2.0
M45,3,15,elite,4,support,13756,539,0,0,276,402,0.25,2.0
M45,3,15,normal,0,support,2866,209,0,0,180,258,0.25,2.0
M45,3,15,normal,1,support,4012,251,0,0,204,282,0.25,2.0
M45,3,15,normal,2,support,5732,314,0,0,228,306,0.25,2.0
M45,3,15,normal,3,support,8024,387,0,0,252,330,0.25,2.0
M45,3,15,normal,4,support,11463,481,0,0,276,354,0.25,2.0
BO04,4,20,boss,0,boss,34517,352,0,0,240,240,0.25,2.0
BO04,4,20,boss,1,boss,48324,422,0,0,270,270,0.25,2.0
BO04,4,20,boss,2,boss,69034,528,0,0,300,300,0.25,2.0
BO04,4,20,boss,3,boss,96648,651,0,0,330,330,0.25,2.0
BO04,4,20,boss,4,boss,138068,810,0,0,360,360,0.25,2.0
M28,4,16,elite,0,assassin,811,793,0,0,120,160,0.4,2.5
M28,4,16,elite,1,assassin,1135,951,0,0,140,180,0.4,2.5
M28,4,16,elite,2,assassin,1621,1189,0,0,160,200,0.4,2.5
M28,4,16,elite,3,assassin,2270,1467,0,0,180,220,0.4,2.5
M28,4,16,elite,4,assassin,3242,1823,0,0,200,240,0.4,2.5
M28,4,16,normal,0,assassin,676,708,0,0,120,120,0.4,2.5
M28,4,16,normal,1,assassin,946,849,0,0,140,140,0.4,2.5
M28,4,16,normal,2,assassin,1351,1062,0,0,160,160,0.4,2.5
M28,4,16,normal,3,assassin,1891,1309,0,0,180,180,0.4,2.5
M28,4,16,normal,4,assassin,2702,1628,0,0,200,200,0.4,2.5
M28,4,18,elite,0,assassin,859,822,0,0,130,170,0.4,2.5
M28,4,18,elite,1,assassin,1203,986,0,0,150,190,0.4,2.5
M28,4,18,elite,2,assassin,1719,1232,0,0,170,210,0.4,2.5
M28,4,18,elite,3,assassin,2406,1520,0,0,190,230,0.4,2.5
M28,4,18,elite,4,assassin,3438,1890,0,0,210,250,0.4,2.5
M28,4,18,normal,0,assassin,716,734,0,0,130,130,0.4,2.5
M28,4,18,normal,1,assassin,1003,880,0,0,150,150,0.4,2.5
M28,4,18,normal,2,assassin,1432,1100,0,0,170,170,0.4,2.5
M28,4,18,normal,3,assassin,2005,1357,0,0,190,190,0.4,2.5
M28,4,18,normal,4,assassin,2865,1687,0,0,210,210,0.4,2.5
M28,4,20,elite,0,assassin,908,850,0,0,140,180,0.4,2.5
M28,4,20,elite,1,assassin,1272,1020,0,0,160,200,0.4,2.5
M28,4,20,elite,2,assassin,1817,1276,0,0,180,220,0.4,2.5
M28,4,20,elite,3,assassin,2543,1573,0,0,200,240,0.4,2.5
M28,4,20,elite,4,assassin,3633,1956,0,0,220,260,0.4,2.5
M28,4,20,normal,0,assassin,757,759,0,0,140,140,0.4,2.5
M28,4,20,normal,1,assassin,1060,911,0,0,160,160,0.4,2.5
M28,4,20,normal,2,assassin,1514,1139,0,0,180,180,0.4,2.5
M28,4,20,normal,3,assassin,2119,1405,0,0,200,200,0.4,2.5
M28,4,20,normal,4,assassin,3028,1746,0,0,220,220,0.4,2.5
M29,4,16,elite,0,assassin,1563,793,0,0,120,160,0.4,2.5
M29,4,16,elite,1,assassin,2189,951,0,0,140,180,0.4,2.5
M29,4,16,elite,2,assassin,3127,1189,0,0,160,200,0.4,2.5
M29,4,16,elite,3,assassin,4377,1467,0,0,180,220,0.4,2.5
M29,4,16,elite,4,assassin,6253,1823,0,0,200,240,0.4,2.5
M29,4,16,normal,0,assassin,1303,708,0,0,120,120,0.4,2.5
M29,4,16,normal,1,assassin,1824,849,0,0,140,140,0.4,2.5
M29,4,16,normal,2,assassin,2606,1062,0,0,160,160,0.4,2.5
M29,4,16,normal,3,assassin,3648,1309,0,0,180,180,0.4,2.5
M29,4,16,normal,4,assassin,5211,1628,0,0,200,200,0.4,2.5
M29,4,18,elite,0,assassin,1658,822,0,0,130,170,0.4,2.5
M29,4,18,elite,1,assassin,2321,986,0,0,150,190,0.4,2.5
M29,4,18,elite,2,assassin,3315,1232,0,0,170,210,0.4,2.5
M29,4,18,elite,3,assassin,4641,1520,0,0,190,230,0.4,2.5
M29,4,18,elite,4,assassin,6630,1890,0,0,210,250,0.4,2.5
M29,4,18,normal,0,assassin,1381,734,0,0,130,130,0.4,2.5
M29,4,18,normal,1,assassin,1934,880,0,0,150,150,0.4,2.5
M29,4,18,normal,2,assassin,2763,1100,0,0,170,170,0.4,2.5
M29,4,18,normal,3,assassin,3868,1357,0,0,190,190,0.4,2.5
M29,4,18,normal,4,assassin,5525,1687,0,0,210,210,0.4,2.5
M29,4,20,elite,0,assassin,1752,850,0,0,140,180,0.4,2.5
M29,4,20,elite,1,assassin,2452,1020,0,0,160,200,0.4,2.5
M29,4,20,elite,2,assassin,3504,1276,0,0,180,220,0.4,2.5
M29,4,20,elite,3,assassin,4905,1573,0,0,200,240,0.4,2.5
M29,4,20,elite,4,assassin,7007,1956,0,0,220,260,0.4,2.5
M29,4,20,normal,0,assassin,1460,759,0,0,140,140,0.4,2.5
M29,4,20,normal,1,assassin,2044,911,0,0,160,160,0.4,2.5
M29,4,20,normal,2,assassin,2920,1139,0,0,180,180,0.4,2.5
M29,4,20,normal,3,assassin,4087,1405,0,0,200,200,0.4,2.5
M29,4,20,normal,4,assassin,5839,1746,0,0,220,220,0.4,2.5
M30,4,16,elite,0,support,3111,162,0,0,162,348,0.25,2.0
M30,4,16,elite,1,support,4356,195,0,0,186,372,0.25,2.0
M30,4,16,elite,2,support,6222,244,0,0,210,396,0.25,2.0
M30,4,16,elite,3,support,8711,300,0,0,234,420,0.25,2.0
M30,4,16,elite,4,support,12445,374,0,0,258,444,0.25,2.0
M30,4,16,normal,0,support,2593,145,0,0,162,300,0.25,2.0
M30,4,16,normal,1,support,3630,174,0,0,186,324,0.25,2.0
M30,4,16,normal,2,support,5185,218,0,0,210,348,0.25,2.0
M30,4,16,normal,3,support,7259,268,0,0,234,372,0.25,2.0
M30,4,16,normal,4,support,10371,334,0,0,258,396,0.25,2.0
M30,4,18,elite,0,support,3299,168,0,0,174,360,0.25,2.0
M30,4,18,elite,1,support,4618,202,0,0,198,384,0.25,2.0
M30,4,18,elite,2,support,6597,252,0,0,222,408,0.25,2.0
M30,4,18,elite,3,support,9236,311,0,0,246,432,0.25,2.0
M30,4,18,elite,4,support,13195,387,0,0,270,456,0.25,2.0
M30,4,18,normal,0,support,2749,150,0,0,174,312,0.25,2.0
M30,4,18,normal,1,support,3848,180,0,0,198,336,0.25,2.0
M30,4,18,normal,2,support,5498,225,0,0,222,360,0.25,2.0
M30,4,18,normal,3,support,7697,278,0,0,246,384,0.25,2.0
M30,4,18,normal,4,support,10996,346,0,0,270,408,0.25,2.0
M30,4,20,elite,0,support,3486,174,0,0,186,372,0.25,2.0
M30,4,20,elite,1,support,4881,209,0,0,210,396,0.25,2.0
M30,4,20,elite,2,support,6972,261,0,0,234,420,0.25,2.0
M30,4,20,elite,3,support,9761,322,0,0,258,444,0.25,2.0
M30,4,20,elite,4,support,13945,401,0,0,282,468,0.25,2.0
M30,4,20,normal,0,support,2905,156,0,0,186,324,0.25,2.0
M30,4,20,normal,1,support,4067,187,0,0,210,348,0.25,2.0
M30,4,20,normal,2,support,5810,233,0,0,234,372,0.25,2.0
M30,4,20,normal,3,support,8134,288,0,0,258,396,0.25,2.0
M30,4,20,normal,4,support,11621,358,0,0,282,420,0.25,2.0
M31,4,16,elite,0,caster,1992,253,778,97,135,414,0.25,2.0
M31,4,16,elite,1,caster,2788,303,933,117,155,438,0.25,2.0
M31,4,16,elite,2,caster,3984,379,1166,146,175,462,0.25,2.0
M31,4,16,elite,3,caster,5577,467,1438,180,195,486,0.25,2.0
M31,4,16,elite,4,caster,7967,581,1788,224,215,510,0.25,2.0
M31,4,16,normal,0,caster,1660,226,694,87,135,366,0.25,2.0
M31,4,16,normal,1,caster,2324,271,833,104,155,390,0.25,2.0
M31,4,16,normal,2,caster,3320,338,1041,130,175,414,0.25,2.0
M31,4,16,normal,3,caster,4647,417,1284,161,195,438,0.25,2.0
M31,4,16,normal,4,caster,6639,519,1597,200,215,462,0.25,2.0
M31,4,18,elite,0,caster,2112,262,806,101,145,426,0.25,2.0
M31,4,18,elite,1,caster,2957,314,967,121,165,450,0.25,2.0
M31,4,18,elite,2,caster,4224,393,1209,151,185,474,0.25,2.0
M31,4,18,elite,3,caster,5913,484,1491,186,205,498,0.25,2.0
M31,4,18,elite,4,caster,8447,602,1853,232,225,522,0.25,2.0
M31,4,18,normal,0,caster,1760,234,719,90,145,378,0.25,2.0
M31,4,18,normal,1,caster,2464,281,863,108,165,402,0.25,2.0
M31,4,18,normal,2,caster,3520,351,1079,135,185,426,0.25,2.0
M31,4,18,normal,3,caster,4928,433,1331,166,205,450,0.25,2.0
M31,4,18,normal,4,caster,7039,538,1655,207,225,474,0.25,2.0
M31,4,20,elite,0,caster,2232,271,834,104,155,438,0.25,2.0
M31,4,20,elite,1,caster,3125,325,1001,125,175,462,0.25,2.0
M31,4,20,elite,2,caster,4464,407,1251,156,195,486,0.25,2.0
M31,4,20,elite,3,caster,6249,501,1543,193,215,510,0.25,2.0
M31,4,20,elite,4,caster,8927,623,1918,240,235,534,0.25,2.0
M31,4,20,normal,0,caster,1860,242,745,93,155,390,0.25,2.0
M31,4,20,normal,1,caster,2604,290,894,112,175,414,0.25,2.0
M31,4,20,normal,2,caster,3720,363,1117,140,195,438,0.25,2.0
M31,4,20,normal,3,caster,5208,448,1378,172,215,462,0.25,2.0
M31,4,20,normal,4,caster,7440,557,1713,214,235,486,0.25,2.0
M32,4,16,elite,0,assassin,1737,888,0,0,123,160,0.4,2.5
M32,4,16,elite,1,assassin,2432,1065,0,0,143,180,0.4,2.5
M32,4,16,elite,2,assassin,3474,1332,0,0,163,200,0.4,2.5
M32,4,16,elite,3,assassin,4864,1643,0,0,183,220,0.4,2.5
M32,4,16,elite,4,assassin,6948,2042,0,0,203,240,0.4,2.5
M32,4,16,normal,0,assassin,1448,793,0,0,123,120,0.4,2.5
M32,4,16,normal,1,assassin,2027,951,0,0,143,140,0.4,2.5
M32,4,16,normal,2,assassin,2895,1189,0,0,163,160,0.4,2.5
M32,4,16,normal,3,assassin,4053,1467,0,0,183,180,0.4,2.5
M32,4,16,normal,4,assassin,5790,1823,0,0,203,200,0.4,2.5
M32,4,18,elite,0,assassin,1842,920,0,0,133,170,0.4,2.5
M32,4,18,elite,1,assassin,2578,1104,0,0,153,190,0.4,2.5
M32,4,18,elite,2,assassin,3683,1380,0,0,173,210,0.4,2.5
M32,4,18,elite,3,assassin,5157,1702,0,0,193,230,0.4,2.5
M32,4,18,elite,4,assassin,7367,2116,0,0,213,250,0.4,2.5
M32,4,18,normal,0,assassin,1535,822,0,0,133,130,0.4,2.5
M32,4,18,normal,1,assassin,2149,986,0,0,153,150,0.4,2.5
M32,4,18,normal,2,assassin,3069,1232,0,0,173,170,0.4,2.5
M32,4,18,normal,3,assassin,4297,1520,0,0,193,190,0.4,2.5
M32,4,18,normal,4,assassin,6139,1890,0,0,213,210,0.4,2.5
M32,4,20,elite,0,assassin,1946,952,0,0,143,180,0.4,2.5
M32,4,20,elite,1,assassin,2725,1143,0,0,163,200,0.4,2.5
M32,4,20,elite,2,assassin,3893,1429,0,0,183,220,0.4,2.5
M32,4,20,elite,3,assassin,5450,1762,0,0,203,240,0.4,2.5
M32,4,20,elite,4,assassin,7786,2191,0,0,223,260,0.4,2.5
M32,4,20,normal,0,assassin,1622,850,0,0,143,140,0.4,2.5
M32,4,20,normal,1,assassin,2271,1020,0,0,163,160,0.4,2.5
M32,4,20,normal,2,assassin,3244,1276,0,0,183,180,0.4,2.5
M32,4,20,normal,3,assassin,4542,1573,0,0,203,200,0.4,2.5
M32,4,20,normal,4,assassin,6488,1956,0,0,223,220,0.4,2.5
M33,4,16,elite,0,support,4667,325,0,0,210,348,0.25,2.0
M33,4,16,elite,1,support,6533,390,0,0,234,372,0.25,2.0
M33,4,16,elite,2,support,9333,487,0,0,258,396,0.25,2.0
M33,4,16,elite,3,support,13067,601,0,0,282,420,0.25,2.0
M33,4,16,elite,4,support,18667,747,0,0,306,444,0.25,2.0
M33,4,16,normal,0,support,3889,290,0,0,210,300,0.25,2.0
M33,4,16,normal,1,support,5445,348,0,0,234,324,0.25,2.0
M33,4,16,normal,2,support,7778,435,0,0,258,348,0.25,2.0
M33,4,16,normal,3,support,10889,537,0,0,282,372,0.25,2.0
M33,4,16,normal,4,support,15556,667,0,0,306,396,0.25,2.0
M33,4,18,elite,0,support,4948,337,0,0,222,360,0.25,2.0
M33,4,18,elite,1,support,6927,404,0,0,246,384,0.25,2.0
M33,4,18,elite,2,support,9896,505,0,0,270,408,0.25,2.0
M33,4,18,elite,3,support,13854,623,0,0,294,432,0.25,2.0
M33,4,18,elite,4,support,19792,774,0,0,318,456,0.25,2.0
M33,4,18,normal,0,support,4123,301,0,0,222,312,0.25,2.0
M33,4,18,normal,1,support,5773,361,0,0,246,336,0.25,2.0
M33,4,18,normal,2,support,8247,451,0,0,270,360,0.25,2.0
M33,4,18,normal,3,support,11545,556,0,0,294,384,0.25,2.0
M33,4,18,normal,4,support,16493,691,0,0,318,408,0.25,2.0
M33,4,20,elite,0,support,5229,348,0,0,234,372,0.25,2.0
M33,4,20,elite,1,support,7321,418,0,0,258,396,0.25,2.0
M33,4,20,elite,2,support,10459,523,0,0,282,420,0.25,2.0
M33,4,20,elite,3,support,14642,645,0,0,306,444,0.25,2.0
M33,4,20,elite,4,support,20917,801,0,0,330,468,0.25,2.0
M33,4,20,normal,0,support,4358,311,0,0,234,324,0.25,2.0
M33,4,20,normal,1,support,6101,373,0,0,258,348,0.25,2.0
M33,4,20,normal,2,support,8716,467,0,0,282,372,0.25,2.0
M33,4,20,normal,3,support,12202,576,0,0,306,396,0.25,2.0
M33,4,20,normal,4,support,17431,716,0,0,330,420,0.25,2.0
M34,4,16,elite,0,tank,7054,302,0,0,423,332,0.25,2.0
M34,4,16,elite,1,tank,9876,362,0,0,449,358,0.25,2.0
M34,4,16,elite,2,tank,14108,452,0,0,475,384,0.25,2.0
M34,4,16,elite,3,tank,19752,558,0,0,501,410,0.25,2.0
M34,4,16,elite,4,tank,28217,694,0,0,527,436,0.25,2.0
M34,4,16,normal,0,tank,5878,269,0,0,423,280,0.25,2.0
M34,4,16,normal,1,tank,8230,323,0,0,449,306,0.25,2.0
M34,4,16,normal,2,tank,11757,404,0,0,475,332,0.25,2.0
M34,4,16,normal,3,tank,16460,498,0,0,501,358,0.25,2.0
M34,4,16,normal,4,tank,23514,619,0,0,527,384,0.25,2.0
M34,4,18,elite,0,tank,7479,313,0,0,436,345,0.25,2.0
M34,4,18,elite,1,tank,10471,375,0,0,462,371,0.25,2.0
M34,4,18,elite,2,tank,14959,469,0,0,488,397,0.25,2.0
M34,4,18,elite,3,tank,20942,578,0,0,514,423,0.25,2.0
M34,4,18,elite,4,tank,29917,719,0,0,540,449,0.25,2.0
M34,4,18,normal,0,tank,6233,279,0,0,436,293,0.25,2.0
M34,4,18,normal,1,tank,8726,335,0,0,462,319,0.25,2.0
M34,4,18,normal,2,tank,12466,419,0,0,488,345,0.25,2.0
M34,4,18,normal,3,tank,17452,516,0,0,514,371,0.25,2.0
M34,4,18,normal,4,tank,24931,642,0,0,540,397,0.25,2.0
M34,4,20,elite,0,tank,7905,324,0,0,449,358,0.25,2.0
M34,4,20,elite,1,tank,11066,388,0,0,475,384,0.25,2.0
M34,4,20,elite,2,tank,15809,485,0,0,501,410,0.25,2.0
M34,4,20,elite,3,tank,22133,599,0,0,527,436,0.25,2.0
M34,4,20,elite,4,tank,31618,744,0,0,553,462,0.25,2.0
M34,4,20,normal,0,tank,6587,289,0,0,449,306,0.25,2.0
M34,4,20,normal,1,tank,9222,347,0,0,475,332,0.25,2.0
M34,4,20,normal,2,tank,13174,433,0,0,501,358,0.25,2.0
M34,4,20,normal,3,tank,18444,534,0,0,527,384,0.25,2.0
M34,4,20,normal,4,tank,26348,664,0,0,553,410,0.25,2.0
M35,4,16,elite,0,support,3470,232,0,0,162,348,0.25,2.0
M35,4,16,elite,1,support,4858,278,0,0,186,372,0.25,2.0
M35,4,16,elite,2,support,6940,348,0,0,210,396,0.25,2.0
M35,4,16,elite,3,support,9716,429,0,0,234,420,0.25,2.0
M35,4,16,elite,4,support,13881,534,0,0,258,444,0.25,2.0
M35,4,16,normal,0,support,2892,207,0,0,162,300,0.25,2.0
M35,4,16,normal,1,support,4049,249,0,0,186,324,0.25,2.0
M35,4,16,normal,2,support,5784,311,0,0,210,348,0.25,2.0
M35,4,16,normal,3,support,8097,383,0,0,234,372,0.25,2.0
M35,4,16,normal,4,support,11567,476,0,0,258,396,0.25,2.0
M35,4,18,elite,0,support,3679,240,0,0,174,360,0.25,2.0
M35,4,18,elite,1,support,5151,289,0,0,198,384,0.25,2.0
M35,4,18,elite,2,support,7359,361,0,0,222,408,0.25,2.0
M35,4,18,elite,3,support,10302,445,0,0,246,432,0.25,2.0
M35,4,18,elite,4,support,14717,553,0,0,270,456,0.25,2.0
M35,4,18,normal,0,support,3066,215,0,0,174,312,0.25,2.0
M35,4,18,normal,1,support,4293,258,0,0,198,336,0.25,2.0
M35,4,18,normal,2,support,6132,322,0,0,222,360,0.25,2.0
M35,4,18,normal,3,support,8585,397,0,0,246,384,0.25,2.0
M35,4,18,normal,4,support,12264,494,0,0,270,408,0.25,2.0
M35,4,20,elite,0,support,3888,249,0,0,186,372,0.25,2.0
M35,4,20,elite,1,support,5444,299,0,0,210,396,0.25,2.0
M35,4,20,elite,2,support,7777,373,0,0,234,420,0.25,2.0
M35,4,20,elite,3,support,10888,460,0,0,258,444,0.25,2.0
M35,4,20,elite,4,support,15554,572,0,0,282,468,0.25,2.0
M35,4,20,normal,0,support,3240,222,0,0,186,324,0.25,2.0
M35,4,20,normal,1,support,4537,267,0,0,210,348,0.25,2.0
M35,4,20,normal,2,support,6481,333,0,0,234,372,0.25,2.0
M35,4,20,normal,3,support,9073,411,0,0,258,396,0.25,2.0
M35,4,20,normal,4,support,12962,511,0,0,282,420,0.25,2.0
M36,4,16,elite,0,caster,1577,283,871,109,135,414,0.25,2.0
M36,4,16,elite,1,caster,2208,340,1046,131,155,438,0.25,2.0
M36,4,16,elite,2,caster,3154,425,1307,163,175,462,0.25,2.0
M36,4,16,elite,3,caster,4415,524,1612,201,195,486,0.25,2.0
M36,4,16,elite,4,caster,6307,651,2004,251,215,510,0.25,2.0
M36,4,16,normal,0,caster,1314,253,778,97,135,366,0.25,2.0
M36,4,16,normal,1,caster,1840,303,934,117,155,390,0.25,2.0
M36,4,16,normal,2,caster,2628,379,1167,146,175,414,0.25,2.0
M36,4,16,normal,3,caster,3679,468,1439,180,195,438,0.25,2.0
M36,4,16,normal,4,caster,5256,582,1789,224,215,462,0.25,2.0
M36,4,18,elite,0,caster,1672,293,903,113,145,426,0.25,2.0
M36,4,18,elite,1,caster,2341,352,1084,135,165,450,0.25,2.0
M36,4,18,elite,2,caster,3344,440,1355,169,185,474,0.25,2.0
M36,4,18,elite,3,caster,4681,543,1671,209,205,498,0.25,2.0
M36,4,18,elite,4,caster,6687,675,2077,260,225,522,0.25,2.0
M36,4,18,normal,0,caster,1393,262,806,101,145,378,0.25,2.0
M36,4,18,normal,1,caster,1950,314,968,121,165,402,0.25,2.0
M36,4,18,normal,2,caster,2786,393,1209,151,185,426,0.25,2.0
M36,4,18,normal,3,caster,3901,485,1492,186,205,450,0.25,2.0
M36,4,18,normal,4,caster,5573,603,1854,232,225,474,0.25,2.0
M36,4,20,elite,0,caster,1767,304,935,117,155,438,0.25,2.0
M36,4,20,elite,1,caster,2474,365,1122,140,175,462,0.25,2.0
M36,4,20,elite,2,caster,3534,456,1402,175,195,486,0.25,2.0
M36,4,20,elite,3,caster,4947,562,1729,216,215,510,0.25,2.0
M36,4,20,elite,4,caster,7068,699,2150,269,235,534,0.25,2.0
M36,4,20,normal,0,caster,1472,271,835,104,155,390,0.25,2.0
M36,4,20,normal,1,caster,2061,325,1001,125,175,414,0.25,2.0
M36,4,20,normal,2,caster,2945,407,1252,156,195,438,0.25,2.0
M36,4,20,normal,3,caster,4123,502,1544,193,215,462,0.25,2.0
M36,4,20,normal,4,caster,5890,624,1920,240,235,486,0.25,2.0
M46,4,16,elite,0,ranged,3281,620,0,0,205,215,0.35,2.25
M46,4,16,elite,1,ranged,4593,744,0,0,225,235,0.35,2.25
M46,4,16,elite,2,ranged,6562,930,0,0,245,255,0.35,2.25
M46,4,16,elite,3,ranged,9187,1147,0,0,265,275,0.35,2.25
M46,4,16,elite,4,ranged,13124,1426,0,0,285,295,0.35,2.25
M46,4,16,normal,0,ranged,2734,554,0,0,205,175,0.35,2.25
M46,4,16,normal,1,ranged,3828,664,0,0,225,195,0.35,2.25
M46,4,16,normal,2,ranged,5468,830,0,0,245,215,0.35,2.25
M46,4,16,normal,3,ranged,7656,1024,0,0,265,235,0.35,2.25
M46,4,16,normal,4,ranged,10937,1273,0,0,285,255,0.35,2.25
M46,4,18,elite,0,ranged,3479,643,0,0,215,225,0.35,2.25
M46,4,18,elite,1,ranged,4870,771,0,0,235,245,0.35,2.25
M46,4,18,elite,2,ranged,6958,964,0,0,255,265,0.35,2.25
M46,4,18,elite,3,ranged,9741,1189,0,0,275,285,0.35,2.25
M46,4,18,elite,4,ranged,13915,1478,0,0,295,305,0.35,2.25
M46,4,18,normal,0,ranged,2899,574,0,0,215,185,0.35,2.25
M46,4,18,normal,1,ranged,4059,688,0,0,235,205,0.35,2.25
M46,4,18,normal,2,ranged,5798,861,0,0,255,225,0.35,2.25
M46,4,18,normal,3,ranged,8117,1061,0,0,275,245,0.35,2.25
M46,4,18,normal,4,ranged,11596,1320,0,0,295,265,0.35,2.25
M46,4,20,elite,0,ranged,3677,665,0,0,225,235,0.35,2.25
M46,4,20,elite,1,ranged,5147,798,0,0,245,255,0.35,2.25
M46,4,20,elite,2,ranged,7353,998,0,0,265,275,0.35,2.25
M46,4,20,elite,3,ranged,10294,1230,0,0,285,295,0.35,2.25
M46,4,20,elite,4,ranged,14706,1530,0,0,305,315,0.35,2.25
M46,4,20,normal,0,ranged,3064,594,0,0,225,195,0.35,2.25
M46,4,20,normal,1,ranged,4289,713,0,0,245,215,0.35,2.25
M46,4,20,normal,2,ranged,6128,891,0,0,265,235,0.35,2.25
M46,4,20,normal,3,ranged,8579,1099,0,0,285,255,0.35,2.25
M46,4,20,normal,4,ranged,12255,1366,0,0,305,275,0.35,2.25
M47,4,16,elite,0,warrior,4375,536,0,0,205,247,0.25,2.0
M47,4,16,elite,1,warrior,6125,643,0,0,225,270,0.25,2.0
M47,4,16,elite,2,warrior,8749,804,0,0,245,293,0.25,2.0
M47,4,16,elite,3,warrior,12249,992,0,0,265,316,0.25,2.0
M47,4,16,elite,4,warrior,17499,1233,0,0,285,339,0.25,2.0
M47,4,16,normal,0,warrior,3646,479,0,0,205,201,0.25,2.0
M47,4,16,normal,1,warrior,5104,575,0,0,225,224,0.25,2.0
M47,4,16,normal,2,warrior,7291,718,0,0,245,247,0.25,2.0
M47,4,16,normal,3,warrior,10208,886,0,0,265,270,0.25,2.0
M47,4,16,normal,4,warrior,14582,1101,0,0,285,293,0.25,2.0
M47,4,18,elite,0,warrior,4638,556,0,0,215,259,0.25,2.0
M47,4,18,elite,1,warrior,6494,667,0,0,235,282,0.25,2.0
M47,4,18,elite,2,warrior,9277,834,0,0,255,305,0.25,2.0
M47,4,18,elite,3,warrior,12987,1028,0,0,275,328,0.25,2.0
M47,4,18,elite,4,warrior,18553,1278,0,0,295,351,0.25,2.0
M47,4,18,normal,0,warrior,3865,496,0,0,215,213,0.25,2.0
M47,4,18,normal,1,warrior,5411,595,0,0,235,236,0.25,2.0
M47,4,18,normal,2,warrior,7731,744,0,0,255,259,0.25,2.0
M47,4,18,normal,3,warrior,10823,918,0,0,275,282,0.25,2.0
M47,4,18,normal,4,warrior,15461,1141,0,0,295,305,0.25,2.0
M47,4,20,elite,0,warrior,4902,575,0,0,225,270,0.25,2.0
M47,4,20,elite,1,warrior,6863,690,0,0,245,293,0.25,2.0
M47,4,20,elite,2,warrior,9804,863,0,0,265,316,0.25,2.0
M47,4,20,elite,3,warrior,13726,1064,0,0,285,339,0.25,2.0
M47,4,20,elite,4,warrior,19608,1323,0,0,305,362,0.25,2.0
M47,4,20,normal,0,warrior,4085,514,0,0,225,224,0.25,2.0
M47,4,20,normal,1,warrior,5719,616,0,0,245,247,0.25,2.0
M47,4,20,normal,2,warrior,8170,770,0,0,265,270,0.25,2.0
M47,4,20,normal,3,warrior,11438,950,0,0,285,293,0.25,2.0
M47,4,20,normal,4,warrior,16340,1181,0,0,305,316,0.25,2.0
M48,4,16,elite,0,support,3889,255,0,0,198,324,0.25,2.0
M48,4,16,elite,1,support,5445,306,0,0,222,348,0.25,2.0
M48,4,16,elite,2,support,7778,383,0,0,246,372,0.25,2.0
M48,4,16,elite,3,support,10889,472,0,0,270,396,0.25,2.0
M48,4,16,elite,4,support,15556,587,0,0,294,420,0.25,2.0
M48,4,16,normal,0,support,3241,228,0,0,198,276,0.25,2.0
M48,4,16,normal,1,support,4537,273,0,0,222,300,0.25,2.0
M48,4,16,normal,2,support,6482,342,0,0,246,324,0.25,2.0
M48,4,16,normal,3,support,9074,422,0,0,270,348,0.25,2.0
M48,4,16,normal,4,support,12963,524,0,0,294,372,0.25,2.0
M48,4,18,elite,0,support,4123,264,0,0,210,336,0.25,2.0
M48,4,18,elite,1,support,5773,317,0,0,234,360,0.25,2.0
M48,4,18,elite,2,support,8247,397,0,0,258,384,0.25,2.0
M48,4,18,elite,3,support,11545,489,0,0,282,408,0.25,2.0
M48,4,18,elite,4,support,16493,608,0,0,306,432,0.25,2.0
M48,4,18,normal,0,support,3436,236,0,0,210,288,0.25,2.0
M48,4,18,normal,1,support,4811,283,0,0,234,312,0.25,2.0
M48,4,18,normal,2,support,6872,354,0,0,258,336,0.25,2.0
M48,4,18,normal,3,support,9621,437,0,0,282,360,0.25,2.0
M48,4,18,normal,4,support,13745,543,0,0,306,384,0.25,2.0
M48,4,20,elite,0,support,4358,274,0,0,222,348,0.25,2.0
M48,4,20,elite,1,support,6101,329,0,0,246,372,0.25,2.0
M48,4,20,elite,2,support,8716,411,0,0,270,396,0.25,2.0
M48,4,20,elite,3,support,12202,506,0,0,294,420,0.25,2.0
M48,4,20,elite,4,support,17431,630,0,0,318,444,0.25,2.0
M48,4,20,normal,0,support,3631,244,0,0,222,300,0.25,2.0
M48,4,20,normal,1,support,5084,293,0,0,246,324,0.25,2.0
M48,4,20,normal,2,support,7263,367,0,0,270,348,0.25,2.0
M48,4,20,normal,3,support,10168,452,0,0,294,372,0.25,2.0
M48,4,20,normal,4,support,14526,562,0,0,318,396,0.25,2.0
M49,4,16,elite,0,tank,6398,302,0,0,410,293,0.25,2.0
M49,4,16,elite,1,tank,8957,362,0,0,436,319,0.25,2.0
M49,4,16,elite,2,tank,12796,452,0,0,462,345,0.25,2.0
M49,4,16,elite,3,tank,17914,558,0,0,488,371,0.25,2.0
M49,4,16,elite,4,tank,25592,694,0,0,514,397,0.25,2.0
M49,4,16,normal,0,tank,5332,269,0,0,410,241,0.25,2.0
M49,4,16,normal,1,tank,7464,323,0,0,436,267,0.25,2.0
M49,4,16,normal,2,tank,10663,404,0,0,462,293,0.25,2.0
M49,4,16,normal,3,tank,14929,498,0,0,488,319,0.25,2.0
M49,4,16,normal,4,tank,21327,619,0,0,514,345,0.25,2.0
M49,4,18,elite,0,tank,6784,313,0,0,423,306,0.25,2.0
M49,4,18,elite,1,tank,9497,375,0,0,449,332,0.25,2.0
M49,4,18,elite,2,tank,13567,469,0,0,475,358,0.25,2.0
M49,4,18,elite,3,tank,18994,578,0,0,501,384,0.25,2.0
M49,4,18,elite,4,tank,27134,719,0,0,527,410,0.25,2.0
M49,4,18,normal,0,tank,5653,279,0,0,423,254,0.25,2.0
M49,4,18,normal,1,tank,7914,335,0,0,449,280,0.25,2.0
M49,4,18,normal,2,tank,11306,419,0,0,475,306,0.25,2.0
M49,4,18,normal,3,tank,15828,516,0,0,501,332,0.25,2.0
M49,4,18,normal,4,tank,22612,642,0,0,527,358,0.25,2.0
M49,4,20,elite,0,tank,7169,324,0,0,436,319,0.25,2.0
M49,4,20,elite,1,tank,10037,388,0,0,462,345,0.25,2.0
M49,4,20,elite,2,tank,14338,485,0,0,488,371,0.25,2.0
M49,4,20,elite,3,tank,20074,599,0,0,514,397,0.25,2.0
M49,4,20,elite,4,tank,28677,744,0,0,540,423,0.25,2.0
M49,4,20,normal,0,tank,5974,289,0,0,436,267,0.25,2.0
M49,4,20,normal,1,tank,8364,347,0,0,462,293,0.25,2.0
M49,4,20,normal,2,tank,11949,433,0,0,488,319,0.25,2.0
M49,4,20,normal,3,tank,16728,534,0,0,514,345,0.25,2.0
M49,4,20,normal,4,tank,23897,664,0,0,540,371,0.25,2.0
M50,4,16,elite,0,ranged,3281,620,0,0,205,215,0.35,2.25
M50,4,16,elite,1,ranged,4593,744,0,0,225,235,0.35,2.25
M50,4,16,elite,2,ranged,6562,930,0,0,245,255,0.35,2.25
M50,4,16,elite,3,ranged,9187,1147,0,0,265,275,0.35,2.25
M50,4,16,elite,4,ranged,13124,1426,0,0,285,295,0.35,2.25
M50,4,16,normal,0,ranged,2734,554,0,0,205,175,0.35,2.25
M50,4,16,normal,1,ranged,3828,664,0,0,225,195,0.35,2.25
M50,4,16,normal,2,ranged,5468,830,0,0,245,215,0.35,2.25
M50,4,16,normal,3,ranged,7656,1024,0,0,265,235,0.35,2.25
M50,4,16,normal,4,ranged,10937,1273,0,0,285,255,0.35,2.25
M50,4,18,elite,0,ranged,3479,643,0,0,215,225,0.35,2.25
M50,4,18,elite,1,ranged,4870,771,0,0,235,245,0.35,2.25
M50,4,18,elite,2,ranged,6958,964,0,0,255,265,0.35,2.25
M50,4,18,elite,3,ranged,9741,1189,0,0,275,285,0.35,2.25
M50,4,18,elite,4,ranged,13915,1478,0,0,295,305,0.35,2.25
M50,4,18,normal,0,ranged,2899,574,0,0,215,185,0.35,2.25
M50,4,18,normal,1,ranged,4059,688,0,0,235,205,0.35,2.25
M50,4,18,normal,2,ranged,5798,861,0,0,255,225,0.35,2.25
M50,4,18,normal,3,ranged,8117,1061,0,0,275,245,0.35,2.25
M50,4,18,normal,4,ranged,11596,1320,0,0,295,265,0.35,2.25
M50,4,20,elite,0,ranged,3677,665,0,0,225,235,0.35,2.25
M50,4,20,elite,1,ranged,5147,798,0,0,245,255,0.35,2.25
M50,4,20,elite,2,ranged,7353,998,0,0,265,275,0.35,2.25
M50,4,20,elite,3,ranged,10294,1230,0,0,285,295,0.35,2.25
M50,4,20,elite,4,ranged,14706,1530,0,0,305,315,0.35,2.25
M50,4,20,normal,0,ranged,3064,594,0,0,225,195,0.35,2.25
M50,4,20,normal,1,ranged,4289,713,0,0,245,215,0.35,2.25
M50,4,20,normal,2,ranged,6128,891,0,0,265,235,0.35,2.25
M50,4,20,normal,3,ranged,8579,1099,0,0,285,255,0.35,2.25
M50,4,20,normal,4,ranged,12255,1366,0,0,305,275,0.35,2.25
M51,4,16,elite,0,tank,6398,302,0,0,410,293,0.25,2.0
M51,4,16,elite,1,tank,8957,362,0,0,436,319,0.25,2.0
M51,4,16,elite,2,tank,12796,452,0,0,462,345,0.25,2.0
M51,4,16,elite,3,tank,17914,558,0,0,488,371,0.25,2.0
M51,4,16,elite,4,tank,25592,694,0,0,514,397,0.25,2.0
M51,4,16,normal,0,tank,5332,269,0,0,410,241,0.25,2.0
M51,4,16,normal,1,tank,7464,323,0,0,436,267,0.25,2.0
M51,4,16,normal,2,tank,10663,404,0,0,462,293,0.25,2.0
M51,4,16,normal,3,tank,14929,498,0,0,488,319,0.25,2.0
M51,4,16,normal,4,tank,21327,619,0,0,514,345,0.25,2.0
M51,4,18,elite,0,tank,6784,313,0,0,423,306,0.25,2.0
M51,4,18,elite,1,tank,9497,375,0,0,449,332,0.25,2.0
M51,4,18,elite,2,tank,13567,469,0,0,475,358,0.25,2.0
M51,4,18,elite,3,tank,18994,578,0,0,501,384,0.25,2.0
M51,4,18,elite,4,tank,27134,719,0,0,527,410,0.25,2.0
M51,4,18,normal,0,tank,5653,279,0,0,423,254,0.25,2.0
M51,4,18,normal,1,tank,7914,335,0,0,449,280,0.25,2.0
M51,4,18,normal,2,tank,11306,419,0,0,475,306,0.25,2.0
M51,4,18,normal,3,tank,15828,516,0,0,501,332,0.25,2.0
M51,4,18,normal,4,tank,22612,642,0,0,527,358,0.25,2.0
M51,4,20,elite,0,tank,7169,324,0,0,436,319,0.25,2.0
M51,4,20,elite,1,tank,10037,388,0,0,462,345,0.25,2.0
M51,4,20,elite,2,tank,14338,485,0,0,488,371,0.25,2.0
M51,4,20,elite,3,tank,20074,599,0,0,514,397,0.25,2.0
M51,4,20,elite,4,tank,28677,744,0,0,540,423,0.25,2.0
M51,4,20,normal,0,tank,5974,289,0,0,436,267,0.25,2.0
M51,4,20,normal,1,tank,8364,347,0,0,462,293,0.25,2.0
M51,4,20,normal,2,tank,11949,433,0,0,488,319,0.25,2.0
M51,4,20,normal,3,tank,16728,534,0,0,514,345,0.25,2.0
M51,4,20,normal,4,tank,23897,664,0,0,540,371,0.25,2.0
M52,4,16,elite,0,tank,6398,302,0,0,410,293,0.25,2.0
M52,4,16,elite,1,tank,8957,362,0,0,436,319,0.25,2.0
M52,4,16,elite,2,tank,12796,452,0,0,462,345,0.25,2.0
M52,4,16,elite,3,tank,17914,558,0,0,488,371,0.25,2.0
M52,4,16,elite,4,tank,25592,694,0,0,514,397,0.25,2.0
M52,4,16,normal,0,tank,5332,269,0,0,410,241,0.25,2.0
M52,4,16,normal,1,tank,7464,323,0,0,436,267,0.25,2.0
M52,4,16,normal,2,tank,10663,404,0,0,462,293,0.25,2.0
M52,4,16,normal,3,tank,14929,498,0,0,488,319,0.25,2.0
M52,4,16,normal,4,tank,21327,619,0,0,514,345,0.25,2.0
M52,4,18,elite,0,tank,6784,313,0,0,423,306,0.25,2.0
M52,4,18,elite,1,tank,9497,375,0,0,449,332,0.25,2.0
M52,4,18,elite,2,tank,13567,469,0,0,475,358,0.25,2.0
M52,4,18,elite,3,tank,18994,578,0,0,501,384,0.25,2.0
M52,4,18,elite,4,tank,27134,719,0,0,527,410,0.25,2.0
M52,4,18,normal,0,tank,5653,279,0,0,423,254,0.25,2.0
M52,4,18,normal,1,tank,7914,335,0,0,449,280,0.25,2.0
M52,4,18,normal,2,tank,11306,419,0,0,475,306,0.25,2.0
M52,4,18,normal,3,tank,15828,516,0,0,501,332,0.25,2.0
M52,4,18,normal,4,tank,22612,642,0,0,527,358,0.25,2.0
M52,4,20,elite,0,tank,7169,324,0,0,436,319,0.25,2.0
M52,4,20,elite,1,tank,10037,388,0,0,462,345,0.25,2.0
M52,4,20,elite,2,tank,14338,485,0,0,488,371,0.25,2.0
M52,4,20,elite,3,tank,20074,599,0,0,514,397,0.25,2.0
M52,4,20,elite,4,tank,28677,744,0,0,540,423,0.25,2.0
M52,4,20,normal,0,tank,5974,289,0,0,436,267,0.25,2.0
M52,4,20,normal,1,tank,8364,347,0,0,462,293,0.25,2.0
M52,4,20,normal,2,tank,11949,433,0,0,488,319,0.25,2.0
M52,4,20,normal,3,tank,16728,534,0,0,514,345,0.25,2.0
M52,4,20,normal,4,tank,23897,664,0,0,540,371,0.25,2.0
M53,4,16,elite,0,caster,2407,233,718,90,145,390,0.25,2.0
M53,4,16,elite,1,caster,3369,280,861,108,165,414,0.25,2.0
M53,4,16,elite,2,caster,4813,350,1077,135,185,438,0.25,2.0
M53,4,16,elite,3,caster,6739,432,1328,166,205,462,0.25,2.0
M53,4,16,elite,4,caster,9627,536,1651,206,225,486,0.25,2.0
M53,4,16,normal,0,caster,2006,208,641,80,145,342,0.25,2.0
M53,4,16,normal,1,caster,2808,250,769,96,165,366,0.25,2.0
M53,4,16,normal,2,caster,4011,312,961,120,185,390,0.25,2.0
M53,4,16,normal,3,caster,5616,385,1185,148,205,414,0.25,2.0
M53,4,16,normal,4,caster,8022,479,1474,184,225,438,0.25,2.0
M53,4,18,elite,0,caster,2552,242,744,93,155,402,0.25,2.0
M53,4,18,elite,1,caster,3572,290,893,112,175,426,0.25,2.0
M53,4,18,elite,2,caster,5104,363,1116,139,195,450,0.25,2.0
M53,4,18,elite,3,caster,7145,447,1376,172,215,474,0.25,2.0
M53,4,18,elite,4,caster,10207,556,1711,214,235,498,0.25,2.0
M53,4,18,normal,0,caster,2126,216,664,83,155,354,0.25,2.0
M53,4,18,normal,1,caster,2977,259,797,100,175,378,0.25,2.0
M53,4,18,normal,2,caster,4253,324,996,125,195,402,0.25,2.0
M53,4,18,normal,3,caster,5954,399,1229,154,215,426,0.25,2.0
M53,4,18,normal,4,caster,8506,496,1527,191,235,450,0.25,2.0
M53,4,20,elite,0,caster,2697,250,770,96,165,414,0.25,2.0
M53,4,20,elite,1,caster,3776,300,924,115,185,438,0.25,2.0
M53,4,20,elite,2,caster,5394,375,1155,144,205,462,0.25,2.0
M53,4,20,elite,3,caster,7551,463,1424,178,225,486,0.25,2.0
M53,4,20,elite,4,caster,10787,576,1771,221,245,510,0.25,2.0
M53,4,20,normal,0,caster,2247,223,687,86,165,366,0.25,2.0
M53,4,20,normal,1,caster,3146,268,825,103,185,390,0.25,2.0
M53,4,20,normal,2,caster,4495,335,1031,129,205,414,0.25,2.0
M53,4,20,normal,3,caster,6293,413,1272,159,225,438,0.25,2.0
M53,4,20,normal,4,caster,8989,514,1581,198,245,462,0.25,2.0
M54,4,16,elite,0,tank,6398,302,0,0,410,293,0.25,2.0
M54,4,16,elite,1,tank,8957,362,0,0,436,319,0.25,2.0
M54,4,16,elite,2,tank,12796,452,0,0,462,345,0.25,2.0
M54,4,16,elite,3,tank,17914,558,0,0,488,371,0.25,2.0
M54,4,16,elite,4,tank,25592,694,0,0,514,397,0.25,2.0
M54,4,16,normal,0,tank,5332,269,0,0,410,241,0.25,2.0
M54,4,16,normal,1,tank,7464,323,0,0,436,267,0.25,2.0
M54,4,16,normal,2,tank,10663,404,0,0,462,293,0.25,2.0
M54,4,16,normal,3,tank,14929,498,0,0,488,319,0.25,2.0
M54,4,16,normal,4,tank,21327,619,0,0,514,345,0.25,2.0
M54,4,18,elite,0,tank,6784,313,0,0,423,306,0.25,2.0
M54,4,18,elite,1,tank,9497,375,0,0,449,332,0.25,2.0
M54,4,18,elite,2,tank,13567,469,0,0,475,358,0.25,2.0
M54,4,18,elite,3,tank,18994,578,0,0,501,384,0.25,2.0
M54,4,18,elite,4,tank,27134,719,0,0,527,410,0.25,2.0
M54,4,18,normal,0,tank,5653,279,0,0,423,254,0.25,2.0
M54,4,18,normal,1,tank,7914,335,0,0,449,280,0.25,2.0
M54,4,18,normal,2,tank,11306,419,0,0,475,306,0.25,2.0
M54,4,18,normal,3,tank,15828,516,0,0,501,332,0.25,2.0
M54,4,18,normal,4,tank,22612,642,0,0,527,358,0.25,2.0
M54,4,20,elite,0,tank,7169,324,0,0,436,319,0.25,2.0
M54,4,20,elite,1,tank,10037,388,0,0,462,345,0.25,2.0
M54,4,20,elite,2,tank,14338,485,0,0,488,371,0.25,2.0
M54,4,20,elite,3,tank,20074,599,0,0,514,397,0.25,2.0
M54,4,20,elite,4,tank,28677,744,0,0,540,423,0.25,2.0
M54,4,20,normal,0,tank,5974,289,0,0,436,267,0.25,2.0
M54,4,20,normal,1,tank,8364,347,0,0,462,293,0.25,2.0
M54,4,20,normal,2,tank,11949,433,0,0,488,319,0.25,2.0
M54,4,20,normal,3,tank,16728,534,0,0,514,345,0.25,2.0
M54,4,20,normal,4,tank,23897,664,0,0,540,371,0.25,2.0
B05-M01,5,21,elite,0,warrior,6284,623,0,0,270,299,0.25,2.0
B05-M01,5,21,elite,1,warrior,8797,747,0,0,290,322,0.25,2.0
B05-M01,5,21,elite,2,warrior,12567,934,0,0,310,345,0.25,2.0
B05-M01,5,21,elite,3,warrior,17594,1152,0,0,330,368,0.25,2.0
B05-M01,5,21,elite,4,warrior,25135,1432,0,0,350,391,0.25,2.0
B05-M01,5,21,normal,0,warrior,5236,556,0,0,270,253,0.25,2.0
B05-M01,5,21,normal,1,warrior,7331,667,0,0,290,276,0.25,2.0
B05-M01,5,21,normal,2,warrior,10473,834,0,0,310,299,0.25,2.0
B05-M01,5,21,normal,3,warrior,14662,1029,0,0,330,322,0.25,2.0
B05-M01,5,21,normal,4,warrior,20945,1279,0,0,350,345,0.25,2.0
B05-M01,5,23,elite,0,warrior,6613,643,0,0,280,311,0.25,2.0
B05-M01,5,23,elite,1,warrior,9258,772,0,0,300,334,0.25,2.0
B05-M01,5,23,elite,2,warrior,13226,965,0,0,320,357,0.25,2.0
B05-M01,5,23,elite,3,warrior,18516,1190,0,0,340,380,0.25,2.0
B05-M01,5,23,elite,4,warrior,26451,1480,0,0,360,403,0.25,2.0
B05-M01,5,23,normal,0,warrior,5511,575,0,0,280,265,0.25,2.0
B05-M01,5,23,normal,1,warrior,7715,689,0,0,300,288,0.25,2.0
B05-M01,5,23,normal,2,warrior,11021,862,0,0,320,311,0.25,2.0
B05-M01,5,23,normal,3,warrior,15430,1063,0,0,340,334,0.25,2.0
B05-M01,5,23,normal,4,warrior,22043,1321,0,0,360,357,0.25,2.0
B05-M01,5,25,elite,0,warrior,6942,664,0,0,290,322,0.25,2.0
B05-M01,5,25,elite,1,warrior,9719,797,0,0,310,345,0.25,2.0
B05-M01,5,25,elite,2,warrior,13884,996,0,0,330,368,0.25,2.0
B05-M01,5,25,elite,3,warrior,19437,1229,0,0,350,391,0.25,2.0
B05-M01,5,25,elite,4,warrior,27768,1528,0,0,370,414,0.25,2.0
B05-M01,5,25,normal,0,warrior,5785,593,0,0,290,276,0.25,2.0
B05-M01,5,25,normal,1,warrior,8099,712,0,0,310,299,0.25,2.0
B05-M01,5,25,normal,2,warrior,11570,890,0,0,330,322,0.25,2.0
B05-M01,5,25,normal,3,warrior,16198,1097,0,0,350,345,0.25,2.0
B05-M01,5,25,normal,4,warrior,23140,1364,0,0,370,368,0.25,2.0
B05-M02,5,21,elite,0,ranged,4109,720,0,0,240,250,0.35,2.25
B05-M02,5,21,elite,1,ranged,5752,864,0,0,260,270,0.35,2.25
B05-M02,5,21,elite,2,ranged,8217,1080,0,0,280,290,0.35,2.25
B05-M02,5,21,elite,3,ranged,11504,1332,0,0,300,310,0.35,2.25
B05-M02,5,21,elite,4,ranged,16434,1656,0,0,320,330,0.35,2.25
B05-M02,5,21,normal,0,ranged,3424,643,0,0,240,210,0.35,2.25
B05-M02,5,21,normal,1,ranged,4793,771,0,0,260,230,0.35,2.25
B05-M02,5,21,normal,2,ranged,6848,964,0,0,280,250,0.35,2.25
B05-M02,5,21,normal,3,ranged,9587,1189,0,0,300,270,0.35,2.25
B05-M02,5,21,normal,4,ranged,13695,1479,0,0,320,290,0.35,2.25
B05-M02,5,23,elite,0,ranged,4324,744,0,0,250,260,0.35,2.25
B05-M02,5,23,elite,1,ranged,6053,893,0,0,270,280,0.35,2.25
B05-M02,5,23,elite,2,ranged,8647,1116,0,0,290,300,0.35,2.25
B05-M02,5,23,elite,3,ranged,12106,1376,0,0,310,320,0.35,2.25
B05-M02,5,23,elite,4,ranged,17295,1711,0,0,330,340,0.35,2.25
B05-M02,5,23,normal,0,ranged,3603,664,0,0,250,220,0.35,2.25
B05-M02,5,23,normal,1,ranged,5044,797,0,0,270,240,0.35,2.25
B05-M02,5,23,normal,2,ranged,7206,996,0,0,290,260,0.35,2.25
B05-M02,5,23,normal,3,ranged,10089,1229,0,0,310,280,0.35,2.25
B05-M02,5,23,normal,4,ranged,14412,1528,0,0,330,300,0.35,2.25
B05-M02,5,25,elite,0,ranged,4539,768,0,0,260,270,0.35,2.25
B05-M02,5,25,elite,1,ranged,6355,922,0,0,280,290,0.35,2.25
B05-M02,5,25,elite,2,ranged,9078,1152,0,0,300,310,0.35,2.25
B05-M02,5,25,elite,3,ranged,12709,1421,0,0,320,330,0.35,2.25
B05-M02,5,25,elite,4,ranged,18156,1766,0,0,340,350,0.35,2.25
B05-M02,5,25,normal,0,ranged,3782,686,0,0,260,230,0.35,2.25
B05-M02,5,25,normal,1,ranged,5295,823,0,0,280,250,0.35,2.25
B05-M02,5,25,normal,2,ranged,7565,1029,0,0,300,270,0.35,2.25
B05-M02,5,25,normal,3,ranged,10591,1269,0,0,320,290,0.35,2.25
B05-M02,5,25,normal,4,ranged,15130,1577,0,0,340,310,0.35,2.25
B05-M03,5,21,elite,0,assassin,1740,957,0,0,158,225,0.4,2.5
B05-M03,5,21,elite,1,assassin,2436,1149,0,0,178,245,0.4,2.5
B05-M03,5,21,elite,2,assassin,3480,1436,0,0,198,265,0.4,2.5
B05-M03,5,21,elite,3,assassin,4872,1771,0,0,218,285,0.4,2.5
B05-M03,5,21,elite,4,assassin,6960,2202,0,0,238,305,0.4,2.5
B05-M03,5,21,normal,0,assassin,1450,855,0,0,158,185,0.4,2.5
B05-M03,5,21,normal,1,assassin,2030,1026,0,0,178,205,0.4,2.5
B05-M03,5,21,normal,2,assassin,2900,1282,0,0,198,225,0.4,2.5
B05-M03,5,21,normal,3,assassin,4060,1581,0,0,218,245,0.4,2.5
B05-M03,5,21,normal,4,assassin,5800,1966,0,0,238,265,0.4,2.5
B05-M03,5,23,elite,0,assassin,1831,989,0,0,168,235,0.4,2.5
B05-M03,5,23,elite,1,assassin,2564,1187,0,0,188,255,0.4,2.5
B05-M03,5,23,elite,2,assassin,3662,1484,0,0,208,275,0.4,2.5
B05-M03,5,23,elite,3,assassin,5127,1830,0,0,228,295,0.4,2.5
B05-M03,5,23,elite,4,assassin,7325,2275,0,0,248,315,0.4,2.5
B05-M03,5,23,normal,0,assassin,1526,883,0,0,168,195,0.4,2.5
B05-M03,5,23,normal,1,assassin,2136,1060,0,0,188,215,0.4,2.5
B05-M03,5,23,normal,2,assassin,3052,1325,0,0,208,235,0.4,2.5
B05-M03,5,23,normal,3,assassin,4273,1634,0,0,228,255,0.4,2.5
B05-M03,5,23,normal,4,assassin,6104,2032,0,0,248,275,0.4,2.5
B05-M03,5,25,elite,0,assassin,1922,1021,0,0,178,245,0.4,2.5
B05-M03,5,25,elite,1,assassin,2691,1225,0,0,198,265,0.4,2.5
B05-M03,5,25,elite,2,assassin,3845,1532,0,0,218,285,0.4,2.5
B05-M03,5,25,elite,3,assassin,5383,1889,0,0,238,305,0.4,2.5
B05-M03,5,25,elite,4,assassin,7690,2349,0,0,258,325,0.4,2.5
B05-M03,5,25,normal,0,assassin,1602,912,0,0,178,205,0.4,2.5
B05-M03,5,25,normal,1,assassin,2243,1094,0,0,198,225,0.4,2.5
B05-M03,5,25,normal,2,assassin,3204,1368,0,0,218,245,0.4,2.5
B05-M03,5,25,normal,3,assassin,4486,1687,0,0,238,265,0.4,2.5
B05-M03,5,25,normal,4,assassin,6408,2097,0,0,258,285,0.4,2.5
B05-M04,5,21,elite,0,support,4870,296,0,0,240,366,0.25,2.0
B05-M04,5,21,elite,1,support,6818,356,0,0,264,390,0.25,2.0
B05-M04,5,21,elite,2,support,9740,445,0,0,288,414,0.25,2.0
B05-M04,5,21,elite,3,support,13635,548,0,0,312,438,0.25,2.0
B05-M04,5,21,elite,4,support,19479,682,0,0,336,462,0.25,2.0
B05-M04,5,21,normal,0,support,4058,265,0,0,240,318,0.25,2.0
B05-M04,5,21,normal,1,support,5681,318,0,0,264,342,0.25,2.0
B05-M04,5,21,normal,2,support,8116,397,0,0,288,366,0.25,2.0
B05-M04,5,21,normal,3,support,11363,490,0,0,312,390,0.25,2.0
B05-M04,5,21,normal,4,support,16233,609,0,0,336,414,0.25,2.0
B05-M04,5,23,elite,0,support,5125,306,0,0,252,378,0.25,2.0
B05-M04,5,23,elite,1,support,7175,368,0,0,276,402,0.25,2.0
B05-M04,5,23,elite,2,support,10250,459,0,0,300,426,0.25,2.0
B05-M04,5,23,elite,3,support,14350,567,0,0,324,450,0.25,2.0
B05-M04,5,23,elite,4,support,20500,704,0,0,348,474,0.25,2.0
B05-M04,5,23,normal,0,support,4271,273,0,0,252,330,0.25,2.0
B05-M04,5,23,normal,1,support,5979,328,0,0,276,354,0.25,2.0
B05-M04,5,23,normal,2,support,8541,410,0,0,300,378,0.25,2.0
B05-M04,5,23,normal,3,support,11958,506,0,0,324,402,0.25,2.0
B05-M04,5,23,normal,4,support,17083,629,0,0,348,426,0.25,2.0
B05-M04,5,25,elite,0,support,5380,316,0,0,264,390,0.25,2.0
B05-M04,5,25,elite,1,support,7532,379,0,0,288,414,0.25,2.0
B05-M04,5,25,elite,2,support,10760,474,0,0,312,438,0.25,2.0
B05-M04,5,25,elite,3,support,15064,585,0,0,336,462,0.25,2.0
B05-M04,5,25,elite,4,support,21520,727,0,0,360,486,0.25,2.0
B05-M04,5,25,normal,0,support,4483,282,0,0,264,342,0.25,2.0
B05-M04,5,25,normal,1,support,6277,339,0,0,288,366,0.25,2.0
B05-M04,5,25,normal,2,support,8967,423,0,0,312,390,0.25,2.0
B05-M04,5,25,normal,3,support,12553,522,0,0,336,414,0.25,2.0
B05-M04,5,25,normal,4,support,17933,649,0,0,360,438,0.25,2.0
B05-M05,5,21,elite,0,tank,9450,296,0,0,494,325,0.25,2.0
B05-M05,5,21,elite,1,tank,13229,356,0,0,520,351,0.25,2.0
B05-M05,5,21,elite,2,tank,18899,445,0,0,546,377,0.25,2.0
B05-M05,5,21,elite,3,tank,26459,548,0,0,572,403,0.25,2.0
B05-M05,5,21,elite,4,tank,37798,682,0,0,598,429,0.25,2.0
B05-M05,5,21,normal,0,tank,7875,265,0,0,494,273,0.25,2.0
B05-M05,5,21,normal,1,tank,11025,318,0,0,520,299,0.25,2.0
B05-M05,5,21,normal,2,tank,15749,397,0,0,546,325,0.25,2.0
B05-M05,5,21,normal,3,tank,22049,490,0,0,572,351,0.25,2.0
B05-M05,5,21,normal,4,tank,31499,609,0,0,598,377,0.25,2.0
B05-M05,5,23,elite,0,tank,9945,306,0,0,507,338,0.25,2.0
B05-M05,5,23,elite,1,tank,13922,368,0,0,533,364,0.25,2.0
B05-M05,5,23,elite,2,tank,19889,459,0,0,559,390,0.25,2.0
B05-M05,5,23,elite,3,tank,27845,567,0,0,585,416,0.25,2.0
B05-M05,5,23,elite,4,tank,39778,704,0,0,611,442,0.25,2.0
B05-M05,5,23,normal,0,tank,8287,273,0,0,507,286,0.25,2.0
B05-M05,5,23,normal,1,tank,11602,328,0,0,533,312,0.25,2.0
B05-M05,5,23,normal,2,tank,16574,410,0,0,559,338,0.25,2.0
B05-M05,5,23,normal,3,tank,23204,506,0,0,585,364,0.25,2.0
B05-M05,5,23,normal,4,tank,33149,629,0,0,611,390,0.25,2.0
B05-M05,5,25,elite,0,tank,10440,316,0,0,520,351,0.25,2.0
B05-M05,5,25,elite,1,tank,14615,379,0,0,546,377,0.25,2.0
B05-M05,5,25,elite,2,tank,20879,474,0,0,572,403,0.25,2.0
B05-M05,5,25,elite,3,tank,29231,585,0,0,598,429,0.25,2.0
B05-M05,5,25,elite,4,tank,41758,727,0,0,624,455,0.25,2.0
B05-M05,5,25,normal,0,tank,8700,282,0,0,520,299,0.25,2.0
B05-M05,5,25,normal,1,tank,12180,339,0,0,546,325,0.25,2.0
B05-M05,5,25,normal,2,tank,17399,423,0,0,572,351,0.25,2.0
B05-M05,5,25,normal,3,tank,24359,522,0,0,598,377,0.25,2.0
B05-M05,5,25,normal,4,tank,34799,649,0,0,624,403,0.25,2.0
B05-M06,5,21,elite,0,assassin,1740,957,0,0,158,225,0.4,2.5
B05-M06,5,21,elite,1,assassin,2436,1149,0,0,178,245,0.4,2.5
B05-M06,5,21,elite,2,assassin,3480,1436,0,0,198,265,0.4,2.5
B05-M06,5,21,elite,3,assassin,4872,1771,0,0,218,285,0.4,2.5
B05-M06,5,21,elite,4,assassin,6960,2202,0,0,238,305,0.4,2.5
B05-M06,5,21,normal,0,assassin,1450,855,0,0,158,185,0.4,2.5
B05-M06,5,21,normal,1,assassin,2030,1026,0,0,178,205,0.4,2.5
B05-M06,5,21,normal,2,assassin,2900,1282,0,0,198,225,0.4,2.5
B05-M06,5,21,normal,3,assassin,4060,1581,0,0,218,245,0.4,2.5
B05-M06,5,21,normal,4,assassin,5800,1966,0,0,238,265,0.4,2.5
B05-M06,5,23,elite,0,assassin,1831,989,0,0,168,235,0.4,2.5
B05-M06,5,23,elite,1,assassin,2564,1187,0,0,188,255,0.4,2.5
B05-M06,5,23,elite,2,assassin,3662,1484,0,0,208,275,0.4,2.5
B05-M06,5,23,elite,3,assassin,5127,1830,0,0,228,295,0.4,2.5
B05-M06,5,23,elite,4,assassin,7325,2275,0,0,248,315,0.4,2.5
B05-M06,5,23,normal,0,assassin,1526,883,0,0,168,195,0.4,2.5
B05-M06,5,23,normal,1,assassin,2136,1060,0,0,188,215,0.4,2.5
B05-M06,5,23,normal,2,assassin,3052,1325,0,0,208,235,0.4,2.5
B05-M06,5,23,normal,3,assassin,4273,1634,0,0,228,255,0.4,2.5
B05-M06,5,23,normal,4,assassin,6104,2032,0,0,248,275,0.4,2.5
B05-M06,5,25,elite,0,assassin,1922,1021,0,0,178,245,0.4,2.5
B05-M06,5,25,elite,1,assassin,2691,1225,0,0,198,265,0.4,2.5
B05-M06,5,25,elite,2,assassin,3845,1532,0,0,218,285,0.4,2.5
B05-M06,5,25,elite,3,assassin,5383,1889,0,0,238,305,0.4,2.5
B05-M06,5,25,elite,4,assassin,7690,2349,0,0,258,325,0.4,2.5
B05-M06,5,25,normal,0,assassin,1602,912,0,0,178,205,0.4,2.5
B05-M06,5,25,normal,1,assassin,2243,1094,0,0,198,225,0.4,2.5
B05-M06,5,25,normal,2,assassin,3204,1368,0,0,218,245,0.4,2.5
B05-M06,5,25,normal,3,assassin,4486,1687,0,0,238,265,0.4,2.5
B05-M06,5,25,normal,4,assassin,6408,2097,0,0,258,285,0.4,2.5
B05-M07,5,21,elite,0,caster,3014,271,833,104,180,432,0.25,2.0
B05-M07,5,21,elite,1,caster,4219,325,1000,125,200,456,0.25,2.0
B05-M07,5,21,elite,2,caster,6027,406,1250,156,220,480,0.25,2.0
B05-M07,5,21,elite,3,caster,8438,501,1542,193,240,504,0.25,2.0
B05-M07,5,21,elite,4,caster,12055,623,1917,240,260,528,0.25,2.0
B05-M07,5,21,normal,0,caster,2511,242,744,93,180,384,0.25,2.0
B05-M07,5,21,normal,1,caster,3516,290,893,112,200,408,0.25,2.0
B05-M07,5,21,normal,2,caster,5023,363,1116,140,220,432,0.25,2.0
B05-M07,5,21,normal,3,caster,7032,447,1377,172,240,456,0.25,2.0
B05-M07,5,21,normal,4,caster,10046,556,1712,214,260,480,0.25,2.0
B05-M07,5,23,elite,0,caster,3172,280,861,108,190,444,0.25,2.0
B05-M07,5,23,elite,1,caster,4440,336,1033,129,210,468,0.25,2.0
B05-M07,5,23,elite,2,caster,6343,420,1292,161,230,492,0.25,2.0
B05-M07,5,23,elite,3,caster,8880,518,1593,199,250,516,0.25,2.0
B05-M07,5,23,elite,4,caster,12686,644,1981,248,270,540,0.25,2.0
B05-M07,5,23,normal,0,caster,2643,250,769,96,190,396,0.25,2.0
B05-M07,5,23,normal,1,caster,3700,300,923,115,210,420,0.25,2.0
B05-M07,5,23,normal,2,caster,5286,375,1153,144,230,444,0.25,2.0
B05-M07,5,23,normal,3,caster,7400,462,1423,178,250,468,0.25,2.0
B05-M07,5,23,normal,4,caster,10572,575,1769,221,270,492,0.25,2.0
B05-M07,5,25,elite,0,caster,3329,289,889,111,200,456,0.25,2.0
B05-M07,5,25,elite,1,caster,4661,347,1067,133,220,480,0.25,2.0
B05-M07,5,25,elite,2,caster,6659,433,1334,167,240,504,0.25,2.0
B05-M07,5,25,elite,3,caster,9322,535,1645,206,260,528,0.25,2.0
B05-M07,5,25,elite,4,caster,13318,665,2045,256,280,552,0.25,2.0
B05-M07,5,25,normal,0,caster,2775,258,794,99,200,408,0.25,2.0
B05-M07,5,25,normal,1,caster,3884,310,953,119,220,432,0.25,2.0
B05-M07,5,25,normal,2,caster,5549,387,1191,149,240,456,0.25,2.0
B05-M07,5,25,normal,3,caster,7769,477,1468,184,260,480,0.25,2.0
B05-M07,5,25,normal,4,caster,11098,593,1826,228,280,504,0.25,2.0
B05-M08,5,21,elite,0,support,4870,296,0,0,240,366,0.25,2.0
B05-M08,5,21,elite,1,support,6818,356,0,0,264,390,0.25,2.0
B05-M08,5,21,elite,2,support,9740,445,0,0,288,414,0.25,2.0
B05-M08,5,21,elite,3,support,13635,548,0,0,312,438,0.25,2.0
B05-M08,5,21,elite,4,support,19479,682,0,0,336,462,0.25,2.0
B05-M08,5,21,normal,0,support,4058,265,0,0,240,318,0.25,2.0
B05-M08,5,21,normal,1,support,5681,318,0,0,264,342,0.25,2.0
B05-M08,5,21,normal,2,support,8116,397,0,0,288,366,0.25,2.0
B05-M08,5,21,normal,3,support,11363,490,0,0,312,390,0.25,2.0
B05-M08,5,21,normal,4,support,16233,609,0,0,336,414,0.25,2.0
B05-M08,5,23,elite,0,support,5125,306,0,0,252,378,0.25,2.0
B05-M08,5,23,elite,1,support,7175,368,0,0,276,402,0.25,2.0
B05-M08,5,23,elite,2,support,10250,459,0,0,300,426,0.25,2.0
B05-M08,5,23,elite,3,support,14350,567,0,0,324,450,0.25,2.0
B05-M08,5,23,elite,4,support,20500,704,0,0,348,474,0.25,2.0
B05-M08,5,23,normal,0,support,4271,273,0,0,252,330,0.25,2.0
B05-M08,5,23,normal,1,support,5979,328,0,0,276,354,0.25,2.0
B05-M08,5,23,normal,2,support,8541,410,0,0,300,378,0.25,2.0
B05-M08,5,23,normal,3,support,11958,506,0,0,324,402,0.25,2.0
B05-M08,5,23,normal,4,support,17083,629,0,0,348,426,0.25,2.0
B05-M08,5,25,elite,0,support,5380,316,0,0,264,390,0.25,2.0
B05-M08,5,25,elite,1,support,7532,379,0,0,288,414,0.25,2.0
B05-M08,5,25,elite,2,support,10760,474,0,0,312,438,0.25,2.0
B05-M08,5,25,elite,3,support,15064,585,0,0,336,462,0.25,2.0
B05-M08,5,25,elite,4,support,21520,727,0,0,360,486,0.25,2.0
B05-M08,5,25,normal,0,support,4483,282,0,0,264,342,0.25,2.0
B05-M08,5,25,normal,1,support,6277,339,0,0,288,366,0.25,2.0
B05-M08,5,25,normal,2,support,8967,423,0,0,312,390,0.25,2.0
B05-M08,5,25,normal,3,support,12553,522,0,0,336,414,0.25,2.0
B05-M08,5,25,normal,4,support,17933,649,0,0,360,438,0.25,2.0
B05-M09,5,21,elite,0,assassin,1740,957,0,0,158,225,0.4,2.5
B05-M09,5,21,elite,1,assassin,2436,1149,0,0,178,245,0.4,2.5
B05-M09,5,21,elite,2,assassin,3480,1436,0,0,198,265,0.4,2.5
B05-M09,5,21,elite,3,assassin,4872,1771,0,0,218,285,0.4,2.5
B05-M09,5,21,elite,4,assassin,6960,2202,0,0,238,305,0.4,2.5
B05-M09,5,21,normal,0,assassin,1450,855,0,0,158,185,0.4,2.5
B05-M09,5,21,normal,1,assassin,2030,1026,0,0,178,205,0.4,2.5
B05-M09,5,21,normal,2,assassin,2900,1282,0,0,198,225,0.4,2.5
B05-M09,5,21,normal,3,assassin,4060,1581,0,0,218,245,0.4,2.5
B05-M09,5,21,normal,4,assassin,5800,1966,0,0,238,265,0.4,2.5
B05-M09,5,23,elite,0,assassin,1831,989,0,0,168,235,0.4,2.5
B05-M09,5,23,elite,1,assassin,2564,1187,0,0,188,255,0.4,2.5
B05-M09,5,23,elite,2,assassin,3662,1484,0,0,208,275,0.4,2.5
B05-M09,5,23,elite,3,assassin,5127,1830,0,0,228,295,0.4,2.5
B05-M09,5,23,elite,4,assassin,7325,2275,0,0,248,315,0.4,2.5
B05-M09,5,23,normal,0,assassin,1526,883,0,0,168,195,0.4,2.5
B05-M09,5,23,normal,1,assassin,2136,1060,0,0,188,215,0.4,2.5
B05-M09,5,23,normal,2,assassin,3052,1325,0,0,208,235,0.4,2.5
B05-M09,5,23,normal,3,assassin,4273,1634,0,0,228,255,0.4,2.5
B05-M09,5,23,normal,4,assassin,6104,2032,0,0,248,275,0.4,2.5
B05-M09,5,25,elite,0,assassin,1922,1021,0,0,178,245,0.4,2.5
B05-M09,5,25,elite,1,assassin,2691,1225,0,0,198,265,0.4,2.5
B05-M09,5,25,elite,2,assassin,3845,1532,0,0,218,285,0.4,2.5
B05-M09,5,25,elite,3,assassin,5383,1889,0,0,238,305,0.4,2.5
B05-M09,5,25,elite,4,assassin,7690,2349,0,0,258,325,0.4,2.5
B05-M09,5,25,normal,0,assassin,1602,912,0,0,178,205,0.4,2.5
B05-M09,5,25,normal,1,assassin,2243,1094,0,0,198,225,0.4,2.5
B05-M09,5,25,normal,2,assassin,3204,1368,0,0,218,245,0.4,2.5
B05-M09,5,25,normal,3,assassin,4486,1687,0,0,238,265,0.4,2.5
B05-M09,5,25,normal,4,assassin,6408,2097,0,0,258,285,0.4,2.5
B05-M10,5,21,elite,0,caster,3014,271,833,104,180,432,0.25,2.0
B05-M10,5,21,elite,1,caster,4219,325,1000,125,200,456,0.25,2.0
B05-M10,5,21,elite,2,caster,6027,406,1250,156,220,480,0.25,2.0
B05-M10,5,21,elite,3,caster,8438,501,1542,193,240,504,0.25,2.0
B05-M10,5,21,elite,4,caster,12055,623,1917,240,260,528,0.25,2.0
B05-M10,5,21,normal,0,caster,2511,242,744,93,180,384,0.25,2.0
B05-M10,5,21,normal,1,caster,3516,290,893,112,200,408,0.25,2.0
B05-M10,5,21,normal,2,caster,5023,363,1116,140,220,432,0.25,2.0
B05-M10,5,21,normal,3,caster,7032,447,1377,172,240,456,0.25,2.0
B05-M10,5,21,normal,4,caster,10046,556,1712,214,260,480,0.25,2.0
B05-M10,5,23,elite,0,caster,3172,280,861,108,190,444,0.25,2.0
B05-M10,5,23,elite,1,caster,4440,336,1033,129,210,468,0.25,2.0
B05-M10,5,23,elite,2,caster,6343,420,1292,161,230,492,0.25,2.0
B05-M10,5,23,elite,3,caster,8880,518,1593,199,250,516,0.25,2.0
B05-M10,5,23,elite,4,caster,12686,644,1981,248,270,540,0.25,2.0
B05-M10,5,23,normal,0,caster,2643,250,769,96,190,396,0.25,2.0
B05-M10,5,23,normal,1,caster,3700,300,923,115,210,420,0.25,2.0
B05-M10,5,23,normal,2,caster,5286,375,1153,144,230,444,0.25,2.0
B05-M10,5,23,normal,3,caster,7400,462,1423,178,250,468,0.25,2.0
B05-M10,5,23,normal,4,caster,10572,575,1769,221,270,492,0.25,2.0
B05-M10,5,25,elite,0,caster,3329,289,889,111,200,456,0.25,2.0
B05-M10,5,25,elite,1,caster,4661,347,1067,133,220,480,0.25,2.0
B05-M10,5,25,elite,2,caster,6659,433,1334,167,240,504,0.25,2.0
B05-M10,5,25,elite,3,caster,9322,535,1645,206,260,528,0.25,2.0
B05-M10,5,25,elite,4,caster,13318,665,2045,256,280,552,0.25,2.0
B05-M10,5,25,normal,0,caster,2775,258,794,99,200,408,0.25,2.0
B05-M10,5,25,normal,1,caster,3884,310,953,119,220,432,0.25,2.0
B05-M10,5,25,normal,2,caster,5549,387,1191,149,240,456,0.25,2.0
B05-M10,5,25,normal,3,caster,7769,477,1468,184,260,480,0.25,2.0
B05-M10,5,25,normal,4,caster,11098,593,1826,228,280,504,0.25,2.0
B05-M11,5,21,elite,0,tank,9450,296,0,0,494,325,0.25,2.0
B05-M11,5,21,elite,1,tank,13229,356,0,0,520,351,0.25,2.0
B05-M11,5,21,elite,2,tank,18899,445,0,0,546,377,0.25,2.0
B05-M11,5,21,elite,3,tank,26459,548,0,0,572,403,0.25,2.0
B05-M11,5,21,elite,4,tank,37798,682,0,0,598,429,0.25,2.0
B05-M11,5,21,normal,0,tank,7875,265,0,0,494,273,0.25,2.0
B05-M11,5,21,normal,1,tank,11025,318,0,0,520,299,0.25,2.0
B05-M11,5,21,normal,2,tank,15749,397,0,0,546,325,0.25,2.0
B05-M11,5,21,normal,3,tank,22049,490,0,0,572,351,0.25,2.0
B05-M11,5,21,normal,4,tank,31499,609,0,0,598,377,0.25,2.0
B05-M11,5,23,elite,0,tank,9945,306,0,0,507,338,0.25,2.0
B05-M11,5,23,elite,1,tank,13922,368,0,0,533,364,0.25,2.0
B05-M11,5,23,elite,2,tank,19889,459,0,0,559,390,0.25,2.0
B05-M11,5,23,elite,3,tank,27845,567,0,0,585,416,0.25,2.0
B05-M11,5,23,elite,4,tank,39778,704,0,0,611,442,0.25,2.0
B05-M11,5,23,normal,0,tank,8287,273,0,0,507,286,0.25,2.0
B05-M11,5,23,normal,1,tank,11602,328,0,0,533,312,0.25,2.0
B05-M11,5,23,normal,2,tank,16574,410,0,0,559,338,0.25,2.0
B05-M11,5,23,normal,3,tank,23204,506,0,0,585,364,0.25,2.0
B05-M11,5,23,normal,4,tank,33149,629,0,0,611,390,0.25,2.0
B05-M11,5,25,elite,0,tank,10440,316,0,0,520,351,0.25,2.0
B05-M11,5,25,elite,1,tank,14615,379,0,0,546,377,0.25,2.0
B05-M11,5,25,elite,2,tank,20879,474,0,0,572,403,0.25,2.0
B05-M11,5,25,elite,3,tank,29231,585,0,0,598,429,0.25,2.0
B05-M11,5,25,elite,4,tank,41758,727,0,0,624,455,0.25,2.0
B05-M11,5,25,normal,0,tank,8700,282,0,0,520,299,0.25,2.0
B05-M11,5,25,normal,1,tank,12180,339,0,0,546,325,0.25,2.0
B05-M11,5,25,normal,2,tank,17399,423,0,0,572,351,0.25,2.0
B05-M11,5,25,normal,3,tank,24359,522,0,0,598,377,0.25,2.0
B05-M11,5,25,normal,4,tank,34799,649,0,0,624,403,0.25,2.0
B05-M12,5,21,elite,0,ranged,4109,720,0,0,240,250,0.35,2.25
B05-M12,5,21,elite,1,ranged,5752,864,0,0,260,270,0.35,2.25
B05-M12,5,21,elite,2,ranged,8217,1080,0,0,280,290,0.35,2.25
B05-M12,5,21,elite,3,ranged,11504,1332,0,0,300,310,0.35,2.25
B05-M12,5,21,elite,4,ranged,16434,1656,0,0,320,330,0.35,2.25
B05-M12,5,21,normal,0,ranged,3424,643,0,0,240,210,0.35,2.25
B05-M12,5,21,normal,1,ranged,4793,771,0,0,260,230,0.35,2.25
B05-M12,5,21,normal,2,ranged,6848,964,0,0,280,250,0.35,2.25
B05-M12,5,21,normal,3,ranged,9587,1189,0,0,300,270,0.35,2.25
B05-M12,5,21,normal,4,ranged,13695,1479,0,0,320,290,0.35,2.25
B05-M12,5,23,elite,0,ranged,4324,744,0,0,250,260,0.35,2.25
B05-M12,5,23,elite,1,ranged,6053,893,0,0,270,280,0.35,2.25
B05-M12,5,23,elite,2,ranged,8647,1116,0,0,290,300,0.35,2.25
B05-M12,5,23,elite,3,ranged,12106,1376,0,0,310,320,0.35,2.25
B05-M12,5,23,elite,4,ranged,17295,1711,0,0,330,340,0.35,2.25
B05-M12,5,23,normal,0,ranged,3603,664,0,0,250,220,0.35,2.25
B05-M12,5,23,normal,1,ranged,5044,797,0,0,270,240,0.35,2.25
B05-M12,5,23,normal,2,ranged,7206,996,0,0,290,260,0.35,2.25
B05-M12,5,23,normal,3,ranged,10089,1229,0,0,310,280,0.35,2.25
B05-M12,5,23,normal,4,ranged,14412,1528,0,0,330,300,0.35,2.25
B05-M12,5,25,elite,0,ranged,4539,768,0,0,260,270,0.35,2.25
B05-M12,5,25,elite,1,ranged,6355,922,0,0,280,290,0.35,2.25
B05-M12,5,25,elite,2,ranged,9078,1152,0,0,300,310,0.35,2.25
B05-M12,5,25,elite,3,ranged,12709,1421,0,0,320,330,0.35,2.25
B05-M12,5,25,elite,4,ranged,18156,1766,0,0,340,350,0.35,2.25
B05-M12,5,25,normal,0,ranged,3782,686,0,0,260,230,0.35,2.25
B05-M12,5,25,normal,1,ranged,5295,823,0,0,280,250,0.35,2.25
B05-M12,5,25,normal,2,ranged,7565,1029,0,0,300,270,0.35,2.25
B05-M12,5,25,normal,3,ranged,10591,1269,0,0,320,290,0.35,2.25
B05-M12,5,25,normal,4,ranged,15130,1577,0,0,340,310,0.35,2.25
B05-M13,5,21,elite,0,warrior,6284,623,0,0,270,299,0.25,2.0
B05-M13,5,21,elite,1,warrior,8797,747,0,0,290,322,0.25,2.0
B05-M13,5,21,elite,2,warrior,12567,934,0,0,310,345,0.25,2.0
B05-M13,5,21,elite,3,warrior,17594,1152,0,0,330,368,0.25,2.0
B05-M13,5,21,elite,4,warrior,25135,1432,0,0,350,391,0.25,2.0
B05-M13,5,21,normal,0,warrior,5236,556,0,0,270,253,0.25,2.0
B05-M13,5,21,normal,1,warrior,7331,667,0,0,290,276,0.25,2.0
B05-M13,5,21,normal,2,warrior,10473,834,0,0,310,299,0.25,2.0
B05-M13,5,21,normal,3,warrior,14662,1029,0,0,330,322,0.25,2.0
B05-M13,5,21,normal,4,warrior,20945,1279,0,0,350,345,0.25,2.0
B05-M13,5,23,elite,0,warrior,6613,643,0,0,280,311,0.25,2.0
B05-M13,5,23,elite,1,warrior,9258,772,0,0,300,334,0.25,2.0
B05-M13,5,23,elite,2,warrior,13226,965,0,0,320,357,0.25,2.0
B05-M13,5,23,elite,3,warrior,18516,1190,0,0,340,380,0.25,2.0
B05-M13,5,23,elite,4,warrior,26451,1480,0,0,360,403,0.25,2.0
B05-M13,5,23,normal,0,warrior,5511,575,0,0,280,265,0.25,2.0
B05-M13,5,23,normal,1,warrior,7715,689,0,0,300,288,0.25,2.0
B05-M13,5,23,normal,2,warrior,11021,862,0,0,320,311,0.25,2.0
B05-M13,5,23,normal,3,warrior,15430,1063,0,0,340,334,0.25,2.0
B05-M13,5,23,normal,4,warrior,22043,1321,0,0,360,357,0.25,2.0
B05-M13,5,25,elite,0,warrior,6942,664,0,0,290,322,0.25,2.0
B05-M13,5,25,elite,1,warrior,9719,797,0,0,310,345,0.25,2.0
B05-M13,5,25,elite,2,warrior,13884,996,0,0,330,368,0.25,2.0
B05-M13,5,25,elite,3,warrior,19437,1229,0,0,350,391,0.25,2.0
B05-M13,5,25,elite,4,warrior,27768,1528,0,0,370,414,0.25,2.0
B05-M13,5,25,normal,0,warrior,5785,593,0,0,290,276,0.25,2.0
B05-M13,5,25,normal,1,warrior,8099,712,0,0,310,299,0.25,2.0
B05-M13,5,25,normal,2,warrior,11570,890,0,0,330,322,0.25,2.0
B05-M13,5,25,normal,3,warrior,16198,1097,0,0,350,345,0.25,2.0
B05-M13,5,25,normal,4,warrior,23140,1364,0,0,370,368,0.25,2.0
B05-M14,5,21,elite,0,caster,3014,271,833,104,180,432,0.25,2.0
B05-M14,5,21,elite,1,caster,4219,325,1000,125,200,456,0.25,2.0
B05-M14,5,21,elite,2,caster,6027,406,1250,156,220,480,0.25,2.0
B05-M14,5,21,elite,3,caster,8438,501,1542,193,240,504,0.25,2.0
B05-M14,5,21,elite,4,caster,12055,623,1917,240,260,528,0.25,2.0
B05-M14,5,21,normal,0,caster,2511,242,744,93,180,384,0.25,2.0
B05-M14,5,21,normal,1,caster,3516,290,893,112,200,408,0.25,2.0
B05-M14,5,21,normal,2,caster,5023,363,1116,140,220,432,0.25,2.0
B05-M14,5,21,normal,3,caster,7032,447,1377,172,240,456,0.25,2.0
B05-M14,5,21,normal,4,caster,10046,556,1712,214,260,480,0.25,2.0
B05-M14,5,23,elite,0,caster,3172,280,861,108,190,444,0.25,2.0
B05-M14,5,23,elite,1,caster,4440,336,1033,129,210,468,0.25,2.0
B05-M14,5,23,elite,2,caster,6343,420,1292,161,230,492,0.25,2.0
B05-M14,5,23,elite,3,caster,8880,518,1593,199,250,516,0.25,2.0
B05-M14,5,23,elite,4,caster,12686,644,1981,248,270,540,0.25,2.0
B05-M14,5,23,normal,0,caster,2643,250,769,96,190,396,0.25,2.0
B05-M14,5,23,normal,1,caster,3700,300,923,115,210,420,0.25,2.0
B05-M14,5,23,normal,2,caster,5286,375,1153,144,230,444,0.25,2.0
B05-M14,5,23,normal,3,caster,7400,462,1423,178,250,468,0.25,2.0
B05-M14,5,23,normal,4,caster,10572,575,1769,221,270,492,0.25,2.0
B05-M14,5,25,elite,0,caster,3329,289,889,111,200,456,0.25,2.0
B05-M14,5,25,elite,1,caster,4661,347,1067,133,220,480,0.25,2.0
B05-M14,5,25,elite,2,caster,6659,433,1334,167,240,504,0.25,2.0
B05-M14,5,25,elite,3,caster,9322,535,1645,206,260,528,0.25,2.0
B05-M14,5,25,elite,4,caster,13318,665,2045,256,280,552,0.25,2.0
B05-M14,5,25,normal,0,caster,2775,258,794,99,200,408,0.25,2.0
B05-M14,5,25,normal,1,caster,3884,310,953,119,220,432,0.25,2.0
B05-M14,5,25,normal,2,caster,5549,387,1191,149,240,456,0.25,2.0
B05-M14,5,25,normal,3,caster,7769,477,1468,184,260,480,0.25,2.0
B05-M14,5,25,normal,4,caster,11098,593,1826,228,280,504,0.25,2.0
B05-M15,5,21,elite,0,warrior,6284,623,0,0,270,299,0.25,2.0
B05-M15,5,21,elite,1,warrior,8797,747,0,0,290,322,0.25,2.0
B05-M15,5,21,elite,2,warrior,12567,934,0,0,310,345,0.25,2.0
B05-M15,5,21,elite,3,warrior,17594,1152,0,0,330,368,0.25,2.0
B05-M15,5,21,elite,4,warrior,25135,1432,0,0,350,391,0.25,2.0
B05-M15,5,21,normal,0,warrior,5236,556,0,0,270,253,0.25,2.0
B05-M15,5,21,normal,1,warrior,7331,667,0,0,290,276,0.25,2.0
B05-M15,5,21,normal,2,warrior,10473,834,0,0,310,299,0.25,2.0
B05-M15,5,21,normal,3,warrior,14662,1029,0,0,330,322,0.25,2.0
B05-M15,5,21,normal,4,warrior,20945,1279,0,0,350,345,0.25,2.0
B05-M15,5,23,elite,0,warrior,6613,643,0,0,280,311,0.25,2.0
B05-M15,5,23,elite,1,warrior,9258,772,0,0,300,334,0.25,2.0
B05-M15,5,23,elite,2,warrior,13226,965,0,0,320,357,0.25,2.0
B05-M15,5,23,elite,3,warrior,18516,1190,0,0,340,380,0.25,2.0
B05-M15,5,23,elite,4,warrior,26451,1480,0,0,360,403,0.25,2.0
B05-M15,5,23,normal,0,warrior,5511,575,0,0,280,265,0.25,2.0
B05-M15,5,23,normal,1,warrior,7715,689,0,0,300,288,0.25,2.0
B05-M15,5,23,normal,2,warrior,11021,862,0,0,320,311,0.25,2.0
B05-M15,5,23,normal,3,warrior,15430,1063,0,0,340,334,0.25,2.0
B05-M15,5,23,normal,4,warrior,22043,1321,0,0,360,357,0.25,2.0
B05-M15,5,25,elite,0,warrior,6942,664,0,0,290,322,0.25,2.0
B05-M15,5,25,elite,1,warrior,9719,797,0,0,310,345,0.25,2.0
B05-M15,5,25,elite,2,warrior,13884,996,0,0,330,368,0.25,2.0
B05-M15,5,25,elite,3,warrior,19437,1229,0,0,350,391,0.25,2.0
B05-M15,5,25,elite,4,warrior,27768,1528,0,0,370,414,0.25,2.0
B05-M15,5,25,normal,0,warrior,5785,593,0,0,290,276,0.25,2.0
B05-M15,5,25,normal,1,warrior,8099,712,0,0,310,299,0.25,2.0
B05-M15,5,25,normal,2,warrior,11570,890,0,0,330,322,0.25,2.0
B05-M15,5,25,normal,3,warrior,16198,1097,0,0,350,345,0.25,2.0
B05-M15,5,25,normal,4,warrior,23140,1364,0,0,370,368,0.25,2.0
B05-M16,5,21,elite,0,ranged,4109,720,0,0,240,250,0.35,2.25
B05-M16,5,21,elite,1,ranged,5752,864,0,0,260,270,0.35,2.25
B05-M16,5,21,elite,2,ranged,8217,1080,0,0,280,290,0.35,2.25
B05-M16,5,21,elite,3,ranged,11504,1332,0,0,300,310,0.35,2.25
B05-M16,5,21,elite,4,ranged,16434,1656,0,0,320,330,0.35,2.25
B05-M16,5,21,normal,0,ranged,3424,643,0,0,240,210,0.35,2.25
B05-M16,5,21,normal,1,ranged,4793,771,0,0,260,230,0.35,2.25
B05-M16,5,21,normal,2,ranged,6848,964,0,0,280,250,0.35,2.25
B05-M16,5,21,normal,3,ranged,9587,1189,0,0,300,270,0.35,2.25
B05-M16,5,21,normal,4,ranged,13695,1479,0,0,320,290,0.35,2.25
B05-M16,5,23,elite,0,ranged,4324,744,0,0,250,260,0.35,2.25
B05-M16,5,23,elite,1,ranged,6053,893,0,0,270,280,0.35,2.25
B05-M16,5,23,elite,2,ranged,8647,1116,0,0,290,300,0.35,2.25
B05-M16,5,23,elite,3,ranged,12106,1376,0,0,310,320,0.35,2.25
B05-M16,5,23,elite,4,ranged,17295,1711,0,0,330,340,0.35,2.25
B05-M16,5,23,normal,0,ranged,3603,664,0,0,250,220,0.35,2.25
B05-M16,5,23,normal,1,ranged,5044,797,0,0,270,240,0.35,2.25
B05-M16,5,23,normal,2,ranged,7206,996,0,0,290,260,0.35,2.25
B05-M16,5,23,normal,3,ranged,10089,1229,0,0,310,280,0.35,2.25
B05-M16,5,23,normal,4,ranged,14412,1528,0,0,330,300,0.35,2.25
B05-M16,5,25,elite,0,ranged,4539,768,0,0,260,270,0.35,2.25
B05-M16,5,25,elite,1,ranged,6355,922,0,0,280,290,0.35,2.25
B05-M16,5,25,elite,2,ranged,9078,1152,0,0,300,310,0.35,2.25
B05-M16,5,25,elite,3,ranged,12709,1421,0,0,320,330,0.35,2.25
B05-M16,5,25,elite,4,ranged,18156,1766,0,0,340,350,0.35,2.25
B05-M16,5,25,normal,0,ranged,3782,686,0,0,260,230,0.35,2.25
B05-M16,5,25,normal,1,ranged,5295,823,0,0,280,250,0.35,2.25
B05-M16,5,25,normal,2,ranged,7565,1029,0,0,300,270,0.35,2.25
B05-M16,5,25,normal,3,ranged,10591,1269,0,0,320,290,0.35,2.25
B05-M16,5,25,normal,4,ranged,15130,1577,0,0,340,310,0.35,2.25
B05-M17,5,21,elite,0,tank,9450,296,0,0,494,325,0.25,2.0
B05-M17,5,21,elite,1,tank,13229,356,0,0,520,351,0.25,2.0
B05-M17,5,21,elite,2,tank,18899,445,0,0,546,377,0.25,2.0
B05-M17,5,21,elite,3,tank,26459,548,0,0,572,403,0.25,2.0
B05-M17,5,21,elite,4,tank,37798,682,0,0,598,429,0.25,2.0
B05-M17,5,21,normal,0,tank,7875,265,0,0,494,273,0.25,2.0
B05-M17,5,21,normal,1,tank,11025,318,0,0,520,299,0.25,2.0
B05-M17,5,21,normal,2,tank,15749,397,0,0,546,325,0.25,2.0
B05-M17,5,21,normal,3,tank,22049,490,0,0,572,351,0.25,2.0
B05-M17,5,21,normal,4,tank,31499,609,0,0,598,377,0.25,2.0
B05-M17,5,23,elite,0,tank,9945,306,0,0,507,338,0.25,2.0
B05-M17,5,23,elite,1,tank,13922,368,0,0,533,364,0.25,2.0
B05-M17,5,23,elite,2,tank,19889,459,0,0,559,390,0.25,2.0
B05-M17,5,23,elite,3,tank,27845,567,0,0,585,416,0.25,2.0
B05-M17,5,23,elite,4,tank,39778,704,0,0,611,442,0.25,2.0
B05-M17,5,23,normal,0,tank,8287,273,0,0,507,286,0.25,2.0
B05-M17,5,23,normal,1,tank,11602,328,0,0,533,312,0.25,2.0
B05-M17,5,23,normal,2,tank,16574,410,0,0,559,338,0.25,2.0
B05-M17,5,23,normal,3,tank,23204,506,0,0,585,364,0.25,2.0
B05-M17,5,23,normal,4,tank,33149,629,0,0,611,390,0.25,2.0
B05-M17,5,25,elite,0,tank,10440,316,0,0,520,351,0.25,2.0
B05-M17,5,25,elite,1,tank,14615,379,0,0,546,377,0.25,2.0
B05-M17,5,25,elite,2,tank,20879,474,0,0,572,403,0.25,2.0
B05-M17,5,25,elite,3,tank,29231,585,0,0,598,429,0.25,2.0
B05-M17,5,25,elite,4,tank,41758,727,0,0,624,455,0.25,2.0
B05-M17,5,25,normal,0,tank,8700,282,0,0,520,299,0.25,2.0
B05-M17,5,25,normal,1,tank,12180,339,0,0,546,325,0.25,2.0
B05-M17,5,25,normal,2,tank,17399,423,0,0,572,351,0.25,2.0
B05-M17,5,25,normal,3,tank,24359,522,0,0,598,377,0.25,2.0
B05-M17,5,25,normal,4,tank,34799,649,0,0,624,403,0.25,2.0
B05-M18,5,21,elite,0,support,4870,296,0,0,240,366,0.25,2.0
B05-M18,5,21,elite,1,support,6818,356,0,0,264,390,0.25,2.0
B05-M18,5,21,elite,2,support,9740,445,0,0,288,414,0.25,2.0
B05-M18,5,21,elite,3,support,13635,548,0,0,312,438,0.25,2.0
B05-M18,5,21,elite,4,support,19479,682,0,0,336,462,0.25,2.0
B05-M18,5,21,normal,0,support,4058,265,0,0,240,318,0.25,2.0
B05-M18,5,21,normal,1,support,5681,318,0,0,264,342,0.25,2.0
B05-M18,5,21,normal,2,support,8116,397,0,0,288,366,0.25,2.0
B05-M18,5,21,normal,3,support,11363,490,0,0,312,390,0.25,2.0
B05-M18,5,21,normal,4,support,16233,609,0,0,336,414,0.25,2.0
B05-M18,5,23,elite,0,support,5125,306,0,0,252,378,0.25,2.0
B05-M18,5,23,elite,1,support,7175,368,0,0,276,402,0.25,2.0
B05-M18,5,23,elite,2,support,10250,459,0,0,300,426,0.25,2.0
B05-M18,5,23,elite,3,support,14350,567,0,0,324,450,0.25,2.0
B05-M18,5,23,elite,4,support,20500,704,0,0,348,474,0.25,2.0
B05-M18,5,23,normal,0,support,4271,273,0,0,252,330,0.25,2.0
B05-M18,5,23,normal,1,support,5979,328,0,0,276,354,0.25,2.0
B05-M18,5,23,normal,2,support,8541,410,0,0,300,378,0.25,2.0
B05-M18,5,23,normal,3,support,11958,506,0,0,324,402,0.25,2.0
B05-M18,5,23,normal,4,support,17083,629,0,0,348,426,0.25,2.0
B05-M18,5,25,elite,0,support,5380,316,0,0,264,390,0.25,2.0
B05-M18,5,25,elite,1,support,7532,379,0,0,288,414,0.25,2.0
B05-M18,5,25,elite,2,support,10760,474,0,0,312,438,0.25,2.0
B05-M18,5,25,elite,3,support,15064,585,0,0,336,462,0.25,2.0
B05-M18,5,25,elite,4,support,21520,727,0,0,360,486,0.25,2.0
B05-M18,5,25,normal,0,support,4483,282,0,0,264,342,0.25,2.0
B05-M18,5,25,normal,1,support,6277,339,0,0,288,366,0.25,2.0
B05-M18,5,25,normal,2,support,8967,423,0,0,312,390,0.25,2.0
B05-M18,5,25,normal,3,support,12553,522,0,0,336,414,0.25,2.0
B05-M18,5,25,normal,4,support,17933,649,0,0,360,438,0.25,2.0
BO05,5,25,boss,0,boss,39695,428,0,0,260,260,0.25,2.0
BO05,5,25,boss,1,boss,55573,514,0,0,290,290,0.25,2.0
BO05,5,25,boss,2,boss,79390,642,0,0,320,320,0.25,2.0
BO05,5,25,boss,3,boss,111146,792,0,0,350,350,0.25,2.0
BO05,5,25,boss,4,boss,158780,984,0,0,380,380,0.25,2.0
B06-M01,6,26,elite,0,warrior,7683,715,0,0,305,339,0.25,2.0
B06-M01,6,26,elite,1,warrior,10756,859,0,0,325,362,0.25,2.0
B06-M01,6,26,elite,2,warrior,15365,1073,0,0,345,385,0.25,2.0
B06-M01,6,26,elite,3,warrior,21512,1324,0,0,365,408,0.25,2.0
B06-M01,6,26,elite,4,warrior,30731,1646,0,0,385,431,0.25,2.0
B06-M01,6,26,normal,0,warrior,6402,639,0,0,305,293,0.25,2.0
B06-M01,6,26,normal,1,warrior,8963,767,0,0,325,316,0.25,2.0
B06-M01,6,26,normal,2,warrior,12804,958,0,0,345,339,0.25,2.0
B06-M01,6,26,normal,3,warrior,17926,1182,0,0,365,362,0.25,2.0
B06-M01,6,26,normal,4,warrior,25609,1469,0,0,385,385,0.25,2.0
B06-M01,6,28,elite,0,warrior,8039,737,0,0,315,351,0.25,2.0
B06-M01,6,28,elite,1,warrior,11254,885,0,0,335,374,0.25,2.0
B06-M01,6,28,elite,2,warrior,16077,1106,0,0,355,397,0.25,2.0
B06-M01,6,28,elite,3,warrior,22508,1364,0,0,375,420,0.25,2.0
B06-M01,6,28,elite,4,warrior,32154,1696,0,0,395,443,0.25,2.0
B06-M01,6,28,normal,0,warrior,6699,658,0,0,315,305,0.25,2.0
B06-M01,6,28,normal,1,warrior,9378,790,0,0,335,328,0.25,2.0
B06-M01,6,28,normal,2,warrior,13398,988,0,0,355,351,0.25,2.0
B06-M01,6,28,normal,3,warrior,18757,1218,0,0,375,374,0.25,2.0
B06-M01,6,28,normal,4,warrior,26795,1514,0,0,395,397,0.25,2.0
B06-M01,6,30,elite,0,warrior,8394,760,0,0,325,362,0.25,2.0
B06-M01,6,30,elite,1,warrior,11752,911,0,0,345,385,0.25,2.0
B06-M01,6,30,elite,2,warrior,16789,1139,0,0,365,408,0.25,2.0
B06-M01,6,30,elite,3,warrior,23504,1405,0,0,385,431,0.25,2.0
B06-M01,6,30,elite,4,warrior,33577,1747,0,0,405,454,0.25,2.0
B06-M01,6,30,normal,0,warrior,6995,678,0,0,325,316,0.25,2.0
B06-M01,6,30,normal,1,warrior,9793,814,0,0,345,339,0.25,2.0
B06-M01,6,30,normal,2,warrior,13991,1017,0,0,365,362,0.25,2.0
B06-M01,6,30,normal,3,warrior,19587,1255,0,0,385,385,0.25,2.0
B06-M01,6,30,normal,4,warrior,27981,1560,0,0,405,408,0.25,2.0
B06-M02,6,26,elite,0,ranged,5023,827,0,0,275,285,0.35,2.25
B06-M02,6,26,elite,1,ranged,7033,993,0,0,295,305,0.35,2.25
B06-M02,6,26,elite,2,ranged,10047,1241,0,0,315,325,0.35,2.25
B06-M02,6,26,elite,3,ranged,14065,1530,0,0,335,345,0.35,2.25
B06-M02,6,26,elite,4,ranged,20093,1903,0,0,355,365,0.35,2.25
B06-M02,6,26,normal,0,ranged,4186,739,0,0,275,245,0.35,2.25
B06-M02,6,26,normal,1,ranged,5861,886,0,0,295,265,0.35,2.25
B06-M02,6,26,normal,2,ranged,8372,1108,0,0,315,285,0.35,2.25
B06-M02,6,26,normal,3,ranged,11721,1366,0,0,335,305,0.35,2.25
B06-M02,6,26,normal,4,ranged,16744,1699,0,0,355,325,0.35,2.25
B06-M02,6,28,elite,0,ranged,5256,853,0,0,285,295,0.35,2.25
B06-M02,6,28,elite,1,ranged,7358,1023,0,0,305,315,0.35,2.25
B06-M02,6,28,elite,2,ranged,10512,1279,0,0,325,335,0.35,2.25
B06-M02,6,28,elite,3,ranged,14717,1578,0,0,345,355,0.35,2.25
B06-M02,6,28,elite,4,ranged,21024,1961,0,0,365,375,0.35,2.25
B06-M02,6,28,normal,0,ranged,4380,761,0,0,285,255,0.35,2.25
B06-M02,6,28,normal,1,ranged,6132,914,0,0,305,275,0.35,2.25
B06-M02,6,28,normal,2,ranged,8760,1142,0,0,325,295,0.35,2.25
B06-M02,6,28,normal,3,ranged,12264,1409,0,0,345,315,0.35,2.25
B06-M02,6,28,normal,4,ranged,17520,1751,0,0,365,335,0.35,2.25
B06-M02,6,30,elite,0,ranged,5489,878,0,0,295,305,0.35,2.25
B06-M02,6,30,elite,1,ranged,7684,1054,0,0,315,325,0.35,2.25
B06-M02,6,30,elite,2,ranged,10977,1317,0,0,335,345,0.35,2.25
B06-M02,6,30,elite,3,ranged,15368,1625,0,0,355,365,0.35,2.25
B06-M02,6,30,elite,4,ranged,21954,2020,0,0,375,385,0.35,2.25
B06-M02,6,30,normal,0,ranged,4574,784,0,0,295,265,0.35,2.25
B06-M02,6,30,normal,1,ranged,6403,941,0,0,315,285,0.35,2.25
B06-M02,6,30,normal,2,ranged,9148,1176,0,0,335,305,0.35,2.25
B06-M02,6,30,normal,3,ranged,12807,1451,0,0,355,325,0.35,2.25
B06-M02,6,30,normal,4,ranged,18295,1803,0,0,375,345,0.35,2.25
B06-M03,6,26,elite,0,tank,11554,341,0,0,540,371,0.25,2.0
B06-M03,6,26,elite,1,tank,16175,409,0,0,566,397,0.25,2.0
B06-M03,6,26,elite,2,tank,23107,511,0,0,592,423,0.25,2.0
B06-M03,6,26,elite,3,tank,32350,630,0,0,618,449,0.25,2.0
B06-M03,6,26,elite,4,tank,46214,783,0,0,644,475,0.25,2.0
B06-M03,6,26,normal,0,tank,9628,304,0,0,540,319,0.25,2.0
B06-M03,6,26,normal,1,tank,13479,365,0,0,566,345,0.25,2.0
B06-M03,6,26,normal,2,tank,19256,456,0,0,592,371,0.25,2.0
B06-M03,6,26,normal,3,tank,26958,562,0,0,618,397,0.25,2.0
B06-M03,6,26,normal,4,tank,38512,699,0,0,644,423,0.25,2.0
B06-M03,6,28,elite,0,tank,12089,351,0,0,553,384,0.25,2.0
B06-M03,6,28,elite,1,tank,16924,421,0,0,579,410,0.25,2.0
B06-M03,6,28,elite,2,tank,24177,527,0,0,605,436,0.25,2.0
B06-M03,6,28,elite,3,tank,33848,649,0,0,631,462,0.25,2.0
B06-M03,6,28,elite,4,tank,48355,807,0,0,657,488,0.25,2.0
B06-M03,6,28,normal,0,tank,10074,313,0,0,553,332,0.25,2.0
B06-M03,6,28,normal,1,tank,14103,376,0,0,579,358,0.25,2.0
B06-M03,6,28,normal,2,tank,20148,470,0,0,605,384,0.25,2.0
B06-M03,6,28,normal,3,tank,28207,580,0,0,631,410,0.25,2.0
B06-M03,6,28,normal,4,tank,40296,721,0,0,657,436,0.25,2.0
B06-M03,6,30,elite,0,tank,12624,361,0,0,566,397,0.25,2.0
B06-M03,6,30,elite,1,tank,17673,434,0,0,592,423,0.25,2.0
B06-M03,6,30,elite,2,tank,25248,542,0,0,618,449,0.25,2.0
B06-M03,6,30,elite,3,tank,35347,669,0,0,644,475,0.25,2.0
B06-M03,6,30,elite,4,tank,50495,831,0,0,670,501,0.25,2.0
B06-M03,6,30,normal,0,tank,10520,323,0,0,566,345,0.25,2.0
B06-M03,6,30,normal,1,tank,14728,387,0,0,592,371,0.25,2.0
B06-M03,6,30,normal,2,tank,21040,484,0,0,618,397,0.25,2.0
B06-M03,6,30,normal,3,tank,29456,597,0,0,644,423,0.25,2.0
B06-M03,6,30,normal,4,tank,42079,742,0,0,670,449,0.25,2.0
B06-M04,6,26,elite,0,assassin,2128,1100,0,0,193,260,0.4,2.5
B06-M04,6,26,elite,1,assassin,2979,1320,0,0,213,280,0.4,2.5
B06-M04,6,26,elite,2,assassin,4255,1650,0,0,233,300,0.4,2.5
B06-M04,6,26,elite,3,assassin,5957,2035,0,0,253,320,0.4,2.5
B06-M04,6,26,elite,4,assassin,8510,2530,0,0,273,340,0.4,2.5
B06-M04,6,26,normal,0,assassin,1773,982,0,0,193,220,0.4,2.5
B06-M04,6,26,normal,1,assassin,2482,1179,0,0,213,240,0.4,2.5
B06-M04,6,26,normal,2,assassin,3546,1473,0,0,233,260,0.4,2.5
B06-M04,6,26,normal,3,assassin,4964,1817,0,0,253,280,0.4,2.5
B06-M04,6,26,normal,4,assassin,7092,2259,0,0,273,300,0.4,2.5
B06-M04,6,28,elite,0,assassin,2226,1134,0,0,203,270,0.4,2.5
B06-M04,6,28,elite,1,assassin,3116,1361,0,0,223,290,0.4,2.5
B06-M04,6,28,elite,2,assassin,4452,1701,0,0,243,310,0.4,2.5
B06-M04,6,28,elite,3,assassin,6233,2098,0,0,263,330,0.4,2.5
B06-M04,6,28,elite,4,assassin,8904,2608,0,0,283,350,0.4,2.5
B06-M04,6,28,normal,0,assassin,1855,1012,0,0,203,230,0.4,2.5
B06-M04,6,28,normal,1,assassin,2597,1215,0,0,223,250,0.4,2.5
B06-M04,6,28,normal,2,assassin,3710,1519,0,0,243,270,0.4,2.5
B06-M04,6,28,normal,3,assassin,5194,1873,0,0,263,290,0.4,2.5
B06-M04,6,28,normal,4,assassin,7420,2329,0,0,283,310,0.4,2.5
B06-M04,6,30,elite,0,assassin,2325,1168,0,0,213,280,0.4,2.5
B06-M04,6,30,elite,1,assassin,3254,1401,0,0,233,300,0.4,2.5
B06-M04,6,30,elite,2,assassin,4649,1752,0,0,253,320,0.4,2.5
B06-M04,6,30,elite,3,assassin,6509,2160,0,0,273,340,0.4,2.5
B06-M04,6,30,elite,4,assassin,9298,2686,0,0,293,360,0.4,2.5
B06-M04,6,30,normal,0,assassin,1937,1043,0,0,213,240,0.4,2.5
B06-M04,6,30,normal,1,assassin,2712,1251,0,0,233,260,0.4,2.5
B06-M04,6,30,normal,2,assassin,3874,1564,0,0,253,280,0.4,2.5
B06-M04,6,30,normal,3,assassin,5424,1929,0,0,273,300,0.4,2.5
B06-M04,6,30,normal,4,assassin,7749,2398,0,0,293,320,0.4,2.5
B06-M05,6,26,elite,0,support,5954,341,0,0,282,408,0.25,2.0
B06-M05,6,26,elite,1,support,8336,409,0,0,306,432,0.25,2.0
B06-M05,6,26,elite,2,support,11908,511,0,0,330,456,0.25,2.0
B06-M05,6,26,elite,3,support,16671,630,0,0,354,480,0.25,2.0
B06-M05,6,26,elite,4,support,23816,783,0,0,378,504,0.25,2.0
B06-M05,6,26,normal,0,support,4962,304,0,0,282,360,0.25,2.0
B06-M05,6,26,normal,1,support,6946,365,0,0,306,384,0.25,2.0
B06-M05,6,26,normal,2,support,9923,456,0,0,330,408,0.25,2.0
B06-M05,6,26,normal,3,support,13893,562,0,0,354,432,0.25,2.0
B06-M05,6,26,normal,4,support,19847,699,0,0,378,456,0.25,2.0
B06-M05,6,28,elite,0,support,6230,351,0,0,294,420,0.25,2.0
B06-M05,6,28,elite,1,support,8722,421,0,0,318,444,0.25,2.0
B06-M05,6,28,elite,2,support,12460,527,0,0,342,468,0.25,2.0
B06-M05,6,28,elite,3,support,17444,649,0,0,366,492,0.25,2.0
B06-M05,6,28,elite,4,support,24919,807,0,0,390,516,0.25,2.0
B06-M05,6,28,normal,0,support,5192,313,0,0,294,372,0.25,2.0
B06-M05,6,28,normal,1,support,7268,376,0,0,318,396,0.25,2.0
B06-M05,6,28,normal,2,support,10383,470,0,0,342,420,0.25,2.0
B06-M05,6,28,normal,3,support,14536,580,0,0,366,444,0.25,2.0
B06-M05,6,28,normal,4,support,20766,721,0,0,390,468,0.25,2.0
B06-M05,6,30,elite,0,support,6506,361,0,0,306,432,0.25,2.0
B06-M05,6,30,elite,1,support,9108,434,0,0,330,456,0.25,2.0
B06-M05,6,30,elite,2,support,13011,542,0,0,354,480,0.25,2.0
B06-M05,6,30,elite,3,support,18216,669,0,0,378,504,0.25,2.0
B06-M05,6,30,elite,4,support,26022,831,0,0,402,528,0.25,2.0
B06-M05,6,30,normal,0,support,5421,323,0,0,306,384,0.25,2.0
B06-M05,6,30,normal,1,support,7590,387,0,0,330,408,0.25,2.0
B06-M05,6,30,normal,2,support,10843,484,0,0,354,432,0.25,2.0
B06-M05,6,30,normal,3,support,15180,597,0,0,378,456,0.25,2.0
B06-M05,6,30,normal,4,support,21685,742,0,0,402,480,0.25,2.0
B06-M06,6,26,elite,0,ranged,5023,827,0,0,275,285,0.35,2.25
B06-M06,6,26,elite,1,ranged,7033,993,0,0,295,305,0.35,2.25
B06-M06,6,26,elite,2,ranged,10047,1241,0,0,315,325,0.35,2.25
B06-M06,6,26,elite,3,ranged,14065,1530,0,0,335,345,0.35,2.25
B06-M06,6,26,elite,4,ranged,20093,1903,0,0,355,365,0.35,2.25
B06-M06,6,26,normal,0,ranged,4186,739,0,0,275,245,0.35,2.25
B06-M06,6,26,normal,1,ranged,5861,886,0,0,295,265,0.35,2.25
B06-M06,6,26,normal,2,ranged,8372,1108,0,0,315,285,0.35,2.25
B06-M06,6,26,normal,3,ranged,11721,1366,0,0,335,305,0.35,2.25
B06-M06,6,26,normal,4,ranged,16744,1699,0,0,355,325,0.35,2.25
B06-M06,6,28,elite,0,ranged,5256,853,0,0,285,295,0.35,2.25
B06-M06,6,28,elite,1,ranged,7358,1023,0,0,305,315,0.35,2.25
B06-M06,6,28,elite,2,ranged,10512,1279,0,0,325,335,0.35,2.25
B06-M06,6,28,elite,3,ranged,14717,1578,0,0,345,355,0.35,2.25
B06-M06,6,28,elite,4,ranged,21024,1961,0,0,365,375,0.35,2.25
B06-M06,6,28,normal,0,ranged,4380,761,0,0,285,255,0.35,2.25
B06-M06,6,28,normal,1,ranged,6132,914,0,0,305,275,0.35,2.25
B06-M06,6,28,normal,2,ranged,8760,1142,0,0,325,295,0.35,2.25
B06-M06,6,28,normal,3,ranged,12264,1409,0,0,345,315,0.35,2.25
B06-M06,6,28,normal,4,ranged,17520,1751,0,0,365,335,0.35,2.25
B06-M06,6,30,elite,0,ranged,5489,878,0,0,295,305,0.35,2.25
B06-M06,6,30,elite,1,ranged,7684,1054,0,0,315,325,0.35,2.25
B06-M06,6,30,elite,2,ranged,10977,1317,0,0,335,345,0.35,2.25
B06-M06,6,30,elite,3,ranged,15368,1625,0,0,355,365,0.35,2.25
B06-M06,6,30,elite,4,ranged,21954,2020,0,0,375,385,0.35,2.25
B06-M06,6,30,normal,0,ranged,4574,784,0,0,295,265,0.35,2.25
B06-M06,6,30,normal,1,ranged,6403,941,0,0,315,285,0.35,2.25
B06-M06,6,30,normal,2,ranged,9148,1176,0,0,335,305,0.35,2.25
B06-M06,6,30,normal,3,ranged,12807,1451,0,0,355,325,0.35,2.25
B06-M06,6,30,normal,4,ranged,18295,1803,0,0,375,345,0.35,2.25
B06-M07,6,26,elite,0,caster,3685,311,958,120,215,474,0.25,2.0
B06-M07,6,26,elite,1,caster,5159,373,1149,144,235,498,0.25,2.0
B06-M07,6,26,elite,2,caster,7369,467,1436,180,255,522,0.25,2.0
B06-M07,6,26,elite,3,caster,10317,576,1772,221,275,546,0.25,2.0
B06-M07,6,26,elite,4,caster,14739,716,2203,275,295,570,0.25,2.0
B06-M07,6,26,normal,0,caster,3071,278,855,107,215,426,0.25,2.0
B06-M07,6,26,normal,1,caster,4299,333,1026,128,235,450,0.25,2.0
B06-M07,6,26,normal,2,caster,6141,417,1283,160,255,474,0.25,2.0
B06-M07,6,26,normal,3,caster,8598,514,1582,198,275,498,0.25,2.0
B06-M07,6,26,normal,4,caster,12282,639,1967,246,295,522,0.25,2.0
B06-M07,6,28,elite,0,caster,3855,321,987,123,225,486,0.25,2.0
B06-M07,6,28,elite,1,caster,5398,385,1185,148,245,510,0.25,2.0
B06-M07,6,28,elite,2,caster,7711,481,1481,185,265,534,0.25,2.0
B06-M07,6,28,elite,3,caster,10795,593,1826,228,285,558,0.25,2.0
B06-M07,6,28,elite,4,caster,15422,738,2270,284,305,582,0.25,2.0
B06-M07,6,28,normal,0,caster,3213,286,881,110,225,438,0.25,2.0
B06-M07,6,28,normal,1,caster,4498,344,1058,132,245,462,0.25,2.0
B06-M07,6,28,normal,2,caster,6426,430,1322,165,265,486,0.25,2.0
B06-M07,6,28,normal,3,caster,8996,530,1630,204,285,510,0.25,2.0
B06-M07,6,28,normal,4,caster,12851,659,2027,253,305,534,0.25,2.0
B06-M07,6,30,elite,0,caster,4026,330,1017,127,235,498,0.25,2.0
B06-M07,6,30,elite,1,caster,5636,396,1220,152,255,522,0.25,2.0
B06-M07,6,30,elite,2,caster,8052,496,1525,191,275,546,0.25,2.0
B06-M07,6,30,elite,3,caster,11273,611,1881,235,295,570,0.25,2.0
B06-M07,6,30,elite,4,caster,16104,760,2338,292,315,594,0.25,2.0
B06-M07,6,30,normal,0,caster,3355,295,908,113,235,450,0.25,2.0
B06-M07,6,30,normal,1,caster,4697,354,1089,136,255,474,0.25,2.0
B06-M07,6,30,normal,2,caster,6710,442,1361,170,275,498,0.25,2.0
B06-M07,6,30,normal,3,caster,9394,546,1679,210,295,522,0.25,2.0
B06-M07,6,30,normal,4,caster,13420,678,2088,261,315,546,0.25,2.0
B06-M08,6,26,elite,0,support,5954,341,0,0,282,408,0.25,2.0
B06-M08,6,26,elite,1,support,8336,409,0,0,306,432,0.25,2.0
B06-M08,6,26,elite,2,support,11908,511,0,0,330,456,0.25,2.0
B06-M08,6,26,elite,3,support,16671,630,0,0,354,480,0.25,2.0
B06-M08,6,26,elite,4,support,23816,783,0,0,378,504,0.25,2.0
B06-M08,6,26,normal,0,support,4962,304,0,0,282,360,0.25,2.0
B06-M08,6,26,normal,1,support,6946,365,0,0,306,384,0.25,2.0
B06-M08,6,26,normal,2,support,9923,456,0,0,330,408,0.25,2.0
B06-M08,6,26,normal,3,support,13893,562,0,0,354,432,0.25,2.0
B06-M08,6,26,normal,4,support,19847,699,0,0,378,456,0.25,2.0
B06-M08,6,28,elite,0,support,6230,351,0,0,294,420,0.25,2.0
B06-M08,6,28,elite,1,support,8722,421,0,0,318,444,0.25,2.0
B06-M08,6,28,elite,2,support,12460,527,0,0,342,468,0.25,2.0
B06-M08,6,28,elite,3,support,17444,649,0,0,366,492,0.25,2.0
B06-M08,6,28,elite,4,support,24919,807,0,0,390,516,0.25,2.0
B06-M08,6,28,normal,0,support,5192,313,0,0,294,372,0.25,2.0
B06-M08,6,28,normal,1,support,7268,376,0,0,318,396,0.25,2.0
B06-M08,6,28,normal,2,support,10383,470,0,0,342,420,0.25,2.0
B06-M08,6,28,normal,3,support,14536,580,0,0,366,444,0.25,2.0
B06-M08,6,28,normal,4,support,20766,721,0,0,390,468,0.25,2.0
B06-M08,6,30,elite,0,support,6506,361,0,0,306,432,0.25,2.0
B06-M08,6,30,elite,1,support,9108,434,0,0,330,456,0.25,2.0
B06-M08,6,30,elite,2,support,13011,542,0,0,354,480,0.25,2.0
B06-M08,6,30,elite,3,support,18216,669,0,0,378,504,0.25,2.0
B06-M08,6,30,elite,4,support,26022,831,0,0,402,528,0.25,2.0
B06-M08,6,30,normal,0,support,5421,323,0,0,306,384,0.25,2.0
B06-M08,6,30,normal,1,support,7590,387,0,0,330,408,0.25,2.0
B06-M08,6,30,normal,2,support,10843,484,0,0,354,432,0.25,2.0
B06-M08,6,30,normal,3,support,15180,597,0,0,378,456,0.25,2.0
B06-M08,6,30,normal,4,support,21685,742,0,0,402,480,0.25,2.0
B06-M09,6,26,elite,0,tank,11554,341,0,0,540,371,0.25,2.0
B06-M09,6,26,elite,1,tank,16175,409,0,0,566,397,0.25,2.0
B06-M09,6,26,elite,2,tank,23107,511,0,0,592,423,0.25,2.0
B06-M09,6,26,elite,3,tank,32350,630,0,0,618,449,0.25,2.0
B06-M09,6,26,elite,4,tank,46214,783,0,0,644,475,0.25,2.0
B06-M09,6,26,normal,0,tank,9628,304,0,0,540,319,0.25,2.0
B06-M09,6,26,normal,1,tank,13479,365,0,0,566,345,0.25,2.0
B06-M09,6,26,normal,2,tank,19256,456,0,0,592,371,0.25,2.0
B06-M09,6,26,normal,3,tank,26958,562,0,0,618,397,0.25,2.0
B06-M09,6,26,normal,4,tank,38512,699,0,0,644,423,0.25,2.0
B06-M09,6,28,elite,0,tank,12089,351,0,0,553,384,0.25,2.0
B06-M09,6,28,elite,1,tank,16924,421,0,0,579,410,0.25,2.0
B06-M09,6,28,elite,2,tank,24177,527,0,0,605,436,0.25,2.0
B06-M09,6,28,elite,3,tank,33848,649,0,0,631,462,0.25,2.0
B06-M09,6,28,elite,4,tank,48355,807,0,0,657,488,0.25,2.0
B06-M09,6,28,normal,0,tank,10074,313,0,0,553,332,0.25,2.0
B06-M09,6,28,normal,1,tank,14103,376,0,0,579,358,0.25,2.0
B06-M09,6,28,normal,2,tank,20148,470,0,0,605,384,0.25,2.0
B06-M09,6,28,normal,3,tank,28207,580,0,0,631,410,0.25,2.0
B06-M09,6,28,normal,4,tank,40296,721,0,0,657,436,0.25,2.0
B06-M09,6,30,elite,0,tank,12624,361,0,0,566,397,0.25,2.0
B06-M09,6,30,elite,1,tank,17673,434,0,0,592,423,0.25,2.0
B06-M09,6,30,elite,2,tank,25248,542,0,0,618,449,0.25,2.0
B06-M09,6,30,elite,3,tank,35347,669,0,0,644,475,0.25,2.0
B06-M09,6,30,elite,4,tank,50495,831,0,0,670,501,0.25,2.0
B06-M09,6,30,normal,0,tank,10520,323,0,0,566,345,0.25,2.0
B06-M09,6,30,normal,1,tank,14728,387,0,0,592,371,0.25,2.0
B06-M09,6,30,normal,2,tank,21040,484,0,0,618,397,0.25,2.0
B06-M09,6,30,normal,3,tank,29456,597,0,0,644,423,0.25,2.0
B06-M09,6,30,normal,4,tank,42079,742,0,0,670,449,0.25,2.0
B06-M10,6,26,elite,0,caster,3685,311,958,120,215,474,0.25,2.0
B06-M10,6,26,elite,1,caster,5159,373,1149,144,235,498,0.25,2.0
B06-M10,6,26,elite,2,caster,7369,467,1436,180,255,522,0.25,2.0
B06-M10,6,26,elite,3,caster,10317,576,1772,221,275,546,0.25,2.0
B06-M10,6,26,elite,4,caster,14739,716,2203,275,295,570,0.25,2.0
B06-M10,6,26,normal,0,caster,3071,278,855,107,215,426,0.25,2.0
B06-M10,6,26,normal,1,caster,4299,333,1026,128,235,450,0.25,2.0
B06-M10,6,26,normal,2,caster,6141,417,1283,160,255,474,0.25,2.0
B06-M10,6,26,normal,3,caster,8598,514,1582,198,275,498,0.25,2.0
B06-M10,6,26,normal,4,caster,12282,639,1967,246,295,522,0.25,2.0
B06-M10,6,28,elite,0,caster,3855,321,987,123,225,486,0.25,2.0
B06-M10,6,28,elite,1,caster,5398,385,1185,148,245,510,0.25,2.0
B06-M10,6,28,elite,2,caster,7711,481,1481,185,265,534,0.25,2.0
B06-M10,6,28,elite,3,caster,10795,593,1826,228,285,558,0.25,2.0
B06-M10,6,28,elite,4,caster,15422,738,2270,284,305,582,0.25,2.0
B06-M10,6,28,normal,0,caster,3213,286,881,110,225,438,0.25,2.0
B06-M10,6,28,normal,1,caster,4498,344,1058,132,245,462,0.25,2.0
B06-M10,6,28,normal,2,caster,6426,430,1322,165,265,486,0.25,2.0
B06-M10,6,28,normal,3,caster,8996,530,1630,204,285,510,0.25,2.0
B06-M10,6,28,normal,4,caster,12851,659,2027,253,305,534,0.25,2.0
B06-M10,6,30,elite,0,caster,4026,330,1017,127,235,498,0.25,2.0
B06-M10,6,30,elite,1,caster,5636,396,1220,152,255,522,0.25,2.0
B06-M10,6,30,elite,2,caster,8052,496,1525,191,275,546,0.25,2.0
B06-M10,6,30,elite,3,caster,11273,611,1881,235,295,570,0.25,2.0
B06-M10,6,30,elite,4,caster,16104,760,2338,292,315,594,0.25,2.0
B06-M10,6,30,normal,0,caster,3355,295,908,113,235,450,0.25,2.0
B06-M10,6,30,normal,1,caster,4697,354,1089,136,255,474,0.25,2.0
B06-M10,6,30,normal,2,caster,6710,442,1361,170,275,498,0.25,2.0
B06-M10,6,30,normal,3,caster,9394,546,1679,210,295,522,0.25,2.0
B06-M10,6,30,normal,4,caster,13420,678,2088,261,315,546,0.25,2.0
B06-M11,6,26,elite,0,warrior,7683,715,0,0,305,339,0.25,2.0
B06-M11,6,26,elite,1,warrior,10756,859,0,0,325,362,0.25,2.0
B06-M11,6,26,elite,2,warrior,15365,1073,0,0,345,385,0.25,2.0
B06-M11,6,26,elite,3,warrior,21512,1324,0,0,365,408,0.25,2.0
B06-M11,6,26,elite,4,warrior,30731,1646,0,0,385,431,0.25,2.0
B06-M11,6,26,normal,0,warrior,6402,639,0,0,305,293,0.25,2.0
B06-M11,6,26,normal,1,warrior,8963,767,0,0,325,316,0.25,2.0
B06-M11,6,26,normal,2,warrior,12804,958,0,0,345,339,0.25,2.0
B06-M11,6,26,normal,3,warrior,17926,1182,0,0,365,362,0.25,2.0
B06-M11,6,26,normal,4,warrior,25609,1469,0,0,385,385,0.25,2.0
B06-M11,6,28,elite,0,warrior,8039,737,0,0,315,351,0.25,2.0
B06-M11,6,28,elite,1,warrior,11254,885,0,0,335,374,0.25,2.0
B06-M11,6,28,elite,2,warrior,16077,1106,0,0,355,397,0.25,2.0
B06-M11,6,28,elite,3,warrior,22508,1364,0,0,375,420,0.25,2.0
B06-M11,6,28,elite,4,warrior,32154,1696,0,0,395,443,0.25,2.0
B06-M11,6,28,normal,0,warrior,6699,658,0,0,315,305,0.25,2.0
B06-M11,6,28,normal,1,warrior,9378,790,0,0,335,328,0.25,2.0
B06-M11,6,28,normal,2,warrior,13398,988,0,0,355,351,0.25,2.0
B06-M11,6,28,normal,3,warrior,18757,1218,0,0,375,374,0.25,2.0
B06-M11,6,28,normal,4,warrior,26795,1514,0,0,395,397,0.25,2.0
B06-M11,6,30,elite,0,warrior,8394,760,0,0,325,362,0.25,2.0
B06-M11,6,30,elite,1,warrior,11752,911,0,0,345,385,0.25,2.0
B06-M11,6,30,elite,2,warrior,16789,1139,0,0,365,408,0.25,2.0
B06-M11,6,30,elite,3,warrior,23504,1405,0,0,385,431,0.25,2.0
B06-M11,6,30,elite,4,warrior,33577,1747,0,0,405,454,0.25,2.0
B06-M11,6,30,normal,0,warrior,6995,678,0,0,325,316,0.25,2.0
B06-M11,6,30,normal,1,warrior,9793,814,0,0,345,339,0.25,2.0
B06-M11,6,30,normal,2,warrior,13991,1017,0,0,365,362,0.25,2.0
B06-M11,6,30,normal,3,warrior,19587,1255,0,0,385,385,0.25,2.0
B06-M11,6,30,normal,4,warrior,27981,1560,0,0,405,408,0.25,2.0
B06-M12,6,26,elite,0,ranged,5023,827,0,0,275,285,0.35,2.25
B06-M12,6,26,elite,1,ranged,7033,993,0,0,295,305,0.35,2.25
B06-M12,6,26,elite,2,ranged,10047,1241,0,0,315,325,0.35,2.25
B06-M12,6,26,elite,3,ranged,14065,1530,0,0,335,345,0.35,2.25
B06-M12,6,26,elite,4,ranged,20093,1903,0,0,355,365,0.35,2.25
B06-M12,6,26,normal,0,ranged,4186,739,0,0,275,245,0.35,2.25
B06-M12,6,26,normal,1,ranged,5861,886,0,0,295,265,0.35,2.25
B06-M12,6,26,normal,2,ranged,8372,1108,0,0,315,285,0.35,2.25
B06-M12,6,26,normal,3,ranged,11721,1366,0,0,335,305,0.35,2.25
B06-M12,6,26,normal,4,ranged,16744,1699,0,0,355,325,0.35,2.25
B06-M12,6,28,elite,0,ranged,5256,853,0,0,285,295,0.35,2.25
B06-M12,6,28,elite,1,ranged,7358,1023,0,0,305,315,0.35,2.25
B06-M12,6,28,elite,2,ranged,10512,1279,0,0,325,335,0.35,2.25
B06-M12,6,28,elite,3,ranged,14717,1578,0,0,345,355,0.35,2.25
B06-M12,6,28,elite,4,ranged,21024,1961,0,0,365,375,0.35,2.25
B06-M12,6,28,normal,0,ranged,4380,761,0,0,285,255,0.35,2.25
B06-M12,6,28,normal,1,ranged,6132,914,0,0,305,275,0.35,2.25
B06-M12,6,28,normal,2,ranged,8760,1142,0,0,325,295,0.35,2.25
B06-M12,6,28,normal,3,ranged,12264,1409,0,0,345,315,0.35,2.25
B06-M12,6,28,normal,4,ranged,17520,1751,0,0,365,335,0.35,2.25
B06-M12,6,30,elite,0,ranged,5489,878,0,0,295,305,0.35,2.25
B06-M12,6,30,elite,1,ranged,7684,1054,0,0,315,325,0.35,2.25
B06-M12,6,30,elite,2,ranged,10977,1317,0,0,335,345,0.35,2.25
B06-M12,6,30,elite,3,ranged,15368,1625,0,0,355,365,0.35,2.25
B06-M12,6,30,elite,4,ranged,21954,2020,0,0,375,385,0.35,2.25
B06-M12,6,30,normal,0,ranged,4574,784,0,0,295,265,0.35,2.25
B06-M12,6,30,normal,1,ranged,6403,941,0,0,315,285,0.35,2.25
B06-M12,6,30,normal,2,ranged,9148,1176,0,0,335,305,0.35,2.25
B06-M12,6,30,normal,3,ranged,12807,1451,0,0,355,325,0.35,2.25
B06-M12,6,30,normal,4,ranged,18295,1803,0,0,375,345,0.35,2.25
B06-M13,6,26,elite,0,support,5954,341,0,0,282,408,0.25,2.0
B06-M13,6,26,elite,1,support,8336,409,0,0,306,432,0.25,2.0
B06-M13,6,26,elite,2,support,11908,511,0,0,330,456,0.25,2.0
B06-M13,6,26,elite,3,support,16671,630,0,0,354,480,0.25,2.0
B06-M13,6,26,elite,4,support,23816,783,0,0,378,504,0.25,2.0
B06-M13,6,26,normal,0,support,4962,304,0,0,282,360,0.25,2.0
B06-M13,6,26,normal,1,support,6946,365,0,0,306,384,0.25,2.0
B06-M13,6,26,normal,2,support,9923,456,0,0,330,408,0.25,2.0
B06-M13,6,26,normal,3,support,13893,562,0,0,354,432,0.25,2.0
B06-M13,6,26,normal,4,support,19847,699,0,0,378,456,0.25,2.0
B06-M13,6,28,elite,0,support,6230,351,0,0,294,420,0.25,2.0
B06-M13,6,28,elite,1,support,8722,421,0,0,318,444,0.25,2.0
B06-M13,6,28,elite,2,support,12460,527,0,0,342,468,0.25,2.0
B06-M13,6,28,elite,3,support,17444,649,0,0,366,492,0.25,2.0
B06-M13,6,28,elite,4,support,24919,807,0,0,390,516,0.25,2.0
B06-M13,6,28,normal,0,support,5192,313,0,0,294,372,0.25,2.0
B06-M13,6,28,normal,1,support,7268,376,0,0,318,396,0.25,2.0
B06-M13,6,28,normal,2,support,10383,470,0,0,342,420,0.25,2.0
B06-M13,6,28,normal,3,support,14536,580,0,0,366,444,0.25,2.0
B06-M13,6,28,normal,4,support,20766,721,0,0,390,468,0.25,2.0
B06-M13,6,30,elite,0,support,6506,361,0,0,306,432,0.25,2.0
B06-M13,6,30,elite,1,support,9108,434,0,0,330,456,0.25,2.0
B06-M13,6,30,elite,2,support,13011,542,0,0,354,480,0.25,2.0
B06-M13,6,30,elite,3,support,18216,669,0,0,378,504,0.25,2.0
B06-M13,6,30,elite,4,support,26022,831,0,0,402,528,0.25,2.0
B06-M13,6,30,normal,0,support,5421,323,0,0,306,384,0.25,2.0
B06-M13,6,30,normal,1,support,7590,387,0,0,330,408,0.25,2.0
B06-M13,6,30,normal,2,support,10843,484,0,0,354,432,0.25,2.0
B06-M13,6,30,normal,3,support,15180,597,0,0,378,456,0.25,2.0
B06-M13,6,30,normal,4,support,21685,742,0,0,402,480,0.25,2.0
B06-M14,6,26,elite,0,assassin,2128,1100,0,0,193,260,0.4,2.5
B06-M14,6,26,elite,1,assassin,2979,1320,0,0,213,280,0.4,2.5
B06-M14,6,26,elite,2,assassin,4255,1650,0,0,233,300,0.4,2.5
B06-M14,6,26,elite,3,assassin,5957,2035,0,0,253,320,0.4,2.5
B06-M14,6,26,elite,4,assassin,8510,2530,0,0,273,340,0.4,2.5
B06-M14,6,26,normal,0,assassin,1773,982,0,0,193,220,0.4,2.5
B06-M14,6,26,normal,1,assassin,2482,1179,0,0,213,240,0.4,2.5
B06-M14,6,26,normal,2,assassin,3546,1473,0,0,233,260,0.4,2.5
B06-M14,6,26,normal,3,assassin,4964,1817,0,0,253,280,0.4,2.5
B06-M14,6,26,normal,4,assassin,7092,2259,0,0,273,300,0.4,2.5
B06-M14,6,28,elite,0,assassin,2226,1134,0,0,203,270,0.4,2.5
B06-M14,6,28,elite,1,assassin,3116,1361,0,0,223,290,0.4,2.5
B06-M14,6,28,elite,2,assassin,4452,1701,0,0,243,310,0.4,2.5
B06-M14,6,28,elite,3,assassin,6233,2098,0,0,263,330,0.4,2.5
B06-M14,6,28,elite,4,assassin,8904,2608,0,0,283,350,0.4,2.5
B06-M14,6,28,normal,0,assassin,1855,1012,0,0,203,230,0.4,2.5
B06-M14,6,28,normal,1,assassin,2597,1215,0,0,223,250,0.4,2.5
B06-M14,6,28,normal,2,assassin,3710,1519,0,0,243,270,0.4,2.5
B06-M14,6,28,normal,3,assassin,5194,1873,0,0,263,290,0.4,2.5
B06-M14,6,28,normal,4,assassin,7420,2329,0,0,283,310,0.4,2.5
B06-M14,6,30,elite,0,assassin,2325,1168,0,0,213,280,0.4,2.5
B06-M14,6,30,elite,1,assassin,3254,1401,0,0,233,300,0.4,2.5
B06-M14,6,30,elite,2,assassin,4649,1752,0,0,253,320,0.4,2.5
B06-M14,6,30,elite,3,assassin,6509,2160,0,0,273,340,0.4,2.5
B06-M14,6,30,elite,4,assassin,9298,2686,0,0,293,360,0.4,2.5
B06-M14,6,30,normal,0,assassin,1937,1043,0,0,213,240,0.4,2.5
B06-M14,6,30,normal,1,assassin,2712,1251,0,0,233,260,0.4,2.5
B06-M14,6,30,normal,2,assassin,3874,1564,0,0,253,280,0.4,2.5
B06-M14,6,30,normal,3,assassin,5424,1929,0,0,273,300,0.4,2.5
B06-M14,6,30,normal,4,assassin,7749,2398,0,0,293,320,0.4,2.5
B06-M15,6,26,elite,0,tank,11554,341,0,0,540,371,0.25,2.0
B06-M15,6,26,elite,1,tank,16175,409,0,0,566,397,0.25,2.0
B06-M15,6,26,elite,2,tank,23107,511,0,0,592,423,0.25,2.0
B06-M15,6,26,elite,3,tank,32350,630,0,0,618,449,0.25,2.0
B06-M15,6,26,elite,4,tank,46214,783,0,0,644,475,0.25,2.0
B06-M15,6,26,normal,0,tank,9628,304,0,0,540,319,0.25,2.0
B06-M15,6,26,normal,1,tank,13479,365,0,0,566,345,0.25,2.0
B06-M15,6,26,normal,2,tank,19256,456,0,0,592,371,0.25,2.0
B06-M15,6,26,normal,3,tank,26958,562,0,0,618,397,0.25,2.0
B06-M15,6,26,normal,4,tank,38512,699,0,0,644,423,0.25,2.0
B06-M15,6,28,elite,0,tank,12089,351,0,0,553,384,0.25,2.0
B06-M15,6,28,elite,1,tank,16924,421,0,0,579,410,0.25,2.0
B06-M15,6,28,elite,2,tank,24177,527,0,0,605,436,0.25,2.0
B06-M15,6,28,elite,3,tank,33848,649,0,0,631,462,0.25,2.0
B06-M15,6,28,elite,4,tank,48355,807,0,0,657,488,0.25,2.0
B06-M15,6,28,normal,0,tank,10074,313,0,0,553,332,0.25,2.0
B06-M15,6,28,normal,1,tank,14103,376,0,0,579,358,0.25,2.0
B06-M15,6,28,normal,2,tank,20148,470,0,0,605,384,0.25,2.0
B06-M15,6,28,normal,3,tank,28207,580,0,0,631,410,0.25,2.0
B06-M15,6,28,normal,4,tank,40296,721,0,0,657,436,0.25,2.0
B06-M15,6,30,elite,0,tank,12624,361,0,0,566,397,0.25,2.0
B06-M15,6,30,elite,1,tank,17673,434,0,0,592,423,0.25,2.0
B06-M15,6,30,elite,2,tank,25248,542,0,0,618,449,0.25,2.0
B06-M15,6,30,elite,3,tank,35347,669,0,0,644,475,0.25,2.0
B06-M15,6,30,elite,4,tank,50495,831,0,0,670,501,0.25,2.0
B06-M15,6,30,normal,0,tank,10520,323,0,0,566,345,0.25,2.0
B06-M15,6,30,normal,1,tank,14728,387,0,0,592,371,0.25,2.0
B06-M15,6,30,normal,2,tank,21040,484,0,0,618,397,0.25,2.0
B06-M15,6,30,normal,3,tank,29456,597,0,0,644,423,0.25,2.0
B06-M15,6,30,normal,4,tank,42079,742,0,0,670,449,0.25,2.0
B06-M16,6,26,elite,0,ranged,5023,827,0,0,275,285,0.35,2.25
B06-M16,6,26,elite,1,ranged,7033,993,0,0,295,305,0.35,2.25
B06-M16,6,26,elite,2,ranged,10047,1241,0,0,315,325,0.35,2.25
B06-M16,6,26,elite,3,ranged,14065,1530,0,0,335,345,0.35,2.25
B06-M16,6,26,elite,4,ranged,20093,1903,0,0,355,365,0.35,2.25
B06-M16,6,26,normal,0,ranged,4186,739,0,0,275,245,0.35,2.25
B06-M16,6,26,normal,1,ranged,5861,886,0,0,295,265,0.35,2.25
B06-M16,6,26,normal,2,ranged,8372,1108,0,0,315,285,0.35,2.25
B06-M16,6,26,normal,3,ranged,11721,1366,0,0,335,305,0.35,2.25
B06-M16,6,26,normal,4,ranged,16744,1699,0,0,355,325,0.35,2.25
B06-M16,6,28,elite,0,ranged,5256,853,0,0,285,295,0.35,2.25
B06-M16,6,28,elite,1,ranged,7358,1023,0,0,305,315,0.35,2.25
B06-M16,6,28,elite,2,ranged,10512,1279,0,0,325,335,0.35,2.25
B06-M16,6,28,elite,3,ranged,14717,1578,0,0,345,355,0.35,2.25
B06-M16,6,28,elite,4,ranged,21024,1961,0,0,365,375,0.35,2.25
B06-M16,6,28,normal,0,ranged,4380,761,0,0,285,255,0.35,2.25
B06-M16,6,28,normal,1,ranged,6132,914,0,0,305,275,0.35,2.25
B06-M16,6,28,normal,2,ranged,8760,1142,0,0,325,295,0.35,2.25
B06-M16,6,28,normal,3,ranged,12264,1409,0,0,345,315,0.35,2.25
B06-M16,6,28,normal,4,ranged,17520,1751,0,0,365,335,0.35,2.25
B06-M16,6,30,elite,0,ranged,5489,878,0,0,295,305,0.35,2.25
B06-M16,6,30,elite,1,ranged,7684,1054,0,0,315,325,0.35,2.25
B06-M16,6,30,elite,2,ranged,10977,1317,0,0,335,345,0.35,2.25
B06-M16,6,30,elite,3,ranged,15368,1625,0,0,355,365,0.35,2.25
B06-M16,6,30,elite,4,ranged,21954,2020,0,0,375,385,0.35,2.25
B06-M16,6,30,normal,0,ranged,4574,784,0,0,295,265,0.35,2.25
B06-M16,6,30,normal,1,ranged,6403,941,0,0,315,285,0.35,2.25
B06-M16,6,30,normal,2,ranged,9148,1176,0,0,335,305,0.35,2.25
B06-M16,6,30,normal,3,ranged,12807,1451,0,0,355,325,0.35,2.25
B06-M16,6,30,normal,4,ranged,18295,1803,0,0,375,345,0.35,2.25
B06-M17,6,26,elite,0,tank,11554,341,0,0,540,371,0.25,2.0
B06-M17,6,26,elite,1,tank,16175,409,0,0,566,397,0.25,2.0
B06-M17,6,26,elite,2,tank,23107,511,0,0,592,423,0.25,2.0
B06-M17,6,26,elite,3,tank,32350,630,0,0,618,449,0.25,2.0
B06-M17,6,26,elite,4,tank,46214,783,0,0,644,475,0.25,2.0
B06-M17,6,26,normal,0,tank,9628,304,0,0,540,319,0.25,2.0
B06-M17,6,26,normal,1,tank,13479,365,0,0,566,345,0.25,2.0
B06-M17,6,26,normal,2,tank,19256,456,0,0,592,371,0.25,2.0
B06-M17,6,26,normal,3,tank,26958,562,0,0,618,397,0.25,2.0
B06-M17,6,26,normal,4,tank,38512,699,0,0,644,423,0.25,2.0
B06-M17,6,28,elite,0,tank,12089,351,0,0,553,384,0.25,2.0
B06-M17,6,28,elite,1,tank,16924,421,0,0,579,410,0.25,2.0
B06-M17,6,28,elite,2,tank,24177,527,0,0,605,436,0.25,2.0
B06-M17,6,28,elite,3,tank,33848,649,0,0,631,462,0.25,2.0
B06-M17,6,28,elite,4,tank,48355,807,0,0,657,488,0.25,2.0
B06-M17,6,28,normal,0,tank,10074,313,0,0,553,332,0.25,2.0
B06-M17,6,28,normal,1,tank,14103,376,0,0,579,358,0.25,2.0
B06-M17,6,28,normal,2,tank,20148,470,0,0,605,384,0.25,2.0
B06-M17,6,28,normal,3,tank,28207,580,0,0,631,410,0.25,2.0
B06-M17,6,28,normal,4,tank,40296,721,0,0,657,436,0.25,2.0
B06-M17,6,30,elite,0,tank,12624,361,0,0,566,397,0.25,2.0
B06-M17,6,30,elite,1,tank,17673,434,0,0,592,423,0.25,2.0
B06-M17,6,30,elite,2,tank,25248,542,0,0,618,449,0.25,2.0
B06-M17,6,30,elite,3,tank,35347,669,0,0,644,475,0.25,2.0
B06-M17,6,30,elite,4,tank,50495,831,0,0,670,501,0.25,2.0
B06-M17,6,30,normal,0,tank,10520,323,0,0,566,345,0.25,2.0
B06-M17,6,30,normal,1,tank,14728,387,0,0,592,371,0.25,2.0
B06-M17,6,30,normal,2,tank,21040,484,0,0,618,397,0.25,2.0
B06-M17,6,30,normal,3,tank,29456,597,0,0,644,423,0.25,2.0
B06-M17,6,30,normal,4,tank,42079,742,0,0,670,449,0.25,2.0
B06-M18,6,26,elite,0,support,5954,341,0,0,282,408,0.25,2.0
B06-M18,6,26,elite,1,support,8336,409,0,0,306,432,0.25,2.0
B06-M18,6,26,elite,2,support,11908,511,0,0,330,456,0.25,2.0
B06-M18,6,26,elite,3,support,16671,630,0,0,354,480,0.25,2.0
B06-M18,6,26,elite,4,support,23816,783,0,0,378,504,0.25,2.0
B06-M18,6,26,normal,0,support,4962,304,0,0,282,360,0.25,2.0
B06-M18,6,26,normal,1,support,6946,365,0,0,306,384,0.25,2.0
B06-M18,6,26,normal,2,support,9923,456,0,0,330,408,0.25,2.0
B06-M18,6,26,normal,3,support,13893,562,0,0,354,432,0.25,2.0
B06-M18,6,26,normal,4,support,19847,699,0,0,378,456,0.25,2.0
B06-M18,6,28,elite,0,support,6230,351,0,0,294,420,0.25,2.0
B06-M18,6,28,elite,1,support,8722,421,0,0,318,444,0.25,2.0
B06-M18,6,28,elite,2,support,12460,527,0,0,342,468,0.25,2.0
B06-M18,6,28,elite,3,support,17444,649,0,0,366,492,0.25,2.0
B06-M18,6,28,elite,4,support,24919,807,0,0,390,516,0.25,2.0
B06-M18,6,28,normal,0,support,5192,313,0,0,294,372,0.25,2.0
B06-M18,6,28,normal,1,support,7268,376,0,0,318,396,0.25,2.0
B06-M18,6,28,normal,2,support,10383,470,0,0,342,420,0.25,2.0
B06-M18,6,28,normal,3,support,14536,580,0,0,366,444,0.25,2.0
B06-M18,6,28,normal,4,support,20766,721,0,0,390,468,0.25,2.0
B06-M18,6,30,elite,0,support,6506,361,0,0,306,432,0.25,2.0
B06-M18,6,30,elite,1,support,9108,434,0,0,330,456,0.25,2.0
B06-M18,6,30,elite,2,support,13011,542,0,0,354,480,0.25,2.0
B06-M18,6,30,elite,3,support,18216,669,0,0,378,504,0.25,2.0
B06-M18,6,30,elite,4,support,26022,831,0,0,402,528,0.25,2.0
B06-M18,6,30,normal,0,support,5421,323,0,0,306,384,0.25,2.0
B06-M18,6,30,normal,1,support,7590,387,0,0,330,408,0.25,2.0
B06-M18,6,30,normal,2,support,10843,484,0,0,354,432,0.25,2.0
B06-M18,6,30,normal,3,support,15180,597,0,0,378,456,0.25,2.0
B06-M18,6,30,normal,4,support,21685,742,0,0,402,480,0.25,2.0
BO06,6,30,boss,0,boss,45649,491,0,0,280,280,0.25,2.0
BO06,6,30,boss,1,boss,63909,590,0,0,310,310,0.25,2.0
BO06,6,30,boss,2,boss,91298,737,0,0,340,340,0.25,2.0
BO06,6,30,boss,3,boss,127817,909,0,0,370,370,0.25,2.0
BO06,6,30,boss,4,boss,182596,1130,0,0,400,400,0.25,2.0
